Tree,Species,Direction,Cover.Class,Notes
266,Buckthorn,N,0,
266,Multiflora rose,N,0,
266,Honeysuckle,N,0,
266,Privot,N,0,
266,Spicebush,N,0,
266,Rubus,N,0,
266,Mapleleaf Viburnum,N,0,
266,Buckthorn,S,0,
266,Multiflora rose,S,0,
266,Honeysuckle,S,0,
266,Privot,S,0,
266,Spicebush,S,0,
266,Rubus,S,0,
266,Mapleleaf Viburnum,S,0,
401,Buckthorn,N,0,
401,Multiflora rose,N,0,
401,Honeysuckle,N,0,
401,Privot,N,0,
401,Spicebush,N,0,
401,Rubus,N,0,
401,Mapleleaf Viburnum,N,0,
401,Buckthorn,S,0,
401,Multiflora rose,S,0,
401,Honeysuckle,S,0,
401,Privot,S,0,
401,Spicebush,S,0,
401,Rubus,S,0,
401,Mapleleaf Viburnum,S,0,
100,Buckthorn,N,0,
100,Multiflora rose,N,0,
100,Honeysuckle,N,0,
100,Privot,N,0,
100,Spicebush,N,0,
100,Rubus,N,0,
100,Mapleleaf Viburnum,N,0,
100,Buckthorn,S,0,
100,Multiflora rose,S,0,
100,Honeysuckle,S,0,
100,Privot,S,0,
100,Spicebush,S,0,
100,Rubus,S,0,
100,Mapleleaf Viburnum,S,0,
262,Buckthorn,N,0,
262,Multiflora rose,N,0,
262,Honeysuckle,N,0,
262,Privot,N,0,
262,Spicebush,N,0,
262,Rubus,N,0,
262,Mapleleaf Viburnum,N,0,
262,Buckthorn,S,0,
262,Multiflora rose,S,0,
262,Honeysuckle,S,0,
262,Privot,S,0,
262,Spicebush,S,0,
262,Rubus,S,0,
262,Mapleleaf Viburnum,S,0,
135,Buckthorn,N,0,
135,Multiflora rose,N,0,
135,Honeysuckle,N,0,
135,Privot,N,0,
135,Spicebush,N,0,
135,Rubus,N,0,
135,Mapleleaf Viburnum,N,0,
135,Buckthorn,S,0,
135,Multiflora rose,S,0,
135,Honeysuckle,S,0,
135,Privot,S,0,
135,Spicebush,S,0,
135,Rubus,S,0,
135,Mapleleaf Viburnum,S,0,
111,Buckthorn,N,0,
111,Multiflora rose,N,0,
111,Honeysuckle,N,0,
111,Privot,N,0,
111,Spicebush,N,0,
111,Rubus,N,0,
111,Mapleleaf Viburnum,N,0,
111,Buckthorn,S,0,
111,Multiflora rose,S,1,
111,Honeysuckle,S,0,
111,Privot,S,1,
111,Spicebush,S,0,
111,Rubus,S,1,
111,Mapleleaf Viburnum,S,0,
238,Buckthorn,N,1,
238,Multiflora rose,N,4,
238,Honeysuckle,N,0,
238,Privot,N,0,
238,Spicebush,N,0,
238,Rubus,N,1,
238,Mapleleaf Viburnum,N,0,
238,Buckthorn,S,1,
238,Multiflora rose,S,4,
238,Honeysuckle,S,0,
238,Privot,S,0,
238,Spicebush,S,0,
238,Rubus,S,1,
238,Mapleleaf Viburnum,S,0,
237,Buckthorn,N,1,
237,Multiflora rose,N,3,
237,Honeysuckle,N,0,
237,Privot,N,0,
237,Spicebush,N,0,
237,Rubus,N,0,
237,Mapleleaf Viburnum,N,1,
237,Buckthorn,S,1,
237,Multiflora rose,S,5,
237,Honeysuckle,S,0,
237,Privot,S,0,
237,Spicebush,S,0,
237,Rubus,S,1,
237,Mapleleaf Viburnum,S,0,
242,Buckthorn,N,1,
242,Multiflora rose,N,4,
242,Honeysuckle,N,0,
242,Privot,N,0,
242,Spicebush,N,0,
242,Rubus,N,1,
242,Mapleleaf Viburnum,N,0,
242,Buckthorn,S,1,
242,Multiflora rose,S,4,
242,Honeysuckle,S,0,
242,Privot,S,0,
242,Spicebush,S,0,
242,Rubus,S,0,
242,Mapleleaf Viburnum,S,0,
239,Buckthorn,N,1,
239,Multiflora rose,N,5,
239,Honeysuckle,N,0,
239,Privot,N,0,
239,Spicebush,N,0,
239,Rubus,N,1,
239,Mapleleaf Viburnum,N,0,
239,Buckthorn,S,1,
239,Multiflora rose,S,4,
239,Honeysuckle,S,0,
239,Privot,S,0,
239,Spicebush,S,0,
239,Rubus,S,1,
239,Mapleleaf Viburnum,S,0,
240,Buckthorn,N,1,
240,Multiflora rose,N,5,
240,Honeysuckle,N,0,
240,Privot,N,0,
240,Spicebush,N,0,
240,Rubus,N,1,
240,Mapleleaf Viburnum,N,0,
240,Buckthorn,S,1,
240,Multiflora rose,S,4,
240,Honeysuckle,S,0,
240,Privot,S,0,
240,Spicebush,S,0,
240,Rubus,S,1,
240,Mapleleaf Viburnum,S,0,
247,Buckthorn,N,0,
247,Multiflora rose,N,5,
247,Honeysuckle,N,1,
247,Privot,N,1,
247,Spicebush,N,0,
247,Rubus,N,1,
247,Mapleleaf Viburnum,N,0,
247,Buckthorn,S,1,
247,Multiflora rose,S,5,
247,Honeysuckle,S,0,
247,Privot,S,1,
247,Spicebush,S,0,
247,Rubus,S,1,
247,Mapleleaf Viburnum,S,0,
91,Buckthorn,N,1,
91,Multiflora rose,N,0,
91,Honeysuckle,N,0,
91,Privot,N,0,
91,Spicebush,N,0,
91,Rubus,N,0,
91,Mapleleaf Viburnum,N,0,
91,Buckthorn,S,1,
91,Multiflora rose,S,1,
91,Honeysuckle,S,0,
91,Privot,S,0,
91,Spicebush,S,0,
91,Rubus,S,0,
91,Mapleleaf Viburnum,S,0,
234,Buckthorn,N,1,
234,Multiflora rose,N,5,
234,Honeysuckle,N,0,
234,Privot,N,0,
234,Spicebush,N,0,
234,Rubus,N,1,
234,Mapleleaf Viburnum,N,0,
234,Buckthorn,S,1,
234,Multiflora rose,S,3,
234,Honeysuckle,S,0,
234,Privot,S,0,
234,Spicebush,S,0,
234,Rubus,S,1,
234,Mapleleaf Viburnum,S,0,
109,Buckthorn,N,1,
109,Multiflora rose,N,3,
109,Honeysuckle,N,0,
109,Privot,N,2,
109,Spicebush,N,0,
109,Rubus,N,1,
109,Mapleleaf Viburnum,N,0,
109,Buckthorn,S,1,
109,Multiflora rose,S,4,
109,Honeysuckle,S,0,
109,Privot,S,1,
109,Spicebush,S,0,
109,Rubus,S,1,
109,Mapleleaf Viburnum,S,0,
90,Buckthorn,N,0,
90,Multiflora rose,N,1,
90,Honeysuckle,N,0,
90,Privot,N,0,
90,Spicebush,N,0,
90,Rubus,N,0,
90,Mapleleaf Viburnum,N,0,
90,Buckthorn,S,0,
90,Multiflora rose,S,0,
90,Honeysuckle,S,0,
90,Privot,S,0,
90,Spicebush,S,0,
90,Rubus,S,0,
90,Mapleleaf Viburnum,S,0,
133,Buckthorn,N,1,
133,Multiflora rose,N,4,
133,Honeysuckle,N,1,
133,Privot,N,0,
133,Spicebush,N,0,
133,Rubus,N,1,
133,Mapleleaf Viburnum,N,0,
133,Buckthorn,S,1,
133,Multiflora rose,S,4,
133,Honeysuckle,S,0,
133,Privot,S,0,
133,Spicebush,S,0,
133,Rubus,S,1,
133,Mapleleaf Viburnum,S,0,
117,Buckthorn,N,1,
117,Multiflora rose,N,4,
117,Honeysuckle,N,0,
117,Privot,N,0,
117,Spicebush,N,0,
117,Rubus,N,1,
117,Mapleleaf Viburnum,N,0,
117,Buckthorn,S,1,
117,Multiflora rose,S,3,
117,Honeysuckle,S,0,
117,Privot,S,0,
117,Spicebush,S,0,
117,Rubus,S,1,
117,Mapleleaf Viburnum,S,0,
102,Buckthorn,N,1,
102,Multiflora rose,N,5,
102,Honeysuckle,N,0,
102,Privot,N,0,
102,Spicebush,N,0,
102,Rubus,N,1,
102,Mapleleaf Viburnum,N,0,
102,Buckthorn,S,0,
102,Multiflora rose,S,3,
102,Honeysuckle,S,1,
102,Privot,S,0,
102,Spicebush,S,0,
102,Rubus,S,0,
102,Mapleleaf Viburnum,S,0,
143,Buckthorn,N,1,
143,Multiflora rose,N,3,
143,Honeysuckle,N,1,
143,Privot,N,0,
143,Spicebush,N,0,
143,Rubus,N,1,
143,Mapleleaf Viburnum,N,0,
143,Buckthorn,S,1,
143,Multiflora rose,S,4,
143,Honeysuckle,S,0,
143,Privot,S,0,
143,Spicebush,S,0,
143,Rubus,S,1,
143,Mapleleaf Viburnum,S,0,
246,Buckthorn,N,1,
246,Multiflora rose,N,5,
246,Honeysuckle,N,0,
246,Privot,N,0,
246,Spicebush,N,0,
246,Rubus,N,1,
246,Mapleleaf Viburnum,N,0,
246,Buckthorn,S,1,
246,Multiflora rose,S,5,
246,Honeysuckle,S,1,
246,Privot,S,0,
246,Spicebush,S,0,
246,Rubus,S,1,
246,Mapleleaf Viburnum,S,0,
105,Buckthorn,N,1,
105,Multiflora rose,N,4,
105,Honeysuckle,N,0,
105,Privot,N,0,
105,Spicebush,N,0,
105,Rubus,N,1,
105,Mapleleaf Viburnum,N,0,
105,Buckthorn,S,1,
105,Multiflora rose,S,5,
105,Honeysuckle,S,0,
105,Privot,S,0,
105,Spicebush,S,0,
105,Rubus,S,1,
105,Mapleleaf Viburnum,S,0,
108,Buckthorn,N,0,
108,Multiflora rose,N,5,
108,Honeysuckle,N,0,
108,Privot,N,0,
108,Spicebush,N,0,
108,Rubus,N,1,
108,Mapleleaf Viburnum,N,1,
108,Buckthorn,S,0,
108,Multiflora rose,S,6,
108,Honeysuckle,S,1,
108,Privot,S,0,
108,Spicebush,S,0,
108,Rubus,S,1,
108,Mapleleaf Viburnum,S,0,
249,Buckthorn,N,1,
249,Multiflora rose,N,4,
249,Honeysuckle,N,1,
249,Privot,N,0,
249,Spicebush,N,0,
249,Rubus,N,1,
249,Mapleleaf Viburnum,N,0,
249,Buckthorn,S,1,
249,Multiflora rose,S,4,
249,Honeysuckle,S,2,
249,Privot,S,0,
249,Spicebush,S,0,
249,Rubus,S,1,
249,Mapleleaf Viburnum,S,0,
231,Buckthorn,N,1,
231,Multiflora rose,N,4,
231,Honeysuckle,N,3,
231,Privot,N,0,
231,Spicebush,N,0,
231,Rubus,N,0,
231,Mapleleaf Viburnum,N,0,
231,Buckthorn,S,1,
231,Multiflora rose,S,5,
231,Honeysuckle,S,2,
231,Privot,S,0,
231,Spicebush,S,0,
231,Rubus,S,0,
231,Mapleleaf Viburnum,S,0,
107,Buckthorn,N,1,
107,Multiflora rose,N,4,
107,Honeysuckle,N,2,
107,Privot,N,0,
107,Spicebush,N,0,
107,Rubus,N,1,
107,Mapleleaf Viburnum,N,0,
107,Buckthorn,S,1,
107,Multiflora rose,S,3,
107,Honeysuckle,S,0,
107,Privot,S,0,
107,Spicebush,S,0,
107,Rubus,S,1,
107,Mapleleaf Viburnum,S,0,
233,Buckthorn,N,1,
233,Multiflora rose,N,4,
233,Honeysuckle,N,1,
233,Privot,N,0,
233,Spicebush,N,0,
233,Rubus,N,1,
233,Mapleleaf Viburnum,N,0,
233,Buckthorn,S,1,
233,Multiflora rose,S,3,
233,Honeysuckle,S,0,
233,Privot,S,0,
233,Spicebush,S,0,
233,Rubus,S,1,
233,Mapleleaf Viburnum,S,0,
106,Buckthorn,N,1,
106,Multiflora rose,N,5,
106,Honeysuckle,N,0,
106,Privot,N,0,
106,Spicebush,N,0,
106,Rubus,N,1,
106,Mapleleaf Viburnum,N,0,
106,Buckthorn,S,1,
106,Multiflora rose,S,6,
106,Honeysuckle,S,0,
106,Privot,S,0,
106,Spicebush,S,0,
106,Rubus,S,1,
106,Mapleleaf Viburnum,S,0,
165,Buckthorn,N,1,
165,Multiflora rose,N,3,
165,Honeysuckle,N,0,
165,Privot,N,0,
165,Spicebush,N,0,
165,Rubus,N,1,
165,Mapleleaf Viburnum,N,0,
165,Buckthorn,S,1,
165,Multiflora rose,S,4,
165,Honeysuckle,S,0,
165,Privot,S,0,
165,Spicebush,S,0,
165,Rubus,S,1,
165,Mapleleaf Viburnum,S,0,
104,Buckthorn,N,1,
104,Multiflora rose,N,2,
104,Honeysuckle,N,0,
104,Privot,N,0,
104,Spicebush,N,0,
104,Rubus,N,1,
104,Mapleleaf Viburnum,N,0,
104,Buckthorn,S,1,
104,Multiflora rose,S,3,
104,Honeysuckle,S,0,
104,Privot,S,0,
104,Spicebush,S,0,
104,Rubus,S,1,
104,Mapleleaf Viburnum,S,0,
229,Buckthorn,N,1,
229,Multiflora rose,N,3,
229,Honeysuckle,N,0,
229,Privot,N,0,
229,Spicebush,N,0,
229,Rubus,N,1,
229,Mapleleaf Viburnum,N,0,
229,Buckthorn,S,1,
229,Multiflora rose,S,3,
229,Honeysuckle,S,0,
229,Privot,S,0,
229,Spicebush,S,0,
229,Rubus,S,1,
229,Mapleleaf Viburnum,S,0,
103,Buckthorn,N,1,
103,Multiflora rose,N,4,
103,Honeysuckle,N,0,
103,Privot,N,0,
103,Spicebush,N,0,
103,Rubus,N,1,
103,Mapleleaf Viburnum,N,0,
103,Buckthorn,S,1,
103,Multiflora rose,S,3,
103,Honeysuckle,S,0,
103,Privot,S,0,
103,Spicebush,S,0,
103,Rubus,S,1,
103,Mapleleaf Viburnum,S,0,
112,Buckthorn,N,1,
112,Multiflora rose,N,4,
112,Honeysuckle,N,0,
112,Privot,N,0,
112,Spicebush,N,0,
112,Rubus,N,1,
112,Mapleleaf Viburnum,N,0,
112,Buckthorn,S,1,
112,Multiflora rose,S,3,
112,Honeysuckle,S,0,
112,Privot,S,0,
112,Spicebush,S,0,
112,Rubus,S,1,
112,Mapleleaf Viburnum,S,0,
125,Buckthorn,N,1,
125,Multiflora rose,N,4,
125,Honeysuckle,N,0,
125,Privot,N,0,
125,Spicebush,N,0,
125,Rubus,N,1,
125,Mapleleaf Viburnum,N,0,
125,Buckthorn,S,1,
125,Multiflora rose,S,3,
125,Honeysuckle,S,0,
125,Privot,S,0,
125,Spicebush,S,0,
125,Rubus,S,1,
125,Mapleleaf Viburnum,S,0,
115,Buckthorn,N,1,
115,Multiflora rose,N,0,
115,Honeysuckle,N,0,
115,Privot,N,0,
115,Spicebush,N,0,
115,Rubus,N,0,
115,Mapleleaf Viburnum,N,1,
115,Buckthorn,S,1,
115,Multiflora rose,S,0,
115,Honeysuckle,S,0,
115,Privot,S,0,
115,Spicebush,S,0,
115,Rubus,S,0,
115,Mapleleaf Viburnum,S,1,
120,Buckthorn,N,1,
120,Multiflora rose,N,2,
120,Honeysuckle,N,0,
120,Privot,N,0,
120,Spicebush,N,0,
120,Rubus,N,1,
120,Mapleleaf Viburnum,N,0,
120,Buckthorn,S,1,
120,Multiflora rose,S,4,
120,Honeysuckle,S,1,
120,Privot,S,0,
120,Spicebush,S,0,
120,Rubus,S,1,
120,Mapleleaf Viburnum,S,0,
114,Buckthorn,N,1,
114,Multiflora rose,N,2,
114,Honeysuckle,N,0,
114,Privot,N,0,
114,Spicebush,N,0,
114,Rubus,N,1,
114,Mapleleaf Viburnum,N,1,
114,Buckthorn,S,1,
114,Multiflora rose,S,2,
114,Honeysuckle,S,0,
114,Privot,S,0,
114,Spicebush,S,0,
114,Rubus,S,1,
114,Mapleleaf Viburnum,S,0,
236,Buckthorn,N,1,
236,Multiflora rose,N,5,
236,Honeysuckle,N,0,
236,Privot,N,1,
236,Spicebush,N,0,
236,Rubus,N,1,
236,Mapleleaf Viburnum,N,0,
236,Buckthorn,S,1,
236,Multiflora rose,S,3,
236,Honeysuckle,S,0,
236,Privot,S,1,
236,Spicebush,S,0,
236,Rubus,S,1,
236,Mapleleaf Viburnum,S,0,
119,Buckthorn,N,1,
119,Multiflora rose,N,2,
119,Honeysuckle,N,1,
119,Privot,N,0,
119,Spicebush,N,0,
119,Rubus,N,1,
119,Mapleleaf Viburnum,N,0,
119,Buckthorn,S,1,
119,Multiflora rose,S,2,
119,Honeysuckle,S,1,
119,Privot,S,0,
119,Spicebush,S,0,
119,Rubus,S,1,
119,Mapleleaf Viburnum,S,0,
118,Buckthorn,N,0,
118,Multiflora rose,N,3,
118,Honeysuckle,N,0,
118,Privot,N,0,
118,Spicebush,N,0,
118,Rubus,N,1,
118,Mapleleaf Viburnum,N,0,
118,Buckthorn,S,0,
118,Multiflora rose,S,1,
118,Honeysuckle,S,0,
118,Privot,S,0,
118,Spicebush,S,0,
118,Rubus,S,1,
118,Mapleleaf Viburnum,S,0,
232,Buckthorn,N,1,
232,Multiflora rose,N,1,
232,Honeysuckle,N,0,
232,Privot,N,0,
232,Spicebush,N,0,
232,Rubus,N,1,
232,Mapleleaf Viburnum,N,0,
232,Buckthorn,S,1,
232,Multiflora rose,S,1,
232,Honeysuckle,S,0,
232,Privot,S,1,
232,Spicebush,S,0,
232,Rubus,S,1,
232,Mapleleaf Viburnum,S,0,
405,Buckthorn,N,0,
405,Multiflora rose,N,0,
405,Honeysuckle,N,0,
405,Privot,N,0,
405,Spicebush,N,0,
405,Rubus,N,0,
405,Mapleleaf Viburnum,N,0,
405,Buckthorn,S,0,
405,Multiflora rose,S,0,
405,Honeysuckle,S,0,
405,Privot,S,0,
405,Spicebush,S,0,
405,Rubus,S,0,
405,Mapleleaf Viburnum,S,0,
406,Buckthorn,N,0,
406,Multiflora rose,N,0,
406,Honeysuckle,N,0,
406,Privot,N,0,
406,Spicebush,N,0,
406,Rubus,N,0,
406,Mapleleaf Viburnum,N,0,
406,Buckthorn,S,0,
406,Multiflora rose,S,0,
406,Honeysuckle,S,0,
406,Privot,S,0,
406,Spicebush,S,0,
406,Rubus,S,0,
406,Mapleleaf Viburnum,S,0,
228,Buckthorn,N,1,
228,Multiflora rose,N,3,
228,Honeysuckle,N,0,
228,Privot,N,0,
228,Spicebush,N,0,
228,Rubus,N,0,
228,Mapleleaf Viburnum,N,0,
228,Buckthorn,S,1,
228,Multiflora rose,S,1,
228,Honeysuckle,S,0,
228,Privot,S,0,
228,Spicebush,S,0,
228,Rubus,S,1,
228,Mapleleaf Viburnum,S,1,
81,Buckthorn,N,1,
81,Multiflora rose,N,0,
81,Honeysuckle,N,0,
81,Privot,N,0,
81,Spicebush,N,0,
81,Rubus,N,0,
81,Mapleleaf Viburnum,N,1,
81,Buckthorn,S,0,
81,Multiflora rose,S,0,
81,Honeysuckle,S,0,
81,Privot,S,0,
81,Spicebush,S,0,
81,Rubus,S,0,
81,Mapleleaf Viburnum,S,1,
98,Buckthorn,N,1,
98,Multiflora rose,N,1,
98,Honeysuckle,N,0,
98,Privot,N,0,
98,Spicebush,N,0,
98,Rubus,N,1,
98,Mapleleaf Viburnum,N,0,
98,Buckthorn,S,1,
98,Multiflora rose,S,1,
98,Honeysuckle,S,0,
98,Privot,S,0,
98,Spicebush,S,0,
98,Rubus,S,1,
98,Mapleleaf Viburnum,S,0,
97,Buckthorn,N,1,
97,Multiflora rose,N,2,
97,Honeysuckle,N,0,
97,Privot,N,0,
97,Spicebush,N,0,
97,Rubus,N,1,
97,Mapleleaf Viburnum,N,0,
97,Buckthorn,S,1,
97,Multiflora rose,S,2,
97,Honeysuckle,S,0,
97,Privot,S,0,
97,Spicebush,S,0,
97,Rubus,S,1,
97,Mapleleaf Viburnum,S,0,
122,Buckthorn,N,0,
122,Multiflora rose,N,2,
122,Honeysuckle,N,1,
122,Privot,N,0,
122,Spicebush,N,0,
122,Rubus,N,1,
122,Mapleleaf Viburnum,N,0,
122,Buckthorn,S,0,
122,Multiflora rose,S,0,
122,Honeysuckle,S,0,
122,Privot,S,1,
122,Spicebush,S,0,
122,Rubus,S,1,
122,Mapleleaf Viburnum,S,0,
99,Buckthorn,N,1,
99,Multiflora rose,N,3,
99,Honeysuckle,N,0,
99,Privot,N,0,
99,Spicebush,N,0,
99,Rubus,N,1,
99,Mapleleaf Viburnum,N,0,
99,Buckthorn,S,1,
99,Multiflora rose,S,2,
99,Honeysuckle,S,0,
99,Privot,S,0,
99,Spicebush,S,0,
99,Rubus,S,0,
99,Mapleleaf Viburnum,S,0,
76,Buckthorn,N,1,
76,Multiflora rose,N,3,
76,Honeysuckle,N,0,
76,Privot,N,0,
76,Spicebush,N,0,
76,Rubus,N,1,
76,Mapleleaf Viburnum,N,0,
76,Buckthorn,S,1,
76,Multiflora rose,S,4,
76,Honeysuckle,S,0,
76,Privot,S,0,
76,Spicebush,S,0,
76,Rubus,S,0,
76,Mapleleaf Viburnum,S,0,
230,Buckthorn,N,1,
230,Multiflora rose,N,5,
230,Honeysuckle,N,0,
230,Privot,N,0,
230,Spicebush,N,0,
230,Rubus,N,1,
230,Mapleleaf Viburnum,N,0,
230,Buckthorn,S,0,
230,Multiflora rose,S,3,
230,Honeysuckle,S,0,
230,Privot,S,0,
230,Spicebush,S,0,
230,Rubus,S,0,
230,Mapleleaf Viburnum,S,0,
113,Buckthorn,N,0,
113,Multiflora rose,N,3,
113,Honeysuckle,N,1,
113,Privot,N,0,
113,Spicebush,N,0,
113,Rubus,N,1,
113,Mapleleaf Viburnum,N,0,
113,Buckthorn,S,1,
113,Multiflora rose,S,2,
113,Honeysuckle,S,0,
113,Privot,S,0,
113,Spicebush,S,0,
113,Rubus,S,1,
113,Mapleleaf Viburnum,S,0,
116,Buckthorn,N,1,
116,Multiflora rose,N,5,
116,Honeysuckle,N,0,
116,Privot,N,0,
116,Spicebush,N,0,
116,Rubus,N,1,
116,Mapleleaf Viburnum,N,0,
116,Buckthorn,S,1,
116,Multiflora rose,S,2,
116,Honeysuckle,S,0,
116,Privot,S,0,
116,Spicebush,S,0,
116,Rubus,S,1,
116,Mapleleaf Viburnum,S,0,
73,Buckthorn,N,1,
73,Multiflora rose,N,2,
73,Honeysuckle,N,0,
73,Privot,N,0,
73,Spicebush,N,0,
73,Rubus,N,0,
73,Mapleleaf Viburnum,N,0,
73,Buckthorn,S,1,
73,Multiflora rose,S,2,
73,Honeysuckle,S,0,
73,Privot,S,0,
73,Spicebush,S,0,
73,Rubus,S,0,
73,Mapleleaf Viburnum,S,0,
79,Buckthorn,N,1,
79,Multiflora rose,N,3,
79,Honeysuckle,N,0,
79,Privot,N,0,
79,Spicebush,N,0,
79,Rubus,N,0,
79,Mapleleaf Viburnum,N,0,
79,Buckthorn,S,1,
79,Multiflora rose,S,2,
79,Honeysuckle,S,0,
79,Privot,S,0,
79,Spicebush,S,0,
79,Rubus,S,0,
79,Mapleleaf Viburnum,S,0,
301,Buckthorn,N,0,
301,Multiflora rose,N,1,
301,Honeysuckle,N,0,
301,Privot,N,0,
301,Spicebush,N,0,
301,Rubus,N,1,
301,Mapleleaf Viburnum,N,1,
301,Buckthorn,S,1,
301,Multiflora rose,S,1,
301,Honeysuckle,S,0,
301,Privot,S,0,
301,Spicebush,S,0,
301,Rubus,S,1,
301,Mapleleaf Viburnum,S,0,
362,Buckthorn,N,1,
362,Multiflora rose,N,0,
362,Honeysuckle,N,0,
362,Privot,N,0,
362,Spicebush,N,0,
362,Rubus,N,0,
362,Mapleleaf Viburnum,N,0,
362,Buckthorn,S,1,
362,Multiflora rose,S,0,
362,Honeysuckle,S,1,
362,Privot,S,0,
362,Spicebush,S,0,
362,Rubus,S,0,
362,Mapleleaf Viburnum,S,0,
359,Buckthorn,N,0,
359,Multiflora rose,N,0,
359,Honeysuckle,N,0,
359,Privot,N,0,
359,Spicebush,N,0,
359,Rubus,N,0,
359,Mapleleaf Viburnum,N,0,
359,Buckthorn,S,1,
359,Multiflora rose,S,0,
359,Honeysuckle,S,0,
359,Privot,S,0,
359,Spicebush,S,0,
359,Rubus,S,0,
359,Mapleleaf Viburnum,S,1,
375,Buckthorn,N,1,
375,Multiflora rose,N,1,
375,Honeysuckle,N,0,
375,Privot,N,0,
375,Spicebush,N,0,
375,Rubus,N,0,
375,Mapleleaf Viburnum,N,0,
375,Buckthorn,S,0,
375,Multiflora rose,S,0,
375,Honeysuckle,S,0,
375,Privot,S,0,
375,Spicebush,S,0,
375,Rubus,S,0,
375,Mapleleaf Viburnum,S,0,
373,Buckthorn,N,0,
373,Multiflora rose,N,1,
373,Honeysuckle,N,0,
373,Privot,N,0,
373,Spicebush,N,0,
373,Rubus,N,0,
373,Mapleleaf Viburnum,N,0,
373,Buckthorn,S,1,
373,Multiflora rose,S,1,
373,Honeysuckle,S,0,
373,Privot,S,0,
373,Spicebush,S,0,
373,Rubus,S,0,
373,Mapleleaf Viburnum,S,0,
258,Buckthorn,N,0,
258,Multiflora rose,N,0,
258,Honeysuckle,N,1,
258,Privot,N,0,
258,Spicebush,N,0,
258,Rubus,N,0,
258,Mapleleaf Viburnum,N,0,
258,Buckthorn,S,0,
258,Multiflora rose,S,0,
258,Honeysuckle,S,0,
258,Privot,S,0,
258,Spicebush,S,0,
258,Rubus,S,0,
258,Mapleleaf Viburnum,S,0,
398,Buckthorn,N,0,
398,Multiflora rose,N,0,
398,Honeysuckle,N,0,
398,Privot,N,0,
398,Spicebush,N,0,
398,Rubus,N,0,
398,Mapleleaf Viburnum,N,0,
398,Buckthorn,S,0,
398,Multiflora rose,S,0,
398,Honeysuckle,S,0,
398,Privot,S,0,
398,Spicebush,S,0,
398,Rubus,S,0,
398,Mapleleaf Viburnum,S,0,
355,Buckthorn,N,0,
355,Multiflora rose,N,0,
355,Honeysuckle,N,0,
355,Privot,N,0,
355,Spicebush,N,0,
355,Rubus,N,0,
355,Mapleleaf Viburnum,N,0,
355,Buckthorn,S,0,
355,Multiflora rose,S,1,
355,Honeysuckle,S,0,
355,Privot,S,0,
355,Spicebush,S,0,
355,Rubus,S,0,
355,Mapleleaf Viburnum,S,0,
357,Buckthorn,N,0,
357,Multiflora rose,N,1,
357,Honeysuckle,N,0,
357,Privot,N,0,
357,Spicebush,N,0,
357,Rubus,N,0,
357,Mapleleaf Viburnum,N,0,
357,Buckthorn,S,0,
357,Multiflora rose,S,0,
357,Honeysuckle,S,0,
357,Privot,S,0,
357,Spicebush,S,0,
357,Rubus,S,0,
357,Mapleleaf Viburnum,S,1,
189,Buckthorn,N,0,
189,Multiflora rose,N,0,
189,Honeysuckle,N,1,
189,Privot,N,0,
189,Spicebush,N,1,
189,Rubus,N,0,
189,Mapleleaf Viburnum,N,0,
189,Buckthorn,S,0,
189,Multiflora rose,S,0,
189,Honeysuckle,S,0,
189,Privot,S,0,
189,Spicebush,S,0,
189,Rubus,S,0,
189,Mapleleaf Viburnum,S,0,
199,Buckthorn,N,0,
199,Multiflora rose,N,0,
199,Honeysuckle,N,0,
199,Privot,N,0,
199,Spicebush,N,0,
199,Rubus,N,0,
199,Mapleleaf Viburnum,N,0,
199,Buckthorn,S,0,
199,Multiflora rose,S,0,
199,Honeysuckle,S,0,
199,Privot,S,0,
199,Spicebush,S,0,
199,Rubus,S,0,
199,Mapleleaf Viburnum,S,0,
356,Buckthorn,N,1,
356,Multiflora rose,N,0,
356,Honeysuckle,N,0,
356,Privot,N,0,
356,Spicebush,N,0,
356,Rubus,N,0,
356,Mapleleaf Viburnum,N,0,
356,Buckthorn,S,0,
356,Multiflora rose,S,0,
356,Honeysuckle,S,0,
356,Privot,S,0,
356,Spicebush,S,0,
356,Rubus,S,0,
356,Mapleleaf Viburnum,S,0,
288,Buckthorn,N,0,
288,Multiflora rose,N,0,
288,Honeysuckle,N,0,
288,Privot,N,0,
288,Spicebush,N,0,
288,Rubus,N,0,
288,Mapleleaf Viburnum,N,0,
288,Buckthorn,S,1,
288,Multiflora rose,S,0,
288,Honeysuckle,S,0,
288,Privot,S,0,
288,Spicebush,S,0,
288,Rubus,S,0,
288,Mapleleaf Viburnum,S,0,
254,Buckthorn,N,0,
254,Multiflora rose,N,0,
254,Honeysuckle,N,0,
254,Privot,N,0,
254,Spicebush,N,0,
254,Rubus,N,0,
254,Mapleleaf Viburnum,N,0,
254,Buckthorn,S,1,
254,Multiflora rose,S,1,
254,Honeysuckle,S,0,
254,Privot,S,0,
254,Spicebush,S,0,
254,Rubus,S,0,
254,Mapleleaf Viburnum,S,0,
255,Buckthorn,N,0,
255,Multiflora rose,N,0,
255,Honeysuckle,N,0,
255,Privot,N,0,
255,Spicebush,N,0,
255,Rubus,N,0,
255,Mapleleaf Viburnum,N,0,
255,Buckthorn,S,1,
255,Multiflora rose,S,0,
255,Honeysuckle,S,0,
255,Privot,S,0,
255,Spicebush,S,0,
255,Rubus,S,1,
255,Mapleleaf Viburnum,S,0,
408,Buckthorn,N,0,
408,Multiflora rose,N,0,
408,Honeysuckle,N,0,
408,Privot,N,0,
408,Spicebush,N,0,
408,Rubus,N,0,
408,Mapleleaf Viburnum,N,0,
408,Buckthorn,S,0,
408,Multiflora rose,S,1,
408,Honeysuckle,S,0,
408,Privot,S,0,
408,Spicebush,S,0,
408,Rubus,S,0,
408,Mapleleaf Viburnum,S,1,
260,Buckthorn,N,1,
260,Multiflora rose,N,0,
260,Honeysuckle,N,0,
260,Privot,N,0,
260,Spicebush,N,0,
260,Rubus,N,0,
260,Mapleleaf Viburnum,N,0,
260,Buckthorn,S,0,
260,Multiflora rose,S,1,
260,Honeysuckle,S,0,
260,Privot,S,0,
260,Spicebush,S,0,
260,Rubus,S,0,
260,Mapleleaf Viburnum,S,0,
412,Buckthorn,N,0,
412,Multiflora rose,N,0,
412,Honeysuckle,N,0,
412,Privot,N,0,
412,Spicebush,N,0,
412,Rubus,N,0,
412,Mapleleaf Viburnum,N,0,
412,Buckthorn,S,0,
412,Multiflora rose,S,0,
412,Honeysuckle,S,0,
412,Privot,S,0,
412,Spicebush,S,0,
412,Rubus,S,0,
412,Mapleleaf Viburnum,S,0,
200,Buckthorn,N,,
200,Multiflora rose,N,0,
200,Honeysuckle,N,0,
200,Privot,N,0,
200,Spicebush,N,0,
200,Rubus,N,0,
200,Mapleleaf Viburnum,N,0,
200,Buckthorn,S,0,
200,Multiflora rose,S,0,
200,Honeysuckle,S,0,
200,Privot,S,0,
200,Spicebush,S,0,
200,Rubus,S,0,
200,Mapleleaf Viburnum,S,0,
410,Buckthorn,N,0,
410,Multiflora rose,N,1,
410,Honeysuckle,N,0,
410,Privot,N,0,
410,Spicebush,N,0,
410,Rubus,N,0,
410,Mapleleaf Viburnum,N,0,
410,Buckthorn,S,0,
410,Multiflora rose,S,0,
410,Honeysuckle,S,0,
410,Privot,S,0,
410,Spicebush,S,0,
410,Rubus,S,0,
410,Mapleleaf Viburnum,S,0,
270,Buckthorn,N,0,
270,Multiflora rose,N,0,
270,Honeysuckle,N,0,
270,Privot,N,0,
270,Spicebush,N,0,
270,Rubus,N,0,
270,Mapleleaf Viburnum,N,0,
270,Buckthorn,S,0,
270,Multiflora rose,S,0,
270,Honeysuckle,S,0,
270,Privot,S,0,
270,Spicebush,S,0,
270,Rubus,S,0,
270,Mapleleaf Viburnum,S,0,
269,Buckthorn,N,0,
269,Multiflora rose,N,0,
269,Honeysuckle,N,0,
269,Privot,N,0,
269,Spicebush,N,0,
269,Rubus,N,0,
269,Mapleleaf Viburnum,N,0,
269,Buckthorn,S,0,
269,Multiflora rose,S,0,
269,Honeysuckle,S,0,
269,Privot,S,0,
269,Spicebush,S,0,
269,Rubus,S,0,
269,Mapleleaf Viburnum,S,0,
264,Buckthorn,N,0,
264,Multiflora rose,N,0,
264,Honeysuckle,N,0,
264,Privot,N,0,
264,Spicebush,N,0,
264,Rubus,N,0,
264,Mapleleaf Viburnum,N,0,
264,Buckthorn,S,1,
264,Multiflora rose,S,0,
264,Honeysuckle,S,0,
264,Privot,S,0,
264,Spicebush,S,0,
264,Rubus,S,0,
264,Mapleleaf Viburnum,S,0,
265,Buckthorn,N,0,
265,Multiflora rose,N,0,
265,Honeysuckle,N,0,
265,Privot,N,0,
265,Spicebush,N,0,
265,Rubus,N,0,
265,Mapleleaf Viburnum,N,0,
265,Buckthorn,S,0,
265,Multiflora rose,S,0,
265,Honeysuckle,S,0,
265,Privot,S,0,
265,Spicebush,S,0,
265,Rubus,S,0,
265,Mapleleaf Viburnum,S,0,
404,Buckthorn,N,0,
404,Multiflora rose,N,1,
404,Honeysuckle,N,0,
404,Privot,N,0,
404,Spicebush,N,0,
404,Rubus,N,0,
404,Mapleleaf Viburnum,N,0,
404,Buckthorn,S,0,
404,Multiflora rose,S,1,
404,Honeysuckle,S,0,
404,Privot,S,0,
404,Spicebush,S,0,
404,Rubus,S,0,
404,Mapleleaf Viburnum,S,0,
263,Buckthorn,N,1,
263,Multiflora rose,N,0,
263,Honeysuckle,N,0,
263,Privot,N,0,
263,Spicebush,N,0,
263,Rubus,N,0,
263,Mapleleaf Viburnum,N,0,
263,Buckthorn,S,1,
263,Multiflora rose,S,0,
263,Honeysuckle,S,0,
263,Privot,S,0,
263,Spicebush,S,0,
263,Rubus,S,0,
263,Mapleleaf Viburnum,S,0,
,Buckthorn,N,,
,Multiflora rose,N,,
,Honeysuckle,N,,
,Privot,N,,
,Spicebush,N,,
,Rubus,N,,
,Mapleleaf Viburnum,N,,
,Buckthorn,S,,
,Multiflora rose,S,,
,Honeysuckle,S,,
,Privot,S,,
,Spicebush,S,,
,Rubus,S,,
,Mapleleaf Viburnum,S,,
,Buckthorn,N,,
,Multiflora rose,N,,
,Honeysuckle,N,,
,Privot,N,,
,Spicebush,N,,
,Rubus,N,,
,Mapleleaf Viburnum,N,,
,Buckthorn,S,,
,Multiflora rose,S,,
,Honeysuckle,S,,
,Privot,S,,
,Spicebush,S,,
,Rubus,S,,
,Mapleleaf Viburnum,S,,
,Buckthorn,N,,
,Multiflora rose,N,,
,Honeysuckle,N,,
,Privot,N,,
,Spicebush,N,,
,Rubus,N,,
,Mapleleaf Viburnum,N,,
,Buckthorn,S,,
,Multiflora rose,S,,
,Honeysuckle,S,,
,Privot,S,,
,Spicebush,S,,
,Rubus,S,,
,Mapleleaf Viburnum,S,,
,Buckthorn,N,,
,Multiflora rose,N,,
,Honeysuckle,N,,
,Privot,N,,
,Spicebush,N,,
,Rubus,N,,
,Mapleleaf Viburnum,N,,
,Buckthorn,S,,
,Multiflora rose,S,,
,Honeysuckle,S,,
,Privot,S,,
,Spicebush,S,,
,Rubus,S,,
,Mapleleaf Viburnum,S,,
,Buckthorn,N,,
,Multiflora rose,N,,
,Honeysuckle,N,,
,Privot,N,,
,Spicebush,N,,
,Rubus,N,,
,Mapleleaf Viburnum,N,,
,Buckthorn,S,,
,Multiflora rose,S,,
,Honeysuckle,S,,
,Privot,S,,
,Spicebush,S,,
,Rubus,S,,
,Mapleleaf Viburnum,S,,
,Buckthorn,N,,
,Multiflora rose,N,,
,Honeysuckle,N,,
,Privot,N,,
,Spicebush,N,,
,Rubus,N,,
,Mapleleaf Viburnum,N,,
,Buckthorn,S,,
,Multiflora rose,S,,
,Honeysuckle,S,,
,Privot,S,,
,Spicebush,S,,
,Rubus,S,,
,Mapleleaf Viburnum,S,,
,Buckthorn,N,,
,Multiflora rose,N,,
,Honeysuckle,N,,
,Privot,N,,
,Spicebush,N,,
,Rubus,N,,
,Mapleleaf Viburnum,N,,
,Buckthorn,S,,
,Multiflora rose,S,,
,Honeysuckle,S,,
,Privot,S,,
,Spicebush,S,,
,Rubus,S,,
,Mapleleaf Viburnum,S,,
,Buckthorn,N,,
,Multiflora rose,N,,
,Honeysuckle,N,,
,Privot,N,,
,Spicebush,N,,
,Rubus,N,,
,Mapleleaf Viburnum,N,,
,Buckthorn,S,,
,Multiflora rose,S,,
,Honeysuckle,S,,
,Privot,S,,
,Spicebush,S,,
,Rubus,S,,
,Mapleleaf Viburnum,S,,
