Date,Tree,Species,Direction,Cover Class
24-May,150,Buckthorn,N,0
24-May,150,Multiflora rose,N,0
24-May,150,Honeysuckle,N,0
24-May,150,Privot,N,0
24-May,150,Spicebush,N,1
24-May,150,Rubus,N,0
24-May,150,Mapleleaf viburnum,N,0
24-May,150,Buckthorn,S,0
24-May,150,Multiflora rose,S,1
24-May,150,Honeysuckle,S,0
24-May,150,Privot,S,0
24-May,150,Spicebush,S,0
24-May,150,Rubus,S,1
24-May,150,Mapleleaf viburnum,S,1
24-May,927,Buckthorn,N,1
24-May,927,Multiflora rose,N,0
24-May,927,Honeysuckle,N,0
24-May,927,Privot,N,0
24-May,927,Spicebush,N,0
24-May,927,Rubus,N,1
24-May,927,Mapleleaf viburnum,N,0
24-May,927,Buckthorn,S,0
24-May,927,Multiflora rose,S,0
24-May,927,Honeysuckle,S,0
24-May,927,Privot,S,0
24-May,927,Spicebush,S,0
24-May,927,Rubus,S,0
24-May,927,Mapleleaf viburnum,S,0
24-May,248,Buckthorn,N,0
24-May,248,Multiflora rose,N,4
24-May,248,Honeysuckle,N,1
24-May,248,Privot,N,0
24-May,248,Spicebush,N,1
24-May,248,Rubus,N,1
24-May,248,Mapleleaf viburnum,N,0
24-May,248,Buckthorn,S,1
24-May,248,Multiflora rose,S,4
24-May,248,Honeysuckle,S,0
24-May,248,Privot,S,0
24-May,248,Spicebush,S,1
24-May,248,Rubus,S,0
24-May,248,Mapleleaf viburnum,S,0
24-May,149,Buckthorn,N,1
24-May,149,Multiflora rose,N,3
24-May,149,Honeysuckle,N,0
24-May,149,Privot,N,0
24-May,149,Spicebush,N,1
24-May,149,Rubus,N,0
24-May,149,Mapleleaf viburnum,N,0
24-May,149,Buckthorn,S,0
24-May,149,Multiflora rose,S,5
24-May,149,Honeysuckle,S,0
24-May,149,Privot,S,0
24-May,149,Spicebush,S,1
24-May,149,Rubus,S,0
24-May,149,Mapleleaf viburnum,S,0
24-May,54,Buckthorn,N,1
24-May,54,Multiflora rose,N,0
24-May,54,Honeysuckle,N,1
24-May,54,Privot,N,0
24-May,54,Spicebush,N,0
24-May,54,Rubus,N,1
24-May,54,Mapleleaf viburnum,N,1
24-May,54,Buckthorn,S,0
24-May,54,Multiflora rose,S,1
24-May,54,Honeysuckle,S,0
24-May,54,Privot,S,0
24-May,54,Spicebush,S,0
24-May,54,Rubus,S,0
24-May,54,Mapleleaf viburnum,S,0
24-May,44,Buckthorn,N,1
24-May,44,Multiflora rose,N,0
24-May,44,Honeysuckle,N,1
24-May,44,Privot,N,0
24-May,44,Spicebush,N,0
24-May,44,Rubus,N,1
24-May,44,Mapleleaf viburnum,N,1
24-May,44,Buckthorn,S,0
24-May,44,Multiflora rose,S,1
24-May,44,Honeysuckle,S,0
24-May,44,Privot,S,0
24-May,44,Spicebush,S,0
24-May,44,Rubus,S,0
24-May,44,Mapleleaf viburnum,S,0
24-May,913,Buckthorn,N,0
24-May,913,Multiflora rose,N,3
24-May,913,Honeysuckle,N,0
24-May,913,Privot,N,0
24-May,913,Spicebush,N,0
24-May,913,Rubus,N,1
24-May,913,Mapleleaf viburnum,N,0
24-May,913,Buckthorn,S,1
24-May,913,Multiflora rose,S,2
24-May,913,Honeysuckle,S,0
24-May,913,Privot,S,0
24-May,913,Spicebush,S,1
24-May,913,Rubus,S,0
24-May,913,Mapleleaf viburnum,S,0
24-May,912,Buckthorn,N,1
24-May,912,Multiflora rose,N,2
24-May,912,Honeysuckle,N,1
24-May,912,Privot,N,0
24-May,912,Spicebush,N,0
24-May,912,Rubus,N,1
24-May,912,Mapleleaf viburnum,N,0
24-May,912,Buckthorn,S,1
24-May,912,Multiflora rose,S,2
24-May,912,Honeysuckle,S,0
24-May,912,Privot,S,0
24-May,912,Spicebush,S,0
24-May,912,Rubus,S,0
24-May,912,Mapleleaf viburnum,S,0
24-May,46,Buckthorn,N,1
24-May,46,Multiflora rose,N,1
24-May,46,Honeysuckle,N,0
24-May,46,Privot,N,0
24-May,46,Spicebush,N,0
24-May,46,Rubus,N,0
24-May,46,Mapleleaf viburnum,N,0
24-May,46,Buckthorn,S,1
24-May,46,Multiflora rose,S,1
24-May,46,Honeysuckle,S,0
24-May,46,Privot,S,0
24-May,46,Spicebush,S,0
24-May,46,Rubus,S,1
24-May,46,Mapleleaf viburnum,S,0
24-May,40,Buckthorn,N,1
24-May,40,Multiflora rose,N,1
24-May,40,Honeysuckle,N,0
24-May,40,Privot,N,0
24-May,40,Spicebush,N,1
24-May,40,Rubus,N,0
24-May,40,Mapleleaf viburnum,N,0
24-May,40,Buckthorn,S,1
24-May,40,Multiflora rose,S,1
24-May,40,Honeysuckle,S,0
24-May,40,Privot,S,0
24-May,40,Spicebush,S,0
24-May,40,Rubus,S,0
24-May,40,Mapleleaf viburnum,S,0
24-May,43,Buckthorn,N,0
24-May,43,Multiflora rose,N,0
24-May,43,Honeysuckle,N,0
24-May,43,Privot,N,1
24-May,43,Spicebush,N,1
24-May,43,Rubus,N,0
24-May,43,Mapleleaf viburnum,N,0
24-May,43,Buckthorn,S,0
24-May,43,Multiflora rose,S,0
24-May,43,Honeysuckle,S,0
24-May,43,Privot,S,1
24-May,43,Spicebush,S,0
24-May,43,Rubus,S,0
24-May,43,Mapleleaf viburnum,S,0
24-May,151,Buckthorn,N,0
24-May,151,Multiflora rose,N,2
24-May,151,Honeysuckle,N,0
24-May,151,Privot,N,0
24-May,151,Spicebush,N,0
24-May,151,Rubus,N,0
24-May,151,Mapleleaf viburnum,N,0
24-May,151,Buckthorn,S,0
24-May,151,Multiflora rose,S,1
24-May,151,Honeysuckle,S,0
24-May,151,Privot,S,0
24-May,151,Spicebush,S,0
24-May,151,Rubus,S,0
24-May,151,Mapleleaf viburnum,S,0
24-May,205,Buckthorn,N,0
24-May,205,Multiflora rose,N,2
24-May,205,Honeysuckle,N,0
24-May,205,Privot,N,0
24-May,205,Spicebush,N,2
24-May,205,Rubus,N,1
24-May,205,Mapleleaf viburnum,N,0
24-May,205,Buckthorn,S,1
24-May,205,Multiflora rose,S,2
24-May,205,Honeysuckle,S,0
24-May,205,Privot,S,0
24-May,205,Spicebush,S,1
24-May,205,Rubus,S,1
24-May,205,Mapleleaf viburnum,S,0
24-May,55,Buckthorn,N,0
24-May,55,Multiflora rose,N,2
24-May,55,Honeysuckle,N,0
24-May,55,Privot,N,0
24-May,55,Spicebush,N,1
24-May,55,Rubus,N,1
24-May,55,Mapleleaf viburnum,N,0
24-May,55,Buckthorn,S,1
24-May,55,Multiflora rose,S,5
24-May,55,Honeysuckle,S,0
24-May,55,Privot,S,0
24-May,55,Spicebush,S,0
24-May,55,Rubus,S,1
24-May,55,Mapleleaf viburnum,S,0
24-May,147,Buckthorn,N,0
24-May,147,Multiflora rose,N,1
24-May,147,Honeysuckle,N,0
24-May,147,Privot,N,0
24-May,147,Spicebush,N,2
24-May,147,Rubus,N,1
24-May,147,Mapleleaf viburnum,N,0
24-May,147,Buckthorn,S,1
24-May,147,Multiflora rose,S,2
24-May,147,Honeysuckle,S,1
24-May,147,Privot,S,0
24-May,147,Spicebush,S,1
24-May,147,Rubus,S,1
24-May,147,Mapleleaf viburnum,S,0
24-May,926,Buckthorn,N,0
24-May,926,Multiflora rose,N,4
24-May,926,Honeysuckle,N,0
24-May,926,Privot,N,0
24-May,926,Spicebush,N,1
24-May,926,Rubus,N,0
24-May,926,Mapleleaf viburnum,N,0
24-May,926,Buckthorn,S,0
24-May,926,Multiflora rose,S,5
24-May,926,Honeysuckle,S,0
24-May,926,Privot,S,0
24-May,926,Spicebush,S,1
24-May,926,Rubus,S,0
24-May,926,Mapleleaf viburnum,S,0
24-May,148,Buckthorn,N,1
24-May,148,Multiflora rose,N,3
24-May,148,Honeysuckle,N,0
24-May,148,Privot,N,0
24-May,148,Spicebush,N,1
24-May,148,Rubus,N,1
24-May,148,Mapleleaf viburnum,N,0
24-May,148,Buckthorn,S,0
24-May,148,Multiflora rose,S,4
24-May,148,Honeysuckle,S,0
24-May,148,Privot,S,0
24-May,148,Spicebush,S,1
24-May,148,Rubus,S,0
24-May,148,Mapleleaf viburnum,S,0
24-May,925,Buckthorn,N,0
24-May,925,Multiflora rose,N,4
24-May,925,Honeysuckle,N,0
24-May,925,Privot,N,0
24-May,925,Spicebush,N,1
24-May,925,Rubus,N,0
24-May,925,Mapleleaf viburnum,N,0
24-May,925,Buckthorn,S,0
24-May,925,Multiflora rose,S,3
24-May,925,Honeysuckle,S,0
24-May,925,Privot,S,0
24-May,925,Spicebush,S,1
24-May,925,Rubus,S,1
24-May,925,Mapleleaf viburnum,,0
24-May,208,Buckthorn,N,0
24-May,208,Multiflora rose,N,5
24-May,208,Honeysuckle,N,0
24-May,208,Privot,N,0
24-May,208,Spicebush,N,0
24-May,208,Rubus,N,0
24-May,208,Mapleleaf viburnum,N,0
24-May,208,Buckthorn,S,1
24-May,208,Multiflora rose,S,3
24-May,208,Honeysuckle,S,0
24-May,208,Privot,S,0
24-May,208,Spicebush,S,0
24-May,208,Rubus,S,0
24-May,208,Mapleleaf viburnum,S,0
24-May,203,Buckthorn,N,0
24-May,203,Multiflora rose,N,4
24-May,203,Honeysuckle,N,0
24-May,203,Privot,N,0
24-May,203,Spicebush,N,0
24-May,203,Rubus,N,0
24-May,203,Mapleleaf viburnum,N,0
24-May,203,Buckthorn,S,1
24-May,203,Multiflora rose,S,3
24-May,203,Honeysuckle,S,0
24-May,203,Privot,S,0
24-May,203,Spicebush,S,0
24-May,203,Rubus,S,0
24-May,203,Mapleleaf viburnum,S,0
24-May,210,Buckthorn,N,1
24-May,210,Multiflora rose,N,2
24-May,210,Honeysuckle,N,0
24-May,210,Privot,N,0
24-May,210,Spicebush,N,0
24-May,210,Rubus,N,0
24-May,210,Mapleleaf viburnum,N,0
24-May,210,Buckthorn,S,0
24-May,210,Multiflora rose,S,1
24-May,210,Honeysuckle,S,1
24-May,210,Privot,S,0
24-May,210,Spicebush,S,0
24-May,210,Rubus,S,0
24-May,210,Mapleleaf viburnum,S,0
24-May,930,Buckthorn,N,1
24-May,930,Multiflora rose,N,2
24-May,930,Honeysuckle,N,1
24-May,930,Privot,N,0
24-May,930,Spicebush,N,0
24-May,930,Rubus,N,0
24-May,930,Mapleleaf viburnum,N,0
24-May,930,Buckthorn,S,0
24-May,930,Multiflora rose,S,3
24-May,930,Honeysuckle,S,1
24-May,930,Privot,S,0
24-May,930,Spicebush,S,0
24-May,930,Rubus,S,0
24-May,930,Mapleleaf viburnum,S,0
24-May,915,Buckthorn,N,1
24-May,915,Multiflora rose,N,1
24-May,915,Honeysuckle,N,1
24-May,915,Privot,N,0
24-May,915,Spicebush,N,1
24-May,915,Rubus,N,1
24-May,915,Mapleleaf viburnum,N,0
24-May,915,Buckthorn,S,0
24-May,915,Multiflora rose,S,2
24-May,915,Honeysuckle,S,0
24-May,915,Privot,S,0
24-May,915,Spicebush,S,0
24-May,915,Rubus,S,1
24-May,915,Mapleleaf viburnum,S,0
24-May,153,Buckthorn,N,1
24-May,153,Multiflora rose,N,2
24-May,153,Honeysuckle,N,0
24-May,153,Privot,N,0
24-May,153,Spicebush,N,1
24-May,153,Rubus,N,0
24-May,153,Mapleleaf viburnum,N,0
24-May,153,Buckthorn,S,1
24-May,153,Multiflora rose,S,2
24-May,153,Honeysuckle,S,0
24-May,153,Privot,S,0
24-May,153,Spicebush,S,1
24-May,153,Rubus,S,0
24-May,153,Mapleleaf viburnum,S,0
24-May,146,Buckthorn,N,1
24-May,146,Multiflora rose,N,3
24-May,146,Honeysuckle,N,1
24-May,146,Privot,N,0
24-May,146,Spicebush,N,0
24-May,146,Rubus,N,0
24-May,146,Mapleleaf viburnum,N,0
24-May,146,Buckthorn,S,1
24-May,146,Multiflora rose,S,3
24-May,146,Honeysuckle,S,0
24-May,146,Privot,S,0
24-May,146,Spicebush,S,2
24-May,146,Rubus,S,0
24-May,146,Mapleleaf viburnum,S,0
24-May,145,Buckthorn,N,1
24-May,145,Multiflora rose,N,0
24-May,145,Honeysuckle,N,0
24-May,145,Privot,N,0
24-May,145,Spicebush,N,0
24-May,145,Rubus,N,0
24-May,145,Mapleleaf viburnum,N,0
24-May,145,Buckthorn,S,1
24-May,145,Multiflora rose,S,0
24-May,145,Honeysuckle,S,0
24-May,145,Privot,S,0
24-May,145,Spicebush,S,0
24-May,145,Rubus,S,0
24-May,145,Mapleleaf viburnum,S,0
24-May,914,Buckthorn,N,1
24-May,914,Multiflora rose,N,1
24-May,914,Honeysuckle,N,0
24-May,914,Privot,N,0
24-May,914,Spicebush,N,0
24-May,914,Rubus,N,1
24-May,914,Mapleleaf viburnum,N,0
24-May,914,Buckthorn,S,1
24-May,914,Multiflora rose,S,1
24-May,914,Honeysuckle,S,0
24-May,914,Privot,S,1
24-May,914,Spicebush,S,0
24-May,914,Rubus,S,0
24-May,914,Mapleleaf viburnum,S,0
24-May,250,Buckthorn,N,1
24-May,250,Multiflora rose,N,1
24-May,250,Honeysuckle,N,1
24-May,250,Privot,N,0
24-May,250,Spicebush,N,0
24-May,250,Rubus,N,0
24-May,250,Mapleleaf viburnum,N,0
24-May,250,Buckthorn,S,1
24-May,250,Multiflora rose,S,0
24-May,250,Honeysuckle,S,1
24-May,250,Privot,S,0
24-May,250,Spicebush,S,0
24-May,250,Rubus,S,0
24-May,250,Mapleleaf viburnum,S,0
24-May,152,Buckthorn,N,1
24-May,152,Multiflora rose,N,1
24-May,152,Honeysuckle,N,0
24-May,152,Privot,N,0
24-May,152,Spicebush,N,0
24-May,152,Rubus,N,0
24-May,152,Mapleleaf viburnum,N,0
24-May,152,Buckthorn,S,1
24-May,152,Multiflora rose,S,1
24-May,152,Honeysuckle,S,0
24-May,152,Privot,S,1
24-May,152,Spicebush,S,0
24-May,152,Rubus,S,0
24-May,152,Mapleleaf viburnum,S,0
24-May,211,Buckthorn,N,1
24-May,211,Multiflora rose,N,2
24-May,211,Honeysuckle,N,0
24-May,211,Privot,N,0
24-May,211,Spicebush,N,0
24-May,211,Rubus,N,0
24-May,211,Mapleleaf viburnum,N,0
24-May,211,Buckthorn,S,1
24-May,211,Multiflora rose,S,1
24-May,211,Honeysuckle,S,0
24-May,211,Privot,S,0
24-May,211,Spicebush,S,0
24-May,211,Rubus,S,1
24-May,211,Mapleleaf viburnum,S,0
24-May,63,Buckthorn,N,1
24-May,63,Multiflora rose,N,1
24-May,63,Honeysuckle,N,1
24-May,63,Privot,N,0
24-May,63,Spicebush,N,0
24-May,63,Rubus,N,0
24-May,63,Mapleleaf viburnum,N,0
24-May,63,Buckthorn,S,1
24-May,63,Multiflora rose,S,1
24-May,63,Honeysuckle,S,1
24-May,63,Privot,S,0
24-May,63,Spicebush,S,0
24-May,63,Rubus,S,0
24-May,63,Mapleleaf viburnum,S,0
24-May,206,Buckthorn,N,2
24-May,206,Multiflora rose,N,2
24-May,206,Honeysuckle,N,0
24-May,206,Privot,N,0
24-May,206,Spicebush,N,0
24-May,206,Rubus,N,0
24-May,206,Mapleleaf viburnum,N,0
24-May,206,Buckthorn,S,2
24-May,206,Multiflora rose,S,1
24-May,206,Honeysuckle,S,0
24-May,206,Privot,S,0
24-May,206,Spicebush,S,1
24-May,206,Rubus,S,0
24-May,206,Mapleleaf viburnum,S,0
24-May,204,Buckthorn,N,1
24-May,204,Multiflora rose,N,1
24-May,204,Honeysuckle,N,0
24-May,204,Privot,N,0
24-May,204,Spicebush,N,1
24-May,204,Rubus,N,1
24-May,204,Mapleleaf viburnum,N,0
24-May,204,Buckthorn,S,1
24-May,204,Multiflora rose,S,2
24-May,204,Honeysuckle,S,0
24-May,204,Privot,S,0
24-May,204,Spicebush,S,0
24-May,204,Rubus,S,0
24-May,204,Mapleleaf viburnum,S,0
26-May,31,Buckthorn,N,1
26-May,31,Multiflora rose,N,1
26-May,31,Honeysuckle,N,0
26-May,31,Privot,N,1
26-May,31,Spicebush,N,0
26-May,31,Rubus,N,1
26-May,31,Mapleleaf viburnum,N,0
26-May,31,Buckthorn,S,1
26-May,31,Multiflora rose,S,1
26-May,31,Honeysuckle,S,0
26-May,31,Privot,S,0
26-May,31,Spicebush,S,0
26-May,31,Rubus,S,1
26-May,31,Mapleleaf viburnum,S,0
26-May,59,Buckthorn,N,1
26-May,59,Multiflora rose,N,1
26-May,59,Honeysuckle,N,1
26-May,59,Privot,N,0
26-May,59,Spicebush,N,0
26-May,59,Rubus,N,1
26-May,59,Mapleleaf viburnum,N,0
26-May,59,Buckthorn,S,2
26-May,59,Multiflora rose,S,1
26-May,59,Honeysuckle,S,1
26-May,59,Privot,S,0
26-May,59,Spicebush,S,0
26-May,59,Rubus,S,0
26-May,59,Mapleleaf viburnum,S,0
26-May,909,Buckthorn,N,1
26-May,909,Multiflora rose,N,1
26-May,909,Honeysuckle,N,0
26-May,909,Privot,N,0
26-May,909,Spicebush,N,1
26-May,909,Rubus,N,1
26-May,909,Mapleleaf viburnum,N,0
26-May,909,Buckthorn,S,1
26-May,909,Multiflora rose,S,1
26-May,909,Honeysuckle,S,0
26-May,909,Privot,S,0
26-May,909,Spicebush,S,1
26-May,909,Rubus,S,0
26-May,909,Mapleleaf viburnum,S,0
26-May,74,Buckthorn,N,1
26-May,74,Multiflora rose,N,2
26-May,74,Honeysuckle,N,0
26-May,74,Privot,N,1
26-May,74,Spicebush,N,1
26-May,74,Rubus,N,1
26-May,74,Mapleleaf viburnum,N,0
26-May,74,Buckthorn,S,2
26-May,74,Multiflora rose,S,4
26-May,74,Honeysuckle,S,0
26-May,74,Privot,S,1
26-May,74,Spicebush,S,0
26-May,74,Rubus,S,1
26-May,74,Mapleleaf viburnum,S,1
26-May,75,Buckthorn,N,2
26-May,75,Multiflora rose,N,3
26-May,75,Honeysuckle,N,0
26-May,75,Privot,N,0
26-May,75,Spicebush,N,1
26-May,75,Rubus,N,0
26-May,75,Mapleleaf viburnum,N,0
26-May,75,Buckthorn,S,1
26-May,75,Multiflora rose,S,1
26-May,75,Honeysuckle,S,1
26-May,75,Privot,S,0
26-May,75,Spicebush,S,0
26-May,75,Rubus,S,1
26-May,75,Mapleleaf viburnum,S,0
26-May,72,Buckthorn,N,1
26-May,72,Multiflora rose,N,0
26-May,72,Honeysuckle,N,1
26-May,72,Privot,N,0
26-May,72,Spicebush,N,2
26-May,72,Rubus,N,1
26-May,72,Mapleleaf viburnum,N,0
26-May,72,Buckthorn,S,1
26-May,72,Multiflora rose,S,1
26-May,72,Honeysuckle,S,1
26-May,72,Privot,S,0
26-May,72,Spicebush,S,1
26-May,72,Rubus,S,1
26-May,72,Mapleleaf viburnum,S,0
26-May,902,Buckthorn,N,1
26-May,902,Multiflora rose,N,2
26-May,902,Honeysuckle,N,1
26-May,902,Privot,N,0
26-May,902,Spicebush,N,0
26-May,902,Rubus,N,0
26-May,902,Mapleleaf viburnum,N,0
26-May,902,Buckthorn,S,2
26-May,902,Multiflora rose,S,2
26-May,902,Honeysuckle,S,1
26-May,902,Privot,S,0
26-May,902,Spicebush,S,0
26-May,902,Rubus,S,0
26-May,902,Mapleleaf viburnum,S,0
26-May,68,Buckthorn,N,0
26-May,68,Multiflora rose,N,1
26-May,68,Honeysuckle,N,0
26-May,68,Privot,N,0
26-May,68,Spicebush,N,1
26-May,68,Rubus,N,0
26-May,68,Mapleleaf viburnum,N,0
26-May,68,Buckthorn,S,1
26-May,68,Multiflora rose,S,0
26-May,68,Honeysuckle,S,0
26-May,68,Privot,S,0
26-May,68,Spicebush,S,2
26-May,68,Rubus,S,1
26-May,68,Mapleleaf viburnum,S,0
26-May,71,Buckthorn,N,0
26-May,71,Multiflora rose,N,1
26-May,71,Honeysuckle,N,0
26-May,71,Privot,N,0
26-May,71,Spicebush,N,0
26-May,71,Rubus,N,0
26-May,71,Mapleleaf viburnum,N,0
26-May,71,Buckthorn,S,0
26-May,71,Multiflora rose,S,1
26-May,71,Honeysuckle,S,0
26-May,71,Privot,S,0
26-May,71,Spicebush,S,1
26-May,71,Rubus,S,1
26-May,71,Mapleleaf viburnum,S,0
26-May,22,Buckthorn,N,1
26-May,22,Multiflora rose,N,2
26-May,22,Honeysuckle,N,0
26-May,22,Privot,N,0
26-May,22,Spicebush,N,0
26-May,22,Rubus,N,1
26-May,22,Mapleleaf viburnum,N,0
26-May,22,Buckthorn,S,0
26-May,22,Multiflora rose,S,1
26-May,22,Honeysuckle,S,1
26-May,22,Privot,S,0
26-May,22,Spicebush,S,0
26-May,22,Rubus,S,0
26-May,22,Mapleleaf viburnum,S,0
26-May,26,Buckthorn,N,1
26-May,26,Multiflora rose,N,1
26-May,26,Honeysuckle,N,1
26-May,26,Privot,N,0
26-May,26,Spicebush,N,0
26-May,26,Rubus,N,0
26-May,26,Mapleleaf viburnum,N,1
26-May,26,Buckthorn,S,1
26-May,26,Multiflora rose,S,1
26-May,26,Honeysuckle,S,0
26-May,26,Privot,S,0
26-May,26,Spicebush,S,1
26-May,26,Rubus,S,0
26-May,26,Mapleleaf viburnum,S,0
26-May,27,Buckthorn,N,1
26-May,27,Multiflora rose,N,1
26-May,27,Honeysuckle,N,1
26-May,27,Privot,N,0
26-May,27,Spicebush,N,1
26-May,27,Rubus,N,0
26-May,27,Mapleleaf viburnum,N,1
26-May,27,Buckthorn,S,1
26-May,27,Multiflora rose,S,1
26-May,27,Honeysuckle,S,0
26-May,27,Privot,S,0
26-May,27,Spicebush,S,0
26-May,27,Rubus,S,0
26-May,27,Mapleleaf viburnum,S,0
26-May,24,Buckthorn,N,0
26-May,24,Multiflora rose,N,1
26-May,24,Honeysuckle,N,0
26-May,24,Privot,N,0
26-May,24,Spicebush,N,0
26-May,24,Rubus,N,0
26-May,24,Mapleleaf viburnum,N,0
26-May,24,Buckthorn,S,1
26-May,24,Multiflora rose,S,0
26-May,24,Honeysuckle,S,0
26-May,24,Privot,S,1
26-May,24,Spicebush,S,0
26-May,24,Rubus,S,1
26-May,24,Mapleleaf viburnum,S,0
26-May,901,Buckthorn,N,1
26-May,901,Multiflora rose,N,3
26-May,901,Honeysuckle,N,0
26-May,901,Privot,N,0
26-May,901,Spicebush,N,0
26-May,901,Rubus,N,0
26-May,901,Mapleleaf viburnum,N,0
26-May,901,Buckthorn,S,1
26-May,901,Multiflora rose,S,1
26-May,901,Honeysuckle,S,0
26-May,901,Privot,S,1
26-May,901,Spicebush,S,0
26-May,901,Rubus,S,1
26-May,901,Mapleleaf viburnum,S,0
26-May,134,Buckthorn,N,0
26-May,134,Multiflora rose,N,0
26-May,134,Honeysuckle,N,0
26-May,134,Privot,N,0
26-May,134,Spicebush,N,0
26-May,134,Rubus,N,0
26-May,134,Mapleleaf viburnum,N,0
26-May,134,Buckthorn,S,0
26-May,134,Multiflora rose,S,0
26-May,134,Honeysuckle,S,0
26-May,134,Privot,S,0
26-May,134,Spicebush,S,0
26-May,134,Rubus,S,0
26-May,134,Mapleleaf viburnum,S,0
26-May,221,Buckthorn,N,0
26-May,221,Multiflora rose,N,0
26-May,221,Honeysuckle,N,0
26-May,221,Privot,N,0
26-May,221,Spicebush,N,0
26-May,221,Rubus,N,0
26-May,221,Mapleleaf viburnum,N,0
26-May,221,Buckthorn,S,0
26-May,221,Multiflora rose,S,0
26-May,221,Honeysuckle,S,0
26-May,221,Privot,S,0
26-May,221,Spicebush,S,0
26-May,221,Rubus,S,0
26-May,221,Mapleleaf viburnum,S,0
26-May,218,Buckthorn,N,0
26-May,218,Multiflora rose,N,1
26-May,218,Honeysuckle,N,0
26-May,218,Privot,N,0
26-May,218,Spicebush,N,0
26-May,218,Rubus,N,0
26-May,218,Mapleleaf viburnum,N,0
26-May,218,Buckthorn,S,1
26-May,218,Multiflora rose,S,1
26-May,218,Honeysuckle,S,0
26-May,218,Privot,S,0
26-May,218,Spicebush,S,0
26-May,218,Rubus,S,0
26-May,218,Mapleleaf viburnum,S,0
26-May,222,Buckthorn,N,0
26-May,222,Multiflora rose,N,0
26-May,222,Honeysuckle,N,0
26-May,222,Privot,N,0
26-May,222,Spicebush,N,0
26-May,222,Rubus,N,0
26-May,222,Mapleleaf viburnum,N,0
26-May,222,Buckthorn,S,1
26-May,222,Multiflora rose,S,0
26-May,222,Honeysuckle,S,0
26-May,222,Privot,S,0
26-May,222,Spicebush,S,0
26-May,222,Rubus,S,0
26-May,222,Mapleleaf viburnum,S,0
26-May,139,Buckthorn,N,0
26-May,139,Multiflora rose,N,1
26-May,139,Honeysuckle,N,0
26-May,139,Privot,N,1
26-May,139,Spicebush,N,0
26-May,139,Rubus,N,0
26-May,139,Mapleleaf viburnum,N,0
26-May,139,Buckthorn,S,0
26-May,139,Multiflora rose,S,0
26-May,139,Honeysuckle,S,0
26-May,139,Privot,S,0
26-May,139,Spicebush,S,0
26-May,139,Rubus,S,0
26-May,139,Mapleleaf viburnum,S,0
26-May,140,Buckthorn,N,0
26-May,140,Multiflora rose,N,1
26-May,140,Honeysuckle,N,0
26-May,140,Privot,N,1
26-May,140,Spicebush,N,0
26-May,140,Rubus,N,0
26-May,140,Mapleleaf viburnum,N,0
26-May,140,Buckthorn,S,0
26-May,140,Multiflora rose,S,0
26-May,140,Honeysuckle,S,0
26-May,140,Privot,S,0
26-May,140,Spicebush,S,0
26-May,140,Rubus,S,0
26-May,140,Mapleleaf viburnum,S,0
26-May,861,Buckthorn,N,0
26-May,861,Multiflora rose,N,1
26-May,861,Honeysuckle,N,0
26-May,861,Privot,N,0
26-May,861,Spicebush,N,0
26-May,861,Rubus,N,0
26-May,861,Mapleleaf viburnum,N,0
26-May,861,Buckthorn,S,1
26-May,861,Multiflora rose,S,1
26-May,861,Honeysuckle,S,0
26-May,861,Privot,S,0
26-May,861,Spicebush,S,0
26-May,861,Rubus,S,0
26-May,861,Mapleleaf viburnum,S,0
26-May,136,Buckthorn,N,0
26-May,136,Multiflora rose,N,0
26-May,136,Honeysuckle,N,0
26-May,136,Privot,N,0
26-May,136,Spicebush,N,0
26-May,136,Rubus,N,0
26-May,136,Mapleleaf viburnum,N,0
26-May,136,Buckthorn,S,0
26-May,136,Multiflora rose,S,1
26-May,136,Honeysuckle,S,0
26-May,136,Privot,S,0
26-May,136,Spicebush,S,0
26-May,136,Rubus,S,0
26-May,136,Mapleleaf viburnum,S,0
26-May,137,Buckthorn,N,0
26-May,137,Multiflora rose,N,1
26-May,137,Honeysuckle,N,0
26-May,137,Privot,N,0
26-May,137,Spicebush,N,0
26-May,137,Rubus,N,0
26-May,137,Mapleleaf viburnum,N,0
26-May,137,Buckthorn,S,0
26-May,137,Multiflora rose,S,1
26-May,137,Honeysuckle,S,0
26-May,137,Privot,S,0
26-May,137,Spicebush,S,0
26-May,137,Rubus,S,0
26-May,137,Mapleleaf viburnum,S,0
26-May,202,Buckthorn,N,0
26-May,202,Multiflora rose,N,0
26-May,202,Honeysuckle,N,0
26-May,202,Privot,N,0
26-May,202,Spicebush,N,0
26-May,202,Rubus,N,0
26-May,202,Mapleleaf viburnum,N,0
26-May,202,Buckthorn,S,0
26-May,202,Multiflora rose,S,0
26-May,202,Honeysuckle,S,0
26-May,202,Privot,S,0
26-May,202,Spicebush,S,0
26-May,202,Rubus,S,0
26-May,202,Mapleleaf viburnum,S,0
26-May,217,Buckthorn,N,0
26-May,217,Multiflora rose,N,0
26-May,217,Honeysuckle,N,0
26-May,217,Privot,N,0
26-May,217,Spicebush,N,0
26-May,217,Rubus,N,0
26-May,217,Mapleleaf viburnum,N,0
26-May,217,Buckthorn,S,0
26-May,217,Multiflora rose,S,0
26-May,217,Honeysuckle,S,0
26-May,217,Privot,S,0
26-May,217,Spicebush,S,0
26-May,217,Rubus,S,0
26-May,217,Mapleleaf viburnum,S,0
26-May,216,Buckthorn,N,0
26-May,216,Multiflora rose,N,1
26-May,216,Honeysuckle,N,0
26-May,216,Privot,N,0
26-May,216,Spicebush,N,0
26-May,216,Rubus,N,0
26-May,216,Mapleleaf viburnum,N,0
26-May,216,Buckthorn,S,0
26-May,216,Multiflora rose,S,1
26-May,216,Honeysuckle,S,0
26-May,216,Privot,S,0
26-May,216,Spicebush,S,0
26-May,216,Rubus,S,0
26-May,216,Mapleleaf viburnum,S,0
26-May,212,Buckthorn,N,0
26-May,212,Multiflora rose,N,1
26-May,212,Honeysuckle,N,0
26-May,212,Privot,N,0
26-May,212,Spicebush,N,1
26-May,212,Rubus,N,0
26-May,212,Mapleleaf viburnum,N,0
26-May,212,Buckthorn,S,1
26-May,212,Multiflora rose,S,1
26-May,212,Honeysuckle,S,0
26-May,212,Privot,S,0
26-May,212,Spicebush,S,0
26-May,212,Rubus,S,0
26-May,212,Mapleleaf viburnum,S,0
26-May,215,Buckthorn,N,1
26-May,215,Multiflora rose,N,1
26-May,215,Honeysuckle,N,0
26-May,215,Privot,N,0
26-May,215,Spicebush,N,0
26-May,215,Rubus,N,0
26-May,215,Mapleleaf viburnum,N,0
26-May,215,Buckthorn,S,0
26-May,215,Multiflora rose,S,1
26-May,215,Honeysuckle,S,0
26-May,215,Privot,S,0
26-May,215,Spicebush,S,0
26-May,215,Rubus,S,0
26-May,215,Mapleleaf viburnum,S,0
1-Jun,292,Buckthorn,N,0
1-Jun,292,Multiflora rose,N,0
1-Jun,292,Honeysuckle,N,0
1-Jun,292,Privot,N,0
1-Jun,292,Spicebush,N,0
1-Jun,292,Rubus,N,0
1-Jun,292,Mapleleaf viburnum,N,0
1-Jun,292,Buckthorn,S,1
1-Jun,292,Multiflora rose,S,0
1-Jun,292,Honeysuckle,S,0
1-Jun,292,Privot,S,0
1-Jun,292,Spicebush,S,0
1-Jun,292,Rubus,S,0
1-Jun,292,Mapleleaf viburnum,S,0
1-Jun,376,Buckthorn,N,2
1-Jun,376,Multiflora rose,N,4
1-Jun,376,Honeysuckle,N,0
1-Jun,376,Privot,N,0
1-Jun,376,Spicebush,N,0
1-Jun,376,Rubus,N,0
1-Jun,376,Mapleleaf viburnum,N,0
1-Jun,376,Buckthorn,S,1
1-Jun,376,Multiflora rose,S,3
1-Jun,376,Honeysuckle,S,0
1-Jun,376,Privot,S,0
1-Jun,376,Spicebush,S,0
1-Jun,376,Rubus,S,0
1-Jun,376,Mapleleaf viburnum,S,0
1-Jun,198,Buckthorn,N,1
1-Jun,198,Multiflora rose,N,1
1-Jun,198,Honeysuckle,N,0
1-Jun,198,Privot,N,1
1-Jun,198,Spicebush,N,0
1-Jun,198,Rubus,N,0
1-Jun,198,Mapleleaf viburnum,N,0
1-Jun,198,Buckthorn,S,1
1-Jun,198,Multiflora rose,S,1
1-Jun,198,Honeysuckle,S,0
1-Jun,198,Privot,S,0
1-Jun,198,Spicebush,S,0
1-Jun,198,Rubus,S,0
1-Jun,198,Mapleleaf viburnum,S,0
1-Jun,259,Buckthorn,N,0
1-Jun,259,Multiflora rose,N,5
1-Jun,259,Honeysuckle,N,0
1-Jun,259,Privot,N,0
1-Jun,259,Spicebush,N,0
1-Jun,259,Rubus,N,0
1-Jun,259,Mapleleaf viburnum,N,0
1-Jun,259,Buckthorn,S,1
1-Jun,259,Multiflora rose,S,6
1-Jun,259,Honeysuckle,S,0
1-Jun,259,Privot,S,0
1-Jun,259,Spicebush,S,0
1-Jun,259,Rubus,S,0
1-Jun,259,Mapleleaf viburnum,S,0
1-Jun,360,Buckthorn,N,0
1-Jun,360,Multiflora rose,N,0
1-Jun,360,Honeysuckle,N,0
1-Jun,360,Privot,N,0
1-Jun,360,Spicebush,N,0
1-Jun,360,Rubus,N,0
1-Jun,360,Mapleleaf viburnum,N,0
1-Jun,360,Buckthorn,S,0
1-Jun,360,Multiflora rose,S,0
1-Jun,360,Honeysuckle,S,0
1-Jun,360,Privot,S,0
1-Jun,360,Spicebush,S,1
1-Jun,360,Rubus,S,0
1-Jun,360,Mapleleaf viburnum,S,0
1-Jun,354,Buckthorn,N,2
1-Jun,354,Multiflora rose,N,0
1-Jun,354,Honeysuckle,N,0
1-Jun,354,Privot,N,0
1-Jun,354,Spicebush,N,0
1-Jun,354,Rubus,N,0
1-Jun,354,Mapleleaf viburnum,N,0
1-Jun,354,Buckthorn,S,2
1-Jun,354,Multiflora rose,S,2
1-Jun,354,Honeysuckle,S,0
1-Jun,354,Privot,S,1
1-Jun,354,Spicebush,S,0
1-Jun,354,Rubus,S,0
1-Jun,354,Mapleleaf viburnum,S,0
1-Jun,346,Buckthorn,N,1
1-Jun,346,Multiflora rose,N,1
1-Jun,346,Honeysuckle,N,0
1-Jun,346,Privot,N,0
1-Jun,346,Spicebush,N,0
1-Jun,346,Rubus,N,0
1-Jun,346,Mapleleaf viburnum,N,0
1-Jun,346,Buckthorn,S,1
1-Jun,346,Multiflora rose,S,1
1-Jun,346,Honeysuckle,S,0
1-Jun,346,Privot,S,1
1-Jun,346,Spicebush,S,0
1-Jun,346,Rubus,S,0
1-Jun,346,Mapleleaf viburnum,S,0
1-Jun,350,Buckthorn,N,1
1-Jun,350,Multiflora rose,N,0
1-Jun,350,Honeysuckle,N,0
1-Jun,350,Privot,N,0
1-Jun,350,Spicebush,N,0
1-Jun,350,Rubus,N,1
1-Jun,350,Mapleleaf viburnum,N,0
1-Jun,350,Buckthorn,S,1
1-Jun,350,Multiflora rose,S,0
1-Jun,350,Honeysuckle,S,1
1-Jun,350,Privot,S,1
1-Jun,350,Spicebush,S,0
1-Jun,350,Rubus,S,0
1-Jun,350,Mapleleaf viburnum,S,0
1-Jun,257,Buckthorn,N,0
1-Jun,257,Multiflora rose,N,1
1-Jun,257,Honeysuckle,N,0
1-Jun,257,Privot,N,0
1-Jun,257,Spicebush,N,0
1-Jun,257,Rubus,N,0
1-Jun,257,Mapleleaf viburnum,N,0
1-Jun,257,Buckthorn,S,1
1-Jun,257,Multiflora rose,S,1
1-Jun,257,Honeysuckle,S,0
1-Jun,257,Privot,S,0
1-Jun,257,Spicebush,S,0
1-Jun,257,Rubus,S,0
1-Jun,257,Mapleleaf viburnum,S,0
1-Jun,349,Buckthorn,N,1
1-Jun,349,Multiflora rose,N,2
1-Jun,349,Honeysuckle,N,0
1-Jun,349,Privot,N,0
1-Jun,349,Spicebush,N,0
1-Jun,349,Rubus,N,0
1-Jun,349,Mapleleaf viburnum,N,0
1-Jun,349,Buckthorn,S,1
1-Jun,349,Multiflora rose,S,1
1-Jun,349,Honeysuckle,S,0
1-Jun,349,Privot,S,0
1-Jun,349,Spicebush,S,0
1-Jun,349,Rubus,S,1
1-Jun,349,Mapleleaf viburnum,S,1
1-Jun,885,Buckthorn,N,0
1-Jun,885,Multiflora rose,N,0
1-Jun,885,Honeysuckle,N,0
1-Jun,885,Privot,N,0
1-Jun,885,Spicebush,N,0
1-Jun,885,Rubus,N,0
1-Jun,885,Mapleleaf viburnum,N,0
1-Jun,885,Buckthorn,S,0
1-Jun,885,Multiflora rose,S,1
1-Jun,885,Honeysuckle,S,2
1-Jun,885,Privot,S,0
1-Jun,885,Spicebush,S,0
1-Jun,885,Rubus,S,0
1-Jun,885,Mapleleaf viburnum,S,0
1-Jun,297,Buckthorn,N,1
1-Jun,297,Multiflora rose,N,0
1-Jun,297,Honeysuckle,N,0
1-Jun,297,Privot,N,0
1-Jun,297,Spicebush,N,0
1-Jun,297,Rubus,N,0
1-Jun,297,Mapleleaf viburnum,N,0
1-Jun,297,Buckthorn,S,2
1-Jun,297,Multiflora rose,S,0
1-Jun,297,Honeysuckle,S,0
1-Jun,297,Privot,S,0
1-Jun,297,Spicebush,S,0
1-Jun,297,Rubus,S,0
1-Jun,297,Mapleleaf viburnum,S,0
1-Jun,898,Buckthorn,N,2
1-Jun,898,Multiflora rose,N,0
1-Jun,898,Honeysuckle,N,0
1-Jun,898,Privot,N,1
1-Jun,898,Spicebush,N,0
1-Jun,898,Rubus,N,0
1-Jun,898,Mapleleaf viburnum,N,0
1-Jun,898,Buckthorn,S,0
1-Jun,898,Multiflora rose,S,1
1-Jun,898,Honeysuckle,S,0
1-Jun,898,Privot,S,0
1-Jun,898,Spicebush,S,0
1-Jun,898,Rubus,S,0
1-Jun,898,Mapleleaf viburnum,S,0
1-Jun,864,Buckthorn,N,1
1-Jun,864,Multiflora rose,N,0
1-Jun,864,Honeysuckle,N,0
1-Jun,864,Privot,N,0
1-Jun,864,Spicebush,N,0
1-Jun,864,Rubus,N,0
1-Jun,864,Mapleleaf viburnum,N,0
1-Jun,864,Buckthorn,S,1
1-Jun,864,Multiflora rose,S,1
1-Jun,864,Honeysuckle,S,0
1-Jun,864,Privot,S,0
1-Jun,864,Spicebush,S,0
1-Jun,864,Rubus,S,0
1-Jun,864,Mapleleaf viburnum,S,0
1-Jun,300,Buckthorn,N,0
1-Jun,300,Multiflora rose,N,4
1-Jun,300,Honeysuckle,N,0
1-Jun,300,Privot,N,1
1-Jun,300,Spicebush,N,0
1-Jun,300,Rubus,N,2
1-Jun,300,Mapleleaf viburnum,N,0
1-Jun,300,Buckthorn,S,1
1-Jun,300,Multiflora rose,S,2
1-Jun,300,Honeysuckle,S,0
1-Jun,300,Privot,S,0
1-Jun,300,Spicebush,S,0
1-Jun,300,Rubus,S,2
1-Jun,300,Mapleleaf viburnum,S,0
1-Jun,197,Buckthorn,N,0
1-Jun,197,Multiflora rose,N,0
1-Jun,197,Honeysuckle,N,0
1-Jun,197,Privot,N,0
1-Jun,197,Spicebush,N,0
1-Jun,197,Rubus,N,0
1-Jun,197,Mapleleaf viburnum,N,0
1-Jun,197,Buckthorn,S,1
1-Jun,197,Multiflora rose,S,1
1-Jun,197,Honeysuckle,S,0
1-Jun,197,Privot,S,0
1-Jun,197,Spicebush,S,0
1-Jun,197,Rubus,S,0
1-Jun,197,Mapleleaf viburnum,S,0
1-Jun,883,Buckthorn,N,1
1-Jun,883,Multiflora rose,N,2
1-Jun,883,Honeysuckle,N,0
1-Jun,883,Privot,N,0
1-Jun,883,Spicebush,N,0
1-Jun,883,Rubus,N,0
1-Jun,883,Mapleleaf viburnum,N,0
1-Jun,883,Buckthorn,S,0
1-Jun,883,Multiflora rose,S,0
1-Jun,883,Honeysuckle,S,1
1-Jun,883,Privot,S,0
1-Jun,883,Spicebush,S,0
1-Jun,883,Rubus,S,0
1-Jun,883,Mapleleaf viburnum,S,0
1-Jun,290,Buckthorn,N,0
1-Jun,290,Multiflora rose,N,0
1-Jun,290,Honeysuckle,N,0
1-Jun,290,Privot,N,0
1-Jun,290,Spicebush,N,0
1-Jun,290,Rubus,N,0
1-Jun,290,Mapleleaf viburnum,N,0
1-Jun,290,Buckthorn,S,1
1-Jun,290,Multiflora rose,S,0
1-Jun,290,Honeysuckle,S,0
1-Jun,290,Privot,S,0
1-Jun,290,Spicebush,S,0
1-Jun,290,Rubus,S,0
1-Jun,290,Mapleleaf viburnum,S,0
1-Jun,196,Buckthorn,N,0
1-Jun,196,Multiflora rose,N,0
1-Jun,196,Honeysuckle,N,0
1-Jun,196,Privot,N,0
1-Jun,196,Spicebush,N,0
1-Jun,196,Rubus,N,0
1-Jun,196,Mapleleaf viburnum,N,1
1-Jun,196,Buckthorn,S,0
1-Jun,196,Multiflora rose,S,0
1-Jun,196,Honeysuckle,S,0
1-Jun,196,Privot,S,0
1-Jun,196,Spicebush,S,0
1-Jun,196,Rubus,S,0
1-Jun,196,Mapleleaf viburnum,S,1
1-Jun,364,Buckthorn,N,0
1-Jun,364,Multiflora rose,N,0
1-Jun,364,Honeysuckle,N,0
1-Jun,364,Privot,N,0
1-Jun,364,Spicebush,N,0
1-Jun,364,Rubus,N,0
1-Jun,364,Mapleleaf viburnum,N,0
1-Jun,364,Buckthorn,S,1
1-Jun,364,Multiflora rose,S,0
1-Jun,364,Honeysuckle,S,0
1-Jun,364,Privot,S,0
1-Jun,364,Spicebush,S,0
1-Jun,364,Rubus,S,0
1-Jun,364,Mapleleaf viburnum,S,0
1-Jun,889,Buckthorn,N,1
1-Jun,889,Multiflora rose,N,0
1-Jun,889,Honeysuckle,N,0
1-Jun,889,Privot,N,0
1-Jun,889,Spicebush,N,0
1-Jun,889,Rubus,N,0
1-Jun,889,Mapleleaf viburnum,N,0
1-Jun,889,Buckthorn,S,0
1-Jun,889,Multiflora rose,S,0
1-Jun,889,Honeysuckle,S,0
1-Jun,889,Privot,S,0
1-Jun,889,Spicebush,S,0
1-Jun,889,Rubus,S,0
1-Jun,889,Mapleleaf viburnum,S,0
1-Jun,365,Buckthorn,N,1
1-Jun,365,Multiflora rose,N,1
1-Jun,365,Honeysuckle,N,0
1-Jun,365,Privot,N,0
1-Jun,365,Spicebush,N,0
1-Jun,365,Rubus,N,0
1-Jun,365,Mapleleaf viburnum,N,0
1-Jun,365,Buckthorn,S,1
1-Jun,365,Multiflora rose,S,0
1-Jun,365,Honeysuckle,S,0
1-Jun,365,Privot,S,0
1-Jun,365,Spicebush,S,0
1-Jun,365,Rubus,S,0
1-Jun,365,Mapleleaf viburnum,S,0
1-Jun,188,Buckthorn,N,1
1-Jun,188,Multiflora rose,N,0
1-Jun,188,Honeysuckle,N,0
1-Jun,188,Privot,N,0
1-Jun,188,Spicebush,N,0
1-Jun,188,Rubus,N,0
1-Jun,188,Mapleleaf viburnum,N,0
1-Jun,188,Buckthorn,S,0
1-Jun,188,Multiflora rose,S,1
1-Jun,188,Honeysuckle,S,0
1-Jun,188,Privot,S,0
1-Jun,188,Spicebush,S,0
1-Jun,188,Rubus,S,0
1-Jun,188,Mapleleaf viburnum,S,0
1-Jun,397,Buckthorn,N,0
1-Jun,397,Multiflora rose,N,0
1-Jun,397,Honeysuckle,N,0
1-Jun,397,Privot,N,0
1-Jun,397,Spicebush,N,0
1-Jun,397,Rubus,N,0
1-Jun,397,Mapleleaf viburnum,N,0
1-Jun,397,Buckthorn,S,0
1-Jun,397,Multiflora rose,S,0
1-Jun,397,Honeysuckle,S,0
1-Jun,397,Privot,S,0
1-Jun,397,Spicebush,S,0
1-Jun,397,Rubus,S,0
1-Jun,397,Mapleleaf viburnum,S,0
1-Jun,367,Buckthorn,N,1
1-Jun,367,Multiflora rose,N,0
1-Jun,367,Honeysuckle,N,0
1-Jun,367,Privot,N,0
1-Jun,367,Spicebush,N,0
1-Jun,367,Rubus,N,0
1-Jun,367,Mapleleaf viburnum,N,0
1-Jun,367,Buckthorn,S,1
1-Jun,367,Multiflora rose,S,0
1-Jun,367,Honeysuckle,S,0
1-Jun,367,Privot,S,0
1-Jun,367,Spicebush,S,0
1-Jun,367,Rubus,S,0
1-Jun,367,Mapleleaf viburnum,S,0
1-Jun,368,Buckthorn,N,1
1-Jun,368,Multiflora rose,N,1
1-Jun,368,Honeysuckle,N,0
1-Jun,368,Privot,N,0
1-Jun,368,Spicebush,N,0
1-Jun,368,Rubus,N,0
1-Jun,368,Mapleleaf viburnum,N,0
1-Jun,368,Buckthorn,S,1
1-Jun,368,Multiflora rose,S,1
1-Jun,368,Honeysuckle,S,0
1-Jun,368,Privot,S,0
1-Jun,368,Spicebush,S,0
1-Jun,368,Rubus,S,0
1-Jun,368,Mapleleaf viburnum,S,0
1-Jun,369,Buckthorn,N,0
1-Jun,369,Multiflora rose,N,0
1-Jun,369,Honeysuckle,N,0
1-Jun,369,Privot,N,0
1-Jun,369,Spicebush,N,0
1-Jun,369,Rubus,N,0
1-Jun,369,Mapleleaf viburnum,N,0
1-Jun,369,Buckthorn,S,0
1-Jun,369,Multiflora rose,S,0
1-Jun,369,Honeysuckle,S,0
1-Jun,369,Privot,S,0
1-Jun,369,Spicebush,S,0
1-Jun,369,Rubus,S,0
1-Jun,369,Mapleleaf viburnum,S,0
1-Jun,191,Buckthorn,N,0
1-Jun,191,Multiflora rose,N,0
1-Jun,191,Honeysuckle,N,0
1-Jun,191,Privot,N,0
1-Jun,191,Spicebush,N,0
1-Jun,191,Rubus,N,0
1-Jun,191,Mapleleaf viburnum,N,1
1-Jun,191,Buckthorn,S,0
1-Jun,191,Multiflora rose,S,0
1-Jun,191,Honeysuckle,S,0
1-Jun,191,Privot,S,0
1-Jun,191,Spicebush,S,0
1-Jun,191,Rubus,S,0
1-Jun,191,Mapleleaf viburnum,S,0
1-Jun,396,Buckthorn,N,1
1-Jun,396,Multiflora rose,N,2
1-Jun,396,Honeysuckle,N,0
1-Jun,396,Privot,N,0
1-Jun,396,Spicebush,N,1
1-Jun,396,Rubus,N,0
1-Jun,396,Mapleleaf viburnum,N,0
1-Jun,396,Buckthorn,S,1
1-Jun,396,Multiflora rose,S,2
1-Jun,396,Honeysuckle,S,0
1-Jun,396,Privot,S,0
1-Jun,396,Spicebush,S,0
1-Jun,396,Rubus,S,0
1-Jun,396,Mapleleaf viburnum,S,0
1-Jun,891,Buckthorn,N,1
1-Jun,891,Multiflora rose,N,0
1-Jun,891,Honeysuckle,N,0
1-Jun,891,Privot,N,0
1-Jun,891,Spicebush,N,1
1-Jun,891,Rubus,N,0
1-Jun,891,Mapleleaf viburnum,N,0
1-Jun,891,Buckthorn,S,1
1-Jun,891,Multiflora rose,S,2
1-Jun,891,Honeysuckle,S,0
1-Jun,891,Privot,S,0
1-Jun,891,Spicebush,S,0
1-Jun,891,Rubus,S,1
1-Jun,891,Mapleleaf viburnum,S,0
1-Jun,296,Buckthorn,N,1
1-Jun,296,Multiflora rose,N,0
1-Jun,296,Honeysuckle,N,0
1-Jun,296,Privot,N,0
1-Jun,296,Spicebush,N,0
1-Jun,296,Rubus,N,0
1-Jun,296,Mapleleaf viburnum,N,0
1-Jun,296,Buckthorn,S,0
1-Jun,296,Multiflora rose,S,1
1-Jun,296,Honeysuckle,S,0
1-Jun,296,Privot,S,0
1-Jun,296,Spicebush,S,0
1-Jun,296,Rubus,S,0
1-Jun,296,Mapleleaf viburnum,S,0
1-Jun,190,Buckthorn,N,0
1-Jun,190,Multiflora rose,N,0
1-Jun,190,Honeysuckle,N,0
1-Jun,190,Privot,N,0
1-Jun,190,Spicebush,N,0
1-Jun,190,Rubus,N,0
1-Jun,190,Mapleleaf viburnum,N,0
1-Jun,190,Buckthorn,S,0
1-Jun,190,Multiflora rose,S,0
1-Jun,190,Honeysuckle,S,0
1-Jun,190,Privot,S,0
1-Jun,190,Spicebush,S,0
1-Jun,190,Rubus,S,0
1-Jun,190,Mapleleaf viburnum,S,1
1-Jun,890,Buckthorn,N,1
1-Jun,890,Multiflora rose,N,0
1-Jun,890,Honeysuckle,N,0
1-Jun,890,Privot,N,0
1-Jun,890,Spicebush,N,0
1-Jun,890,Rubus,N,0
1-Jun,890,Mapleleaf viburnum,N,0
1-Jun,890,Buckthorn,S,1
1-Jun,890,Multiflora rose,S,0
1-Jun,890,Honeysuckle,S,0
1-Jun,890,Privot,S,0
1-Jun,890,Spicebush,S,0
1-Jun,890,Rubus,S,1
1-Jun,890,Mapleleaf viburnum,S,0
1-Jun,262,Buckthorn,N,0
1-Jun,262,Multiflora rose,N,0
1-Jun,262,Honeysuckle,N,0
1-Jun,262,Privot,N,0
1-Jun,262,Spicebush,N,0
1-Jun,262,Rubus,N,0
1-Jun,262,Mapleleaf viburnum,N,0
1-Jun,262,Buckthorn,S,0
1-Jun,262,Multiflora rose,S,0
1-Jun,262,Honeysuckle,S,0
1-Jun,262,Privot,S,0
1-Jun,262,Spicebush,S,0
1-Jun,262,Rubus,S,0
1-Jun,262,Mapleleaf viburnum,S,0
1-Jun,256,Buckthorn,N,0
1-Jun,256,Multiflora rose,N,0
1-Jun,256,Honeysuckle,N,0
1-Jun,256,Privot,N,0
1-Jun,256,Spicebush,N,0
1-Jun,256,Rubus,N,0
1-Jun,256,Mapleleaf viburnum,N,0
1-Jun,256,Buckthorn,S,1
1-Jun,256,Multiflora rose,S,0
1-Jun,256,Honeysuckle,S,0
1-Jun,256,Privot,S,0
1-Jun,256,Spicebush,S,0
1-Jun,256,Rubus,S,0
1-Jun,256,Mapleleaf viburnum,S,0
1-Jun,406,Buckthorn,N,0
1-Jun,406,Multiflora rose,N,0
1-Jun,406,Honeysuckle,N,0
1-Jun,406,Privot,N,0
1-Jun,406,Spicebush,N,0
1-Jun,406,Rubus,N,0
1-Jun,406,Mapleleaf viburnum,N,0
1-Jun,406,Buckthorn,S,0
1-Jun,406,Multiflora rose,S,0
1-Jun,406,Honeysuckle,S,0
1-Jun,406,Privot,S,0
1-Jun,406,Spicebush,S,1
1-Jun,406,Rubus,S,0
1-Jun,406,Mapleleaf viburnum,S,1
1-Jun,405,Buckthorn,N,1
1-Jun,405,Multiflora rose,N,0
1-Jun,405,Honeysuckle,N,0
1-Jun,405,Privot,N,0
1-Jun,405,Spicebush,N,1
1-Jun,405,Rubus,N,0
1-Jun,405,Mapleleaf viburnum,N,0
1-Jun,405,Buckthorn,S,0
1-Jun,405,Multiflora rose,S,0
1-Jun,405,Honeysuckle,S,0
1-Jun,405,Privot,S,0
1-Jun,405,Spicebush,S,0
1-Jun,405,Rubus,S,0
1-Jun,405,Mapleleaf viburnum,S,0
1-Jun,886,Buckthorn,N,0
1-Jun,886,Multiflora rose,N,0
1-Jun,886,Honeysuckle,N,0
1-Jun,886,Privot,N,0
1-Jun,886,Spicebush,N,0
1-Jun,886,Rubus,N,0
1-Jun,886,Mapleleaf viburnum,N,1
1-Jun,886,Buckthorn,S,1
1-Jun,886,Multiflora rose,S,0
1-Jun,886,Honeysuckle,S,0
1-Jun,886,Privot,S,0
1-Jun,886,Spicebush,S,0
1-Jun,886,Rubus,S,0
1-Jun,886,Mapleleaf viburnum,S,0
1-Jun,412,Buckthorn,N,1
1-Jun,412,Multiflora rose,N,1
1-Jun,412,Honeysuckle,N,0
1-Jun,412,Privot,N,0
1-Jun,412,Spicebush,N,1
1-Jun,412,Rubus,N,0
1-Jun,412,Mapleleaf viburnum,N,0
1-Jun,412,Buckthorn,S,0
1-Jun,412,Multiflora rose,S,0
1-Jun,412,Honeysuckle,S,0
1-Jun,412,Privot,S,0
1-Jun,412,Spicebush,S,0
1-Jun,412,Rubus,S,0
1-Jun,412,Mapleleaf viburnum,S,0
1-Jun,401,Buckthorn,N,0
1-Jun,401,Multiflora rose,N,0
1-Jun,401,Honeysuckle,N,0
1-Jun,401,Privot,N,0
1-Jun,401,Spicebush,N,0
1-Jun,401,Rubus,N,0
1-Jun,401,Mapleleaf viburnum,N,0
1-Jun,401,Buckthorn,S,0
1-Jun,401,Multiflora rose,S,0
1-Jun,401,Honeysuckle,S,0
1-Jun,401,Privot,S,0
1-Jun,401,Spicebush,S,0
1-Jun,401,Rubus,S,0
1-Jun,401,Mapleleaf viburnum,S,0
1-Jun,266,Buckthorn,N,1
1-Jun,266,Multiflora rose,N,0
1-Jun,266,Honeysuckle,N,0
1-Jun,266,Privot,N,0
1-Jun,266,Spicebush,N,0
1-Jun,266,Rubus,N,0
1-Jun,266,Mapleleaf viburnum,N,0
1-Jun,266,Buckthorn,S,0
1-Jun,266,Multiflora rose,S,0
1-Jun,266,Honeysuckle,S,0
1-Jun,266,Privot,S,0
1-Jun,266,Spicebush,S,0
1-Jun,266,Rubus,S,0
1-Jun,266,Mapleleaf viburnum,S,0
1-Jun,263,Buckthorn,N,0
1-Jun,263,Multiflora rose,N,0
1-Jun,263,Honeysuckle,N,0
1-Jun,263,Privot,N,0
1-Jun,263,Spicebush,N,0
1-Jun,263,Rubus,N,0
1-Jun,263,Mapleleaf viburnum,N,0
1-Jun,263,Buckthorn,S,1
1-Jun,263,Multiflora rose,S,0
1-Jun,263,Honeysuckle,S,0
1-Jun,263,Privot,S,0
1-Jun,263,Spicebush,S,0
1-Jun,263,Rubus,S,0
1-Jun,263,Mapleleaf viburnum,S,0
1-Jun,404,Buckthorn,N,0
1-Jun,404,Multiflora rose,N,1
1-Jun,404,Honeysuckle,N,0
1-Jun,404,Privot,N,0
1-Jun,404,Spicebush,N,0
1-Jun,404,Rubus,N,0
1-Jun,404,Mapleleaf viburnum,N,0
1-Jun,404,Buckthorn,S,0
1-Jun,404,Multiflora rose,S,1
1-Jun,404,Honeysuckle,S,0
1-Jun,404,Privot,S,0
1-Jun,404,Spicebush,S,0
1-Jun,404,Rubus,S,0
1-Jun,404,Mapleleaf viburnum,S,0
1-Jun,410,Buckthorn,N,0
1-Jun,410,Multiflora rose,N,2
1-Jun,410,Honeysuckle,N,0
1-Jun,410,Privot,N,0
1-Jun,410,Spicebush,N,1
1-Jun,410,Rubus,N,0
1-Jun,410,Mapleleaf viburnum,N,1
1-Jun,410,Buckthorn,S,0
1-Jun,410,Multiflora rose,S,0
1-Jun,410,Honeysuckle,S,0
1-Jun,410,Privot,S,0
1-Jun,410,Spicebush,S,1
1-Jun,410,Rubus,S,0
1-Jun,410,Mapleleaf viburnum,S,0
1-Jun,269,Buckthorn,N,0
1-Jun,269,Multiflora rose,N,0
1-Jun,269,Honeysuckle,N,0
1-Jun,269,Privot,N,0
1-Jun,269,Spicebush,N,1
1-Jun,269,Rubus,N,0
1-Jun,269,Mapleleaf viburnum,N,1
1-Jun,269,Buckthorn,S,0
1-Jun,269,Multiflora rose,S,1
1-Jun,269,Honeysuckle,S,0
1-Jun,269,Privot,S,0
1-Jun,269,Spicebush,S,1
1-Jun,269,Rubus,S,1
1-Jun,269,Mapleleaf viburnum,S,0
1-Jun,264,Buckthorn,N,0
1-Jun,264,Multiflora rose,N,0
1-Jun,264,Honeysuckle,N,0
1-Jun,264,Privot,N,0
1-Jun,264,Spicebush,N,0
1-Jun,264,Rubus,N,1
1-Jun,264,Mapleleaf viburnum,N,0
1-Jun,264,Buckthorn,S,1
1-Jun,264,Multiflora rose,S,0
1-Jun,264,Honeysuckle,S,0
1-Jun,264,Privot,S,0
1-Jun,264,Spicebush,S,0
1-Jun,264,Rubus,S,0
1-Jun,264,Mapleleaf viburnum,S,0
1-Jun,265,Buckthorn,N,1
1-Jun,265,Multiflora rose,N,0
1-Jun,265,Honeysuckle,N,0
1-Jun,265,Privot,N,0
1-Jun,265,Spicebush,N,0
1-Jun,265,Rubus,N,0
1-Jun,265,Mapleleaf viburnum,N,0
1-Jun,265,Buckthorn,S,0
1-Jun,265,Multiflora rose,S,0
1-Jun,265,Honeysuckle,S,0
1-Jun,265,Privot,S,0
1-Jun,265,Spicebush,S,0
1-Jun,265,Rubus,S,0
1-Jun,265,Mapleleaf viburnum,S,0
1-Jun,411,Buckthorn,N,1
1-Jun,411,Multiflora rose,N,0
1-Jun,411,Honeysuckle,N,0
1-Jun,411,Privot,N,0
1-Jun,411,Spicebush,N,0
1-Jun,411,Rubus,N,0
1-Jun,411,Mapleleaf viburnum,N,0
1-Jun,411,Buckthorn,S,0
1-Jun,411,Multiflora rose,S,0
1-Jun,411,Honeysuckle,S,0
1-Jun,411,Privot,S,0
1-Jun,411,Spicebush,S,0
1-Jun,411,Rubus,S,0
1-Jun,411,Mapleleaf viburnum,S,0
1-Jun,408,Buckthorn,N,0
1-Jun,408,Multiflora rose,N,1
1-Jun,408,Honeysuckle,N,0
1-Jun,408,Privot,N,0
1-Jun,408,Spicebush,N,1
1-Jun,408,Rubus,N,0
1-Jun,408,Mapleleaf viburnum,N,0
1-Jun,408,Buckthorn,S,0
1-Jun,408,Multiflora rose,S,2
1-Jun,408,Honeysuckle,S,0
1-Jun,408,Privot,S,0
1-Jun,408,Spicebush,S,0
1-Jun,408,Rubus,S,0
1-Jun,408,Mapleleaf viburnum,S,1
1-Jun,200,Buckthorn,N,0
1-Jun,200,Multiflora rose,N,0
1-Jun,200,Honeysuckle,N,0
1-Jun,200,Privot,N,0
1-Jun,200,Spicebush,N,1
1-Jun,200,Rubus,N,0
1-Jun,200,Mapleleaf viburnum,N,0
1-Jun,200,Buckthorn,S,0
1-Jun,200,Multiflora rose,S,0
1-Jun,200,Honeysuckle,S,0
1-Jun,200,Privot,S,0
1-Jun,200,Spicebush,S,0
1-Jun,200,Rubus,S,0
1-Jun,200,Mapleleaf viburnum,S,1
1-Jun,187,Buckthorn,N,0
1-Jun,187,Multiflora rose,N,1
1-Jun,187,Honeysuckle,N,0
1-Jun,187,Privot,N,0
1-Jun,187,Spicebush,N,0
1-Jun,187,Rubus,N,0
1-Jun,187,Mapleleaf viburnum,N,0
1-Jun,187,Buckthorn,S,0
1-Jun,187,Multiflora rose,S,1
1-Jun,187,Honeysuckle,S,0
1-Jun,187,Privot,S,0
1-Jun,187,Spicebush,S,0
1-Jun,187,Rubus,S,0
1-Jun,187,Mapleleaf viburnum,S,0
1-Jun,260,Buckthorn,N,1
1-Jun,260,Multiflora rose,N,0
1-Jun,260,Honeysuckle,N,0
1-Jun,260,Privot,N,0
1-Jun,260,Spicebush,N,0
1-Jun,260,Rubus,N,0
1-Jun,260,Mapleleaf viburnum,N,0
1-Jun,260,Buckthorn,S,0
1-Jun,260,Multiflora rose,S,2
1-Jun,260,Honeysuckle,S,0
1-Jun,260,Privot,S,0
1-Jun,260,Spicebush,S,0
1-Jun,260,Rubus,S,0
1-Jun,260,Mapleleaf viburnum,S,0
1-Jun,270,Buckthorn,N,1
1-Jun,270,Multiflora rose,N,0
1-Jun,270,Honeysuckle,N,0
1-Jun,270,Privot,N,0
1-Jun,270,Spicebush,N,0
1-Jun,270,Rubus,N,0
1-Jun,270,Mapleleaf viburnum,N,0
1-Jun,270,Buckthorn,S,0
1-Jun,270,Multiflora rose,S,1
1-Jun,270,Honeysuckle,S,0
1-Jun,270,Privot,S,0
1-Jun,270,Spicebush,S,0
1-Jun,270,Rubus,S,0
1-Jun,270,Mapleleaf viburnum,S,0
1-Jun,255,Buckthorn,N,1
1-Jun,255,Multiflora rose,N,1
1-Jun,255,Honeysuckle,N,0
1-Jun,255,Privot,N,0
1-Jun,255,Spicebush,N,0
1-Jun,255,Rubus,N,0
1-Jun,255,Mapleleaf viburnum,N,0
1-Jun,255,Buckthorn,S,1
1-Jun,255,Multiflora rose,S,0
1-Jun,255,Honeysuckle,S,0
1-Jun,255,Privot,S,0
1-Jun,255,Spicebush,S,0
1-Jun,255,Rubus,S,1
1-Jun,255,Mapleleaf viburnum,S,0
1-Jun,254,Buckthorn,N,1
1-Jun,254,Multiflora rose,N,0
1-Jun,254,Honeysuckle,N,0
1-Jun,254,Privot,N,0
1-Jun,254,Spicebush,N,0
1-Jun,254,Rubus,N,0
1-Jun,254,Mapleleaf viburnum,N,0
1-Jun,254,Buckthorn,S,1
1-Jun,254,Multiflora rose,S,1
1-Jun,254,Honeysuckle,S,0
1-Jun,254,Privot,S,0
1-Jun,254,Spicebush,S,0
1-Jun,254,Rubus,S,1
1-Jun,254,Mapleleaf viburnum,S,0
1-Jun,375,Buckthorn,N,0
1-Jun,375,Multiflora rose,N,1
1-Jun,375,Honeysuckle,N,0
1-Jun,375,Privot,N,0
1-Jun,375,Spicebush,N,0
1-Jun,375,Rubus,N,0
1-Jun,375,Mapleleaf viburnum,N,0
1-Jun,375,Buckthorn,S,1
1-Jun,375,Multiflora rose,S,0
1-Jun,375,Honeysuckle,S,0
1-Jun,375,Privot,S,0
1-Jun,375,Spicebush,S,0
1-Jun,375,Rubus,S,0
1-Jun,375,Mapleleaf viburnum,S,0
1-Jun,362,Buckthorn,N,0
1-Jun,362,Multiflora rose,N,0
1-Jun,362,Honeysuckle,N,0
1-Jun,362,Privot,N,0
1-Jun,362,Spicebush,N,0
1-Jun,362,Rubus,N,0
1-Jun,362,Mapleleaf viburnum,N,0
1-Jun,362,Buckthorn,S,0
1-Jun,362,Multiflora rose,S,0
1-Jun,362,Honeysuckle,S,0
1-Jun,362,Privot,S,0
1-Jun,362,Spicebush,S,0
1-Jun,362,Rubus,S,0
1-Jun,362,Mapleleaf viburnum,S,0
1-Jun,373,Buckthorn,N,0
1-Jun,373,Multiflora rose,N,1
1-Jun,373,Honeysuckle,N,0
1-Jun,373,Privot,N,0
1-Jun,373,Spicebush,N,0
1-Jun,373,Rubus,N,0
1-Jun,373,Mapleleaf viburnum,N,0
1-Jun,373,Buckthorn,S,1
1-Jun,373,Multiflora rose,S,1
1-Jun,373,Honeysuckle,S,0
1-Jun,373,Privot,S,0
1-Jun,373,Spicebush,S,0
1-Jun,373,Rubus,S,0
1-Jun,373,Mapleleaf viburnum,S,0
1-Jun,258,Buckthorn,N,0
1-Jun,258,Multiflora rose,N,0
1-Jun,258,Honeysuckle,N,0
1-Jun,258,Privot,N,0
1-Jun,258,Spicebush,N,0
1-Jun,258,Rubus,N,0
1-Jun,258,Mapleleaf viburnum,N,0
1-Jun,258,Buckthorn,S,0
1-Jun,258,Multiflora rose,S,0
1-Jun,258,Honeysuckle,S,0
1-Jun,258,Privot,S,0
1-Jun,258,Spicebush,S,0
1-Jun,258,Rubus,S,0
1-Jun,258,Mapleleaf viburnum,S,0
1-Jun,398,Buckthorn,N,0
1-Jun,398,Multiflora rose,N,0
1-Jun,398,Honeysuckle,N,0
1-Jun,398,Privot,N,0
1-Jun,398,Spicebush,N,0
1-Jun,398,Rubus,N,0
1-Jun,398,Mapleleaf viburnum,N,1
1-Jun,398,Buckthorn,S,0
1-Jun,398,Multiflora rose,S,0
1-Jun,398,Honeysuckle,S,0
1-Jun,398,Privot,S,0
1-Jun,398,Spicebush,S,0
1-Jun,398,Rubus,S,0
1-Jun,398,Mapleleaf viburnum,S,0
1-Jun,288,Buckthorn,N,0
1-Jun,288,Multiflora rose,N,0
1-Jun,288,Honeysuckle,N,0
1-Jun,288,Privot,N,0
1-Jun,288,Spicebush,N,0
1-Jun,288,Rubus,N,0
1-Jun,288,Mapleleaf viburnum,N,0
1-Jun,288,Buckthorn,S,0
1-Jun,288,Multiflora rose,S,0
1-Jun,288,Honeysuckle,S,0
1-Jun,288,Privot,S,0
1-Jun,288,Spicebush,S,1
1-Jun,288,Rubus,S,0
1-Jun,288,Mapleleaf viburnum,S,0
1-Jun,256,Buckthorn,N,1
1-Jun,256,Multiflora rose,N,0
1-Jun,256,Honeysuckle,N,0
1-Jun,256,Privot,N,0
1-Jun,256,Spicebush,N,0
1-Jun,256,Rubus,N,0
1-Jun,256,Mapleleaf viburnum,N,0
1-Jun,256,Buckthorn,S,1
1-Jun,256,Multiflora rose,S,0
1-Jun,256,Honeysuckle,S,0
1-Jun,256,Privot,S,0
1-Jun,256,Spicebush,S,1
1-Jun,256,Rubus,S,0
1-Jun,256,Mapleleaf viburnum,S,0
1-Jun,363,Buckthorn,N,1
1-Jun,363,Multiflora rose,N,0
1-Jun,363,Honeysuckle,N,0
1-Jun,363,Privot,N,0
1-Jun,363,Spicebush,N,0
1-Jun,363,Rubus,N,0
1-Jun,363,Mapleleaf viburnum,N,0
1-Jun,363,Buckthorn,S,1
1-Jun,363,Multiflora rose,S,0
1-Jun,363,Honeysuckle,S,0
1-Jun,363,Privot,S,0
1-Jun,363,Spicebush,S,0
1-Jun,363,Rubus,S,0
1-Jun,363,Mapleleaf viburnum,S,0
1-Jun,365,Buckthorn,N,1
1-Jun,365,Multiflora rose,N,0
1-Jun,365,Honeysuckle,N,0
1-Jun,365,Privot,N,0
1-Jun,365,Spicebush,N,0
1-Jun,365,Rubus,N,0
1-Jun,365,Mapleleaf viburnum,N,0
1-Jun,365,Buckthorn,S,1
1-Jun,365,Multiflora rose,S,0
1-Jun,365,Honeysuckle,S,0
1-Jun,365,Privot,S,0
1-Jun,365,Spicebush,S,0
1-Jun,365,Rubus,S,0
1-Jun,365,Mapleleaf viburnum,S,0
1-Jun,355,Buckthorn,N,1
1-Jun,355,Multiflora rose,N,1
1-Jun,355,Honeysuckle,N,0
1-Jun,355,Privot,N,0
1-Jun,355,Spicebush,N,0
1-Jun,355,Rubus,N,0
1-Jun,355,Mapleleaf viburnum,N,0
1-Jun,355,Buckthorn,S,0
1-Jun,355,Multiflora rose,S,1
1-Jun,355,Honeysuckle,S,0
1-Jun,355,Privot,S,0
1-Jun,355,Spicebush,S,0
1-Jun,355,Rubus,S,0
1-Jun,355,Mapleleaf viburnum,S,0
1-Jun,189,Buckthorn,N,1
1-Jun,189,Multiflora rose,N,0
1-Jun,189,Honeysuckle,N,0
1-Jun,189,Privot,N,0
1-Jun,189,Spicebush,N,1
1-Jun,189,Rubus,N,1
1-Jun,189,Mapleleaf viburnum,N,0
1-Jun,189,Buckthorn,S,1
1-Jun,189,Multiflora rose,S,0
1-Jun,189,Honeysuckle,S,0
1-Jun,189,Privot,S,0
1-Jun,189,Spicebush,S,0
1-Jun,189,Rubus,S,0
1-Jun,189,Mapleleaf viburnum,S,1
1-Jun,357,Buckthorn,N,1
1-Jun,357,Multiflora rose,N,1
1-Jun,357,Honeysuckle,N,0
1-Jun,357,Privot,N,0
1-Jun,357,Spicebush,N,0
1-Jun,357,Rubus,N,0
1-Jun,357,Mapleleaf viburnum,N,0
1-Jun,357,Buckthorn,S,1
1-Jun,357,Multiflora rose,S,0
1-Jun,357,Honeysuckle,S,0
1-Jun,357,Privot,S,1
1-Jun,357,Spicebush,S,1
1-Jun,357,Rubus,S,0
1-Jun,357,Mapleleaf viburnum,S,1
1-Jun,199,Buckthorn,N,1
1-Jun,199,Multiflora rose,N,0
1-Jun,199,Honeysuckle,N,0
1-Jun,199,Privot,N,0
1-Jun,199,Spicebush,N,0
1-Jun,199,Rubus,N,0
1-Jun,199,Mapleleaf viburnum,N,0
1-Jun,199,Buckthorn,S,1
1-Jun,199,Multiflora rose,S,0
1-Jun,199,Honeysuckle,S,0
1-Jun,199,Privot,S,0
1-Jun,199,Spicebush,S,0
1-Jun,199,Rubus,S,0
1-Jun,199,Mapleleaf viburnum,S,0
1-Jun,409,Buckthorn,N,0
1-Jun,409,Multiflora rose,N,0
1-Jun,409,Honeysuckle,N,0
1-Jun,409,Privot,N,0
1-Jun,409,Spicebush,N,0
1-Jun,409,Rubus,N,0
1-Jun,409,Mapleleaf viburnum,N,1
1-Jun,409,Buckthorn,S,0
1-Jun,409,Multiflora rose,S,0
1-Jun,409,Honeysuckle,S,0
1-Jun,409,Privot,S,0
1-Jun,409,Spicebush,S,0
1-Jun,409,Rubus,S,0
1-Jun,409,Mapleleaf viburnum,S,0
1-Jun,882,Buckthorn,N,0
1-Jun,882,Multiflora rose,N,1
1-Jun,882,Honeysuckle,N,0
1-Jun,882,Privot,N,0
1-Jun,882,Spicebush,N,0
1-Jun,882,Rubus,N,1
1-Jun,882,Mapleleaf viburnum,N,0
1-Jun,882,Buckthorn,S,0
1-Jun,882,Multiflora rose,S,1
1-Jun,882,Honeysuckle,S,0
1-Jun,882,Privot,S,0
1-Jun,882,Spicebush,S,0
1-Jun,882,Rubus,S,1
1-Jun,882,Mapleleaf viburnum,S,0
1-Jun,284,Buckthorn,N,0
1-Jun,284,Multiflora rose,N,0
1-Jun,284,Honeysuckle,N,0
1-Jun,284,Privot,N,0
1-Jun,284,Spicebush,N,0
1-Jun,284,Rubus,N,1
1-Jun,284,Mapleleaf viburnum,N,0
1-Jun,284,Buckthorn,S,1
1-Jun,284,Multiflora rose,S,0
1-Jun,284,Honeysuckle,S,0
1-Jun,284,Privot,S,0
1-Jun,284,Spicebush,S,0
1-Jun,284,Rubus,S,0
1-Jun,284,Mapleleaf viburnum,S,0
1-Jun,372,Buckthorn,N,1
1-Jun,372,Multiflora rose,N,0
1-Jun,372,Honeysuckle,N,0
1-Jun,372,Privot,N,0
1-Jun,372,Spicebush,N,0
1-Jun,372,Rubus,N,1
1-Jun,372,Mapleleaf viburnum,N,0
1-Jun,372,Buckthorn,S,1
1-Jun,372,Multiflora rose,S,0
1-Jun,372,Honeysuckle,S,0
1-Jun,372,Privot,S,0
1-Jun,372,Spicebush,S,0
1-Jun,372,Rubus,S,1
1-Jun,372,Mapleleaf viburnum,S,0
1-Jun,359,Buckthorn,N,1
1-Jun,359,Multiflora rose,N,0
1-Jun,359,Honeysuckle,N,0
1-Jun,359,Privot,N,0
1-Jun,359,Spicebush,N,0
1-Jun,359,Rubus,N,0
1-Jun,359,Mapleleaf viburnum,N,1
1-Jun,359,Buckthorn,S,1
1-Jun,359,Multiflora rose,S,0
1-Jun,359,Honeysuckle,S,0
1-Jun,359,Privot,S,0
1-Jun,359,Spicebush,S,0
1-Jun,359,Rubus,S,0
1-Jun,359,Mapleleaf viburnum,S,0
1-Jun,892,Buckthorn,N,1
1-Jun,892,Multiflora rose,N,2
1-Jun,892,Honeysuckle,N,0
1-Jun,892,Privot,N,0
1-Jun,892,Spicebush,N,0
1-Jun,892,Rubus,N,0
1-Jun,892,Mapleleaf viburnum,N,1
1-Jun,892,Buckthorn,S,1
1-Jun,892,Multiflora rose,S,2
1-Jun,892,Honeysuckle,S,0
1-Jun,892,Privot,S,1
1-Jun,892,Spicebush,S,0
1-Jun,892,Rubus,S,0
1-Jun,892,Mapleleaf viburnum,S,0
1-Jun,893,Buckthorn,N,1
1-Jun,893,Multiflora rose,N,2
1-Jun,893,Honeysuckle,N,0
1-Jun,893,Privot,N,0
1-Jun,893,Spicebush,N,0
1-Jun,893,Rubus,N,0
1-Jun,893,Mapleleaf viburnum,N,1
1-Jun,893,Buckthorn,S,1
1-Jun,893,Multiflora rose,S,3
1-Jun,893,Honeysuckle,S,2
1-Jun,893,Privot,S,0
1-Jun,893,Spicebush,S,0
1-Jun,893,Rubus,S,0
1-Jun,893,Mapleleaf viburnum,S,1
1-Jun,894,Buckthorn,N,2
1-Jun,894,Multiflora rose,N,0
1-Jun,894,Honeysuckle,N,0
1-Jun,894,Privot,N,0
1-Jun,894,Spicebush,N,0
1-Jun,894,Rubus,N,0
1-Jun,894,Mapleleaf viburnum,N,1
1-Jun,894,Buckthorn,S,3
1-Jun,894,Multiflora rose,S,0
1-Jun,894,Honeysuckle,S,0
1-Jun,894,Privot,S,1
1-Jun,894,Spicebush,S,0
1-Jun,894,Rubus,S,0
1-Jun,894,Mapleleaf viburnum,S,0
1-Jun,253,Buckthorn,N,2
1-Jun,253,Multiflora rose,N,3
1-Jun,253,Honeysuckle,N,0
1-Jun,253,Privot,N,1
1-Jun,253,Spicebush,N,0
1-Jun,253,Rubus,N,0
1-Jun,253,Mapleleaf viburnum,N,1
1-Jun,253,Buckthorn,S,3
1-Jun,253,Multiflora rose,S,1
1-Jun,253,Honeysuckle,S,1
1-Jun,253,Privot,S,0
1-Jun,253,Spicebush,S,0
1-Jun,253,Rubus,S,0
1-Jun,253,Mapleleaf viburnum,S,0
1-Jun,399,Buckthorn,N,2
1-Jun,399,Multiflora rose,N,1
1-Jun,399,Honeysuckle,N,0
1-Jun,399,Privot,N,0
1-Jun,399,Spicebush,N,0
1-Jun,399,Rubus,N,0
1-Jun,399,Mapleleaf viburnum,N,0
1-Jun,399,Buckthorn,S,2
1-Jun,399,Multiflora rose,S,0
1-Jun,399,Honeysuckle,S,0
1-Jun,399,Privot,S,0
1-Jun,399,Spicebush,S,0
1-Jun,399,Rubus,S,0
1-Jun,399,Mapleleaf viburnum,S,0
1-Jun,400,Buckthorn,N,2
1-Jun,400,Multiflora rose,N,0
1-Jun,400,Honeysuckle,N,0
1-Jun,400,Privot,N,1
1-Jun,400,Spicebush,N,0
1-Jun,400,Rubus,N,0
1-Jun,400,Mapleleaf viburnum,N,0
1-Jun,400,Buckthorn,S,1
1-Jun,400,Multiflora rose,S,0
1-Jun,400,Honeysuckle,S,0
1-Jun,400,Privot,S,0
1-Jun,400,Spicebush,S,0
1-Jun,400,Rubus,S,0
1-Jun,400,Mapleleaf viburnum,S,0
1-Jun,252,Buckthorn,N,2
1-Jun,252,Multiflora rose,N,1
1-Jun,252,Honeysuckle,N,0
1-Jun,252,Privot,N,0
1-Jun,252,Spicebush,N,0
1-Jun,252,Rubus,N,0
1-Jun,252,Mapleleaf viburnum,N,0
1-Jun,252,Buckthorn,S,2
1-Jun,252,Multiflora rose,S,0
1-Jun,252,Honeysuckle,S,0
1-Jun,252,Privot,S,0
1-Jun,252,Spicebush,S,0
1-Jun,252,Rubus,S,0
1-Jun,252,Mapleleaf viburnum,S,0
1-Jun,272,Buckthorn,N,2
1-Jun,272,Multiflora rose,N,1
1-Jun,272,Honeysuckle,N,1
1-Jun,272,Privot,N,0
1-Jun,272,Spicebush,N,0
1-Jun,272,Rubus,N,1
1-Jun,272,Mapleleaf viburnum,N,1
1-Jun,272,Buckthorn,S,2
1-Jun,272,Multiflora rose,S,1
1-Jun,272,Honeysuckle,S,1
1-Jun,272,Privot,S,0
1-Jun,272,Spicebush,S,0
1-Jun,272,Rubus,S,1
1-Jun,272,Mapleleaf viburnum,S,1
1-Jun,353,Buckthorn,N,1
1-Jun,353,Multiflora rose,N,1
1-Jun,353,Honeysuckle,N,0
1-Jun,353,Privot,N,0
1-Jun,353,Spicebush,N,0
1-Jun,353,Rubus,N,2
1-Jun,353,Mapleleaf viburnum,N,0
1-Jun,353,Buckthorn,S,1
1-Jun,353,Multiflora rose,S,1
1-Jun,353,Honeysuckle,S,0
1-Jun,353,Privot,S,0
1-Jun,353,Spicebush,S,0
1-Jun,353,Rubus,S,2
1-Jun,353,Mapleleaf viburnum,S,1
1-Jun,361,Buckthorn,N,1
1-Jun,361,Multiflora rose,N,3
1-Jun,361,Honeysuckle,N,0
1-Jun,361,Privot,N,0
1-Jun,361,Spicebush,N,0
1-Jun,361,Rubus,N,0
1-Jun,361,Mapleleaf viburnum,N,1
1-Jun,361,Buckthorn,S,1
1-Jun,361,Multiflora rose,S,3
1-Jun,361,Honeysuckle,S,0
1-Jun,361,Privot,S,0
1-Jun,361,Spicebush,S,0
1-Jun,361,Rubus,S,0
1-Jun,361,Mapleleaf viburnum,S,1
1-Jun,348,Buckthorn,N,2
1-Jun,348,Multiflora rose,N,0
1-Jun,348,Honeysuckle,N,1
1-Jun,348,Privot,N,0
1-Jun,348,Spicebush,N,0
1-Jun,348,Rubus,N,0
1-Jun,348,Mapleleaf viburnum,N,0
1-Jun,348,Buckthorn,S,2
1-Jun,348,Multiflora rose,S,0
1-Jun,348,Honeysuckle,S,0
1-Jun,348,Privot,S,2
1-Jun,348,Spicebush,S,0
1-Jun,348,Rubus,S,0
1-Jun,348,Mapleleaf viburnum,S,0
1-Jun,371,Buckthorn,N,2
1-Jun,371,Multiflora rose,N,1
1-Jun,371,Honeysuckle,N,0
1-Jun,371,Privot,N,0
1-Jun,371,Spicebush,N,0
1-Jun,371,Rubus,N,0
1-Jun,371,Mapleleaf viburnum,N,0
1-Jun,371,Buckthorn,S,2
1-Jun,371,Multiflora rose,S,1
1-Jun,371,Honeysuckle,S,2
1-Jun,371,Privot,S,0
1-Jun,371,Spicebush,S,0
1-Jun,371,Rubus,S,0
1-Jun,371,Mapleleaf viburnum,S,1
1-Jun,351,Buckthorn,N,2
1-Jun,351,Multiflora rose,N,1
1-Jun,351,Honeysuckle,N,0
1-Jun,351,Privot,N,0
1-Jun,351,Spicebush,N,0
1-Jun,351,Rubus,N,0
1-Jun,351,Mapleleaf viburnum,N,0
1-Jun,351,Buckthorn,S,3
1-Jun,351,Multiflora rose,S,1
1-Jun,351,Honeysuckle,S,1
1-Jun,351,Privot,S,0
1-Jun,351,Spicebush,S,0
1-Jun,351,Rubus,S,0
1-Jun,351,Mapleleaf viburnum,S,0
1-Jun,352,Buckthorn,N,1
1-Jun,352,Multiflora rose,N,1
1-Jun,352,Honeysuckle,N,1
1-Jun,352,Privot,N,0
1-Jun,352,Spicebush,N,0
1-Jun,352,Rubus,N,0
1-Jun,352,Mapleleaf viburnum,N,0
1-Jun,352,Buckthorn,S,1
1-Jun,352,Multiflora rose,S,2
1-Jun,352,Honeysuckle,S,0
1-Jun,352,Privot,S,0
1-Jun,352,Spicebush,S,0
1-Jun,352,Rubus,S,0
1-Jun,352,Mapleleaf viburnum,S,0
1-Jun,293,Buckthorn,N,1
1-Jun,293,Multiflora rose,N,0
1-Jun,293,Honeysuckle,N,0
1-Jun,293,Privot,N,0
1-Jun,293,Spicebush,N,0
1-Jun,293,Rubus,N,1
1-Jun,293,Mapleleaf viburnum,N,0
1-Jun,293,Buckthorn,S,1
1-Jun,293,Multiflora rose,S,0
1-Jun,293,Honeysuckle,S,0
1-Jun,293,Privot,S,0
1-Jun,293,Spicebush,S,0
1-Jun,293,Rubus,S,0
1-Jun,293,Mapleleaf viburnum,S,0
1-Jun,299,Buckthorn,N,1
1-Jun,299,Multiflora rose,N,3
1-Jun,299,Honeysuckle,N,0
1-Jun,299,Privot,N,2
1-Jun,299,Spicebush,N,0
1-Jun,299,Rubus,N,1
1-Jun,299,Mapleleaf viburnum,N,0
1-Jun,299,Buckthorn,S,1
1-Jun,299,Multiflora rose,S,2
1-Jun,299,Honeysuckle,S,0
1-Jun,299,Privot,S,0
1-Jun,299,Spicebush,S,1
1-Jun,299,Rubus,S,1
1-Jun,299,Mapleleaf viburnum,S,0
3-Jun,289,Buckthorn,N,1
3-Jun,289,Multiflora rose,N,1
3-Jun,289,Honeysuckle,N,0
3-Jun,289,Privot,N,0
3-Jun,289,Spicebush,N,0
3-Jun,289,Rubus,N,0
3-Jun,289,Mapleleaf viburnum,N,0
3-Jun,289,Buckthorn,S,0
3-Jun,289,Multiflora rose,S,0
3-Jun,289,Honeysuckle,S,0
3-Jun,289,Privot,S,0
3-Jun,289,Spicebush,S,0
3-Jun,289,Rubus,S,0
3-Jun,289,Mapleleaf viburnum,S,0
3-Jun,345,Buckthorn,N,0
3-Jun,345,Multiflora rose,N,0
3-Jun,345,Honeysuckle,N,0
3-Jun,345,Privot,N,0
3-Jun,345,Spicebush,N,0
3-Jun,345,Rubus,N,0
3-Jun,345,Mapleleaf viburnum,N,0
3-Jun,345,Buckthorn,S,1
3-Jun,345,Multiflora rose,S,1
3-Jun,345,Honeysuckle,S,0
3-Jun,345,Privot,S,1
3-Jun,345,Spicebush,S,0
3-Jun,345,Rubus,S,0
3-Jun,345,Mapleleaf viburnum,S,0
3-Jun,192,Buckthorn,N,1
3-Jun,192,Multiflora rose,N,0
3-Jun,192,Honeysuckle,N,0
3-Jun,192,Privot,N,0
3-Jun,192,Spicebush,N,0
3-Jun,192,Rubus,N,0
3-Jun,192,Mapleleaf viburnum,N,0
3-Jun,192,Buckthorn,S,1
3-Jun,192,Multiflora rose,S,0
3-Jun,192,Honeysuckle,S,1
3-Jun,192,Privot,S,1
3-Jun,192,Spicebush,S,0
3-Jun,192,Rubus,S,0
3-Jun,192,Mapleleaf viburnum,S,0
3-Jun,291,Buckthorn,N,1
3-Jun,291,Multiflora rose,N,0
3-Jun,291,Honeysuckle,N,0
3-Jun,291,Privot,N,0
3-Jun,291,Spicebush,N,0
3-Jun,291,Rubus,N,0
3-Jun,291,Mapleleaf viburnum,N,0
3-Jun,291,Buckthorn,S,0
3-Jun,291,Multiflora rose,S,0
3-Jun,291,Honeysuckle,S,0
3-Jun,291,Privot,S,0
3-Jun,291,Spicebush,S,0
3-Jun,291,Rubus,S,0
3-Jun,291,Mapleleaf viburnum,S,0
3-Jun,343,Buckthorn,N,1
3-Jun,343,Multiflora rose,N,1
3-Jun,343,Honeysuckle,N,0
3-Jun,343,Privot,N,0
3-Jun,343,Spicebush,N,0
3-Jun,343,Rubus,N,1
3-Jun,343,Mapleleaf viburnum,N,0
3-Jun,343,Buckthorn,S,0
3-Jun,343,Multiflora rose,S,1
3-Jun,343,Honeysuckle,S,0
3-Jun,343,Privot,S,0
3-Jun,343,Spicebush,S,0
3-Jun,343,Rubus,S,1
3-Jun,343,Mapleleaf viburnum,S,0
3-Jun,961,Buckthorn,N,0
3-Jun,961,Multiflora rose,N,2
3-Jun,961,Honeysuckle,N,0
3-Jun,961,Privot,N,1
3-Jun,961,Spicebush,N,0
3-Jun,961,Rubus,N,2
3-Jun,961,Mapleleaf viburnum,N,0
3-Jun,961,Buckthorn,S,1
3-Jun,961,Multiflora rose,S,2
3-Jun,961,Honeysuckle,S,3
3-Jun,961,Privot,S,0
3-Jun,961,Spicebush,S,0
3-Jun,961,Rubus,S,0
3-Jun,961,Mapleleaf viburnum,S,0
3-Jun,286,Buckthorn,N,1
3-Jun,286,Multiflora rose,N,0
3-Jun,286,Honeysuckle,N,0
3-Jun,286,Privot,N,0
3-Jun,286,Spicebush,N,0
3-Jun,286,Rubus,N,1
3-Jun,286,Mapleleaf viburnum,N,1
3-Jun,286,Buckthorn,S,0
3-Jun,286,Multiflora rose,S,3
3-Jun,286,Honeysuckle,S,0
3-Jun,286,Privot,S,0
3-Jun,286,Spicebush,S,0
3-Jun,286,Rubus,S,1
3-Jun,286,Mapleleaf viburnum,S,0
3-Jun,275,Buckthorn,N,1
3-Jun,275,Multiflora rose,N,2
3-Jun,275,Honeysuckle,N,0
3-Jun,275,Privot,N,0
3-Jun,275,Spicebush,N,0
3-Jun,275,Rubus,N,2
3-Jun,275,Mapleleaf viburnum,N,0
3-Jun,275,Buckthorn,S,1
3-Jun,275,Multiflora rose,S,3
3-Jun,275,Honeysuckle,S,0
3-Jun,275,Privot,S,0
3-Jun,275,Spicebush,S,0
3-Jun,275,Rubus,S,1
3-Jun,275,Mapleleaf viburnum,S,0
3-Jun,378,Buckthorn,N,0
3-Jun,378,Multiflora rose,N,0
3-Jun,378,Honeysuckle,N,2
3-Jun,378,Privot,N,1
3-Jun,378,Spicebush,N,0
3-Jun,378,Rubus,N,0
3-Jun,378,Mapleleaf viburnum,N,3
3-Jun,378,Buckthorn,S,0
3-Jun,378,Multiflora rose,S,1
3-Jun,378,Honeysuckle,S,1
3-Jun,378,Privot,S,0
3-Jun,378,Spicebush,S,0
3-Jun,378,Rubus,S,0
3-Jun,378,Mapleleaf viburnum,S,1
3-Jun,337,Buckthorn,N,0
3-Jun,337,Multiflora rose,N,1
3-Jun,337,Honeysuckle,N,0
3-Jun,337,Privot,N,0
3-Jun,337,Spicebush,N,0
3-Jun,337,Rubus,N,3
3-Jun,337,Mapleleaf viburnum,N,1
3-Jun,337,Buckthorn,S,0
3-Jun,337,Multiflora rose,S,2
3-Jun,337,Honeysuckle,S,0
3-Jun,337,Privot,S,0
3-Jun,337,Spicebush,S,0
3-Jun,337,Rubus,S,2
3-Jun,337,Mapleleaf viburnum,S,0
3-Jun,305,Buckthorn,N,0
3-Jun,305,Multiflora rose,N,0
3-Jun,305,Honeysuckle,N,0
3-Jun,305,Privot,N,0
3-Jun,305,Spicebush,N,0
3-Jun,305,Rubus,N,0
3-Jun,305,Mapleleaf viburnum,N,0
3-Jun,305,Buckthorn,S,0
3-Jun,305,Multiflora rose,S,0
3-Jun,305,Honeysuckle,S,0
3-Jun,305,Privot,S,0
3-Jun,305,Spicebush,S,0
3-Jun,305,Rubus,S,0
3-Jun,305,Mapleleaf viburnum,S,0
3-Jun,978,Buckthorn,N,0
3-Jun,978,Multiflora rose,N,0
3-Jun,978,Honeysuckle,N,0
3-Jun,978,Privot,N,0
3-Jun,978,Spicebush,N,0
3-Jun,978,Rubus,N,0
3-Jun,978,Mapleleaf viburnum,N,0
3-Jun,978,Buckthorn,S,0
3-Jun,978,Multiflora rose,S,0
3-Jun,978,Honeysuckle,S,0
3-Jun,978,Privot,S,0
3-Jun,978,Spicebush,S,0
3-Jun,978,Rubus,S,0
3-Jun,978,Mapleleaf viburnum,S,0
3-Jun,306,Buckthorn,N,0
3-Jun,306,Multiflora rose,N,0
3-Jun,306,Honeysuckle,N,0
3-Jun,306,Privot,N,0
3-Jun,306,Spicebush,N,0
3-Jun,306,Rubus,N,0
3-Jun,306,Mapleleaf viburnum,N,0
3-Jun,306,Buckthorn,S,1
3-Jun,306,Multiflora rose,S,0
3-Jun,306,Honeysuckle,S,0
3-Jun,306,Privot,S,0
3-Jun,306,Spicebush,S,0
3-Jun,306,Rubus,S,0
3-Jun,306,Mapleleaf viburnum,S,0
3-Jun,929,Buckthorn,N,0
3-Jun,929,Multiflora rose,N,0
3-Jun,929,Honeysuckle,N,0
3-Jun,929,Privot,N,0
3-Jun,929,Spicebush,N,0
3-Jun,929,Rubus,N,0
3-Jun,929,Mapleleaf viburnum,N,0
3-Jun,929,Buckthorn,S,0
3-Jun,929,Multiflora rose,S,0
3-Jun,929,Honeysuckle,S,0
3-Jun,929,Privot,S,0
3-Jun,929,Spicebush,S,0
3-Jun,929,Rubus,S,0
3-Jun,929,Mapleleaf viburnum,S,0
3-Jun,304,Buckthorn,N,0
3-Jun,304,Multiflora rose,N,0
3-Jun,304,Honeysuckle,N,0
3-Jun,304,Privot,N,0
3-Jun,304,Spicebush,N,0
3-Jun,304,Rubus,N,2
3-Jun,304,Mapleleaf viburnum,N,0
3-Jun,304,Buckthorn,S,0
3-Jun,304,Multiflora rose,S,2
3-Jun,304,Honeysuckle,S,0
3-Jun,304,Privot,S,0
3-Jun,304,Spicebush,S,0
3-Jun,304,Rubus,S,0
3-Jun,304,Mapleleaf viburnum,S,0
3-Jun,392,Buckthorn,N,0
3-Jun,392,Multiflora rose,N,4
3-Jun,392,Honeysuckle,N,0
3-Jun,392,Privot,N,0
3-Jun,392,Spicebush,N,0
3-Jun,392,Rubus,N,0
3-Jun,392,Mapleleaf viburnum,N,0
3-Jun,392,Buckthorn,S,0
3-Jun,392,Multiflora rose,S,1
3-Jun,392,Honeysuckle,S,0
3-Jun,392,Privot,S,0
3-Jun,392,Spicebush,S,0
3-Jun,392,Rubus,S,0
3-Jun,392,Mapleleaf viburnum,S,1
3-Jun,285,Buckthorn,N,0
3-Jun,285,Multiflora rose,N,3
3-Jun,285,Honeysuckle,N,0
3-Jun,285,Privot,N,0
3-Jun,285,Spicebush,N,0
3-Jun,285,Rubus,N,1
3-Jun,285,Mapleleaf viburnum,N,0
3-Jun,285,Buckthorn,S,0
3-Jun,285,Multiflora rose,S,3
3-Jun,285,Honeysuckle,S,0
3-Jun,285,Privot,S,0
3-Jun,285,Spicebush,S,0
3-Jun,285,Rubus,S,0
3-Jun,285,Mapleleaf viburnum,S,0
3-Jun,276,Buckthorn,N,0
3-Jun,276,Multiflora rose,N,5
3-Jun,276,Honeysuckle,N,0
3-Jun,276,Privot,N,0
3-Jun,276,Spicebush,N,0
3-Jun,276,Rubus,N,0
3-Jun,276,Mapleleaf viburnum,N,0
3-Jun,276,Buckthorn,S,1
3-Jun,276,Multiflora rose,S,2
3-Jun,276,Honeysuckle,S,0
3-Jun,276,Privot,S,0
3-Jun,276,Spicebush,S,0
3-Jun,276,Rubus,S,0
3-Jun,276,Mapleleaf viburnum,S,1
3-Jun,281,Buckthorn,N,0
3-Jun,281,Multiflora rose,N,0
3-Jun,281,Honeysuckle,N,2
3-Jun,281,Privot,N,0
3-Jun,281,Spicebush,N,0
3-Jun,281,Rubus,N,1
3-Jun,281,Mapleleaf viburnum,N,0
3-Jun,281,Buckthorn,S,0
3-Jun,281,Multiflora rose,S,0
3-Jun,281,Honeysuckle,S,0
3-Jun,281,Privot,S,0
3-Jun,281,Spicebush,S,0
3-Jun,281,Rubus,S,2
3-Jun,281,Mapleleaf viburnum,S,0
3-Jun,393,Buckthorn,N,0
3-Jun,393,Multiflora rose,N,0
3-Jun,393,Honeysuckle,N,0
3-Jun,393,Privot,N,0
3-Jun,393,Spicebush,N,0
3-Jun,393,Rubus,N,0
3-Jun,393,Mapleleaf viburnum,N,0
3-Jun,393,Buckthorn,S,0
3-Jun,393,Multiflora rose,S,0
3-Jun,393,Honeysuckle,S,0
3-Jun,393,Privot,S,0
3-Jun,393,Spicebush,S,0
3-Jun,393,Rubus,S,0
3-Jun,393,Mapleleaf viburnum,S,0
3-Jun,325,Buckthorn,N,0
3-Jun,325,Multiflora rose,N,1
3-Jun,325,Honeysuckle,N,0
3-Jun,325,Privot,N,0
3-Jun,325,Spicebush,N,0
3-Jun,325,Rubus,N,1
3-Jun,325,Mapleleaf viburnum,N,0
3-Jun,325,Buckthorn,S,0
3-Jun,325,Multiflora rose,S,2
3-Jun,325,Honeysuckle,S,0
3-Jun,325,Privot,S,0
3-Jun,325,Spicebush,S,0
3-Jun,325,Rubus,S,2
3-Jun,325,Mapleleaf viburnum,S,0
3-Jun,195,Buckthorn,N,0
3-Jun,195,Multiflora rose,N,1
3-Jun,195,Honeysuckle,N,0
3-Jun,195,Privot,N,1
3-Jun,195,Spicebush,N,0
3-Jun,195,Rubus,N,1
3-Jun,195,Mapleleaf viburnum,N,0
3-Jun,195,Buckthorn,S,0
3-Jun,195,Multiflora rose,S,1
3-Jun,195,Honeysuckle,S,0
3-Jun,195,Privot,S,0
3-Jun,195,Spicebush,S,0
3-Jun,195,Rubus,S,1
3-Jun,195,Mapleleaf viburnum,S,0
3-Jun,335,Buckthorn,N,0
3-Jun,335,Multiflora rose,N,2
3-Jun,335,Honeysuckle,N,0
3-Jun,335,Privot,N,0
3-Jun,335,Spicebush,N,0
3-Jun,335,Rubus,N,1
3-Jun,335,Mapleleaf viburnum,N,1
3-Jun,335,Buckthorn,S,0
3-Jun,335,Multiflora rose,S,1
3-Jun,335,Honeysuckle,S,1
3-Jun,335,Privot,S,0
3-Jun,335,Spicebush,S,0
3-Jun,335,Rubus,S,2
3-Jun,335,Mapleleaf viburnum,S,0
3-Jun,340,Buckthorn,N,1
3-Jun,340,Multiflora rose,N,0
3-Jun,340,Honeysuckle,N,0
3-Jun,340,Privot,N,0
3-Jun,340,Spicebush,N,0
3-Jun,340,Rubus,N,0
3-Jun,340,Mapleleaf viburnum,N,0
3-Jun,340,Buckthorn,S,1
3-Jun,340,Multiflora rose,S,1
3-Jun,340,Honeysuckle,S,0
3-Jun,340,Privot,S,0
3-Jun,340,Spicebush,S,0
3-Jun,340,Rubus,S,0
3-Jun,340,Mapleleaf viburnum,S,0
3-Jun,333,Buckthorn,N,0
3-Jun,333,Multiflora rose,N,0
3-Jun,333,Honeysuckle,N,0
3-Jun,333,Privot,N,0
3-Jun,333,Spicebush,N,0
3-Jun,333,Rubus,N,0
3-Jun,333,Mapleleaf viburnum,N,0
3-Jun,333,Buckthorn,S,1
3-Jun,333,Multiflora rose,S,0
3-Jun,333,Honeysuckle,S,0
3-Jun,333,Privot,S,0
3-Jun,333,Spicebush,S,0
3-Jun,333,Rubus,S,0
3-Jun,333,Mapleleaf viburnum,S,0
,,,,
,,,,
,,,,
,,,,
,,,,
,,,,
,,,,
,,,,
,,,,
,,,,
,,,,
,,,,
,,,,
,,,,
,,,,
,,,,
,,,,
,,,,
,,,,
,,,,
,,,,
,,,,
,,,,
,,,,
,,,,
,,,,
,,,,
,,,,
,,,,
,,,,
,,,,
,,,,
,,,,
,,,,
,,,,
,,,,
,,,,
,,,,
,,,,
,,,,
,,,,
,,,,
