,ACRU,ACSA,ACSP,CACA,CACO,CASP,CEOR,COAL,COFO,COSP,CRSP,EUOB,FAGR,FRAM,ILSP,LIBE,LISP,LITU,LOMO,MASP,NYSY,OSVI,PAQU,PIST,PRSE,PRVI,QUAL,QURU,RHFR,ROMU,RUAL,RUSP,SAAL,SODU,ULRU,VIAC,VIDE,VIRI,VISP
Control_2019_Middle,12,27,2,1,0,0,0,0,0,0,0,0,0,78,0,0,0,0,0,1,2,0,0,0,5,0,1,0,1,1,2,0,0,0,2,0,3,0,3
Control_2020_Middle,18,31,9,1,0,0,0,0,0,0,0,0,0,77,0,0,0,0,0,1,2,0,0,0,5,0,1,13,2,1,2,0,0,0,2,0,3,0,3
Control_2021_Middle,14,21,5,1,0,0,0,0,0,0,0,0,1,79,0,0,0,3,0,1,2,0,0,0,5,0,3,12,2,1,2,0,0,0,1,0,3,0,0
Control_2022_Middle,10,11,2,1,0,0,0,0,0,0,0,0,1,74,0,0,0,5,0,1,2,0,0,0,5,0,3,6,1,1,2,0,0,0,1,0,3,0,0
Control_2023_Middle,8,8,1,1,0,0,0,0,0,0,0,0,1,69,0,0,0,3,0,1,2,0,0,0,5,0,3,5,1,1,2,0,0,0,1,0,3,0,0
Control_2024_Middle,12,8,0,1,0,0,0,0,0,0,0,0,1,65,0,0,0,3,0,1,2,0,0,0,6,0,3,6,1,1,2,0,0,0,1,0,2,0,0
Control_2025_Middle,11,6,0,1,0,0,0,0,0,0,0,0,1,62,0,0,1,2,0,1,2,0,0,0,6,0,3,54,1,1,4,0,0,0,1,0,2,1,0
Control_2019_North,0,3,2,0,0,0,0,0,0,0,0,0,0,15,0,0,0,0,0,0,0,0,0,0,7,0,0,0,0,0,0,0,0,0,1,0,0,0,0
Control_2020_North,0,2,3,0,0,0,0,0,0,0,0,0,0,15,0,0,0,0,0,0,0,0,0,0,7,0,0,0,0,0,0,0,0,0,1,0,0,0,0
Control_2021_North,0,2,0,0,0,0,0,0,0,0,0,0,0,14,0,0,0,1,0,0,0,0,0,0,3,0,0,1,0,0,0,0,1,0,0,0,0,0,0
Control_2022_North,0,1,0,0,0,0,0,0,0,0,0,0,0,15,0,0,0,2,0,0,0,0,0,0,5,0,0,1,0,0,0,0,0,0,0,0,0,0,0
Control_2023_North,1,1,0,0,0,0,0,0,0,0,0,0,0,15,0,0,0,1,0,0,0,0,0,1,4,0,0,0,1,0,0,0,1,0,0,0,0,0,0
Control_2024_North,7,0,0,0,0,0,0,0,0,0,0,0,0,15,0,0,0,1,0,0,0,0,0,0,5,0,0,0,0,0,0,0,1,0,0,0,0,0,0
Control_2025_North,4,0,0,0,0,0,0,0,0,0,0,0,0,19,0,0,0,2,0,0,0,0,0,0,7,0,0,0,1,0,0,0,0,0,1,0,0,0,0
Control_2019_South,2,0,2,0,2,0,1,0,0,0,0,0,0,84,0,0,0,3,0,1,0,0,0,0,7,0,0,1,6,0,1,1,1,0,3,1,5,0,0
Control_2020_South,10,13,4,0,2,0,1,0,0,0,0,0,0,85,0,0,0,4,0,1,0,1,0,0,8,0,0,2,8,1,3,1,1,0,3,1,8,0,0
Control_2021_South,8,8,1,0,2,0,1,0,0,0,0,0,0,84,0,0,0,4,0,1,0,2,0,0,7,0,0,2,11,1,5,0,1,0,4,1,8,1,0
Control_2022_South,2,6,0,0,1,0,1,0,0,0,0,0,0,77,0,0,0,4,0,1,0,2,0,0,7,0,0,2,9,1,4,0,1,0,3,2,8,2,0
Control_2023_South,8,5,0,0,1,0,1,0,0,0,0,0,0,75,0,0,0,6,0,1,0,2,0,0,5,0,0,2,9,1,3,0,1,0,3,2,8,1,0
Control_2024_South,34,5,0,0,1,0,1,0,0,0,0,0,0,71,0,1,0,4,0,1,0,2,0,0,5,0,0,2,9,1,3,0,1,0,3,2,7,0,1
Control_2025_South,37,5,0,0,0,0,1,0,0,0,0,0,0,71,0,1,0,4,0,1,0,2,0,0,6,0,0,2,9,1,3,3,1,0,3,2,7,0,1
IC+TSI_2019_Middle,3,3,12,0,0,1,0,4,0,2,0,0,0,111,0,0,0,1,0,6,0,0,0,0,5,0,0,0,12,0,5,1,0,0,0,0,0,0,1
IC+TSI_2020_Middle,7,7,14,0,0,1,0,11,0,1,0,0,0,108,0,0,0,1,0,6,0,0,0,0,6,0,0,0,14,0,5,0,0,0,0,0,1,0,0
IC+TSI_2021_Middle,9,7,8,0,0,0,0,11,0,1,0,0,0,92,0,0,0,8,0,6,0,0,1,0,4,0,0,0,8,2,4,0,0,0,0,0,1,3,1
IC+TSI_2022_Middle,6,4,1,0,0,0,0,10,0,0,0,0,0,84,0,0,0,5,0,6,0,0,0,0,3,0,0,0,6,2,4,0,0,0,0,0,1,3,0
IC+TSI_2023_Middle,8,1,0,0,0,0,0,10,0,0,0,0,0,78,0,0,0,1,0,6,0,0,0,0,3,0,0,0,6,2,3,0,0,0,0,0,1,3,0
IC+TSI_2024_Middle,68,1,0,0,0,0,0,10,0,0,0,0,0,72,0,0,0,6,0,5,0,0,0,0,4,0,0,0,3,2,1,0,1,0,0,0,1,1,0
IC+TSI_2025_Middle,49,1,0,0,0,0,0,5,0,0,0,0,0,67,0,0,0,7,0,1,0,0,0,0,3,0,0,0,4,1,1,1,1,0,0,0,1,3,0
IC+TSI_2019_North,27,7,2,0,2,1,0,0,0,0,0,0,0,39,0,0,0,0,0,1,0,0,1,0,14,0,0,0,4,0,0,0,0,0,0,0,0,0,1
IC+TSI_2020_North,23,12,11,0,3,0,0,0,0,0,0,0,0,38,0,0,0,0,0,1,0,0,1,0,14,0,0,9,5,0,0,0,0,0,0,0,0,0,0
IC+TSI_2021_North,19,10,5,0,3,0,0,0,0,0,0,0,0,34,0,0,0,11,0,1,0,0,1,1,18,0,5,9,6,0,0,0,0,0,0,0,0,1,0
IC+TSI_2022_North,14,8,3,0,3,0,0,0,0,0,0,0,0,32,0,0,0,22,0,1,0,0,1,1,17,0,2,9,4,0,0,0,0,0,0,0,0,0,0
IC+TSI_2023_North,40,7,0,0,3,0,0,0,0,0,0,0,0,29,0,0,0,31,0,1,0,0,1,0,16,0,2,5,1,0,0,0,5,0,0,0,0,0,0
IC+TSI_2024_North,78,7,0,0,3,0,0,0,0,0,0,0,0,31,0,0,0,24,0,1,0,0,1,0,13,0,1,6,1,0,0,0,4,0,0,0,0,3,0
IC+TSI_2025_North,65,8,0,0,3,0,0,0,0,0,0,0,0,31,0,0,0,20,0,1,0,0,1,0,16,0,1,19,2,0,0,0,3,0,0,0,0,2,0
IC+TSI_2019_South,2,5,0,0,1,0,0,0,0,0,0,0,0,148,0,1,0,4,0,0,0,0,0,0,7,0,0,0,14,0,0,0,1,1,0,0,0,2,1
IC+TSI_2020_South,5,6,1,0,1,0,0,0,0,0,0,0,0,149,0,0,0,7,0,0,0,0,0,1,8,0,0,0,17,0,0,0,1,2,0,0,0,3,0
IC+TSI_2021_South,4,1,1,0,1,0,0,0,0,0,0,0,0,144,1,0,0,25,0,0,0,0,0,1,8,0,0,0,14,0,0,0,1,4,0,0,0,6,0
IC+TSI_2022_South,4,1,0,0,1,0,0,0,0,0,0,0,0,148,1,0,0,17,0,0,0,0,1,2,10,0,0,0,11,0,0,0,1,3,0,0,0,9,0
IC+TSI_2023_South,8,1,1,0,1,0,0,0,0,0,1,0,0,142,1,0,0,18,0,0,0,0,1,0,9,0,0,0,8,0,0,0,1,3,0,0,0,3,0
IC+TSI_2024_South,19,1,0,0,0,0,0,0,0,0,0,0,0,142,1,0,0,16,0,0,0,0,0,0,10,0,0,0,4,0,0,0,0,3,0,0,1,2,0
IC+TSI_2025_South,17,0,0,0,1,0,0,0,0,0,0,0,0,140,0,0,0,12,0,0,0,0,0,0,10,0,0,1,4,0,0,0,1,3,2,0,1,2,0
IC_2019_Middle,3,31,2,1,2,0,0,0,0,0,0,0,0,28,0,0,0,2,1,0,0,0,0,0,7,0,2,4,11,1,2,0,0,0,0,1,0,0,1
IC_2020_Middle,5,32,1,1,2,0,0,0,0,0,0,0,0,28,0,0,0,2,1,0,0,0,0,0,6,0,2,6,11,1,2,0,0,0,1,1,0,0,0
IC_2021_Middle,7,20,0,2,3,0,0,0,0,0,0,0,0,27,0,0,0,2,1,0,0,0,0,0,4,0,2,8,9,1,4,0,0,0,1,0,0,1,0
IC_2022_Middle,7,19,0,2,3,0,0,0,0,0,0,0,0,25,0,0,0,3,1,0,0,0,0,2,6,0,1,7,10,1,2,0,0,0,1,0,0,5,0
IC_2023_Middle,11,18,0,2,3,0,0,0,0,0,0,0,0,24,0,0,0,5,1,0,0,0,0,0,6,0,1,7,10,1,2,0,1,0,1,0,0,5,0
IC_2024_Middle,16,14,0,2,2,0,0,0,0,0,0,0,0,23,0,0,0,5,1,0,0,0,0,0,6,0,1,6,9,2,9,0,0,0,1,0,0,2,0
IC_2025_Middle,15,14,0,1,2,0,0,0,0,0,0,0,0,23,0,0,0,7,1,1,0,0,0,0,6,0,1,13,9,2,8,0,0,1,0,0,0,0,0
IC_2019_North,2,1,0,0,2,0,0,0,3,0,0,1,0,85,0,0,0,0,1,0,1,0,0,0,2,0,0,1,5,1,0,0,0,0,1,0,4,0,0
IC_2020_North,2,0,0,0,2,0,0,0,3,0,0,1,0,83,0,0,0,0,1,0,1,0,0,0,2,0,0,1,6,1,0,0,0,0,1,0,4,0,0
IC_2021_North,1,0,3,0,2,0,0,0,3,0,0,1,0,80,0,0,0,2,1,0,1,0,0,0,2,0,0,2,7,1,0,0,0,0,1,0,5,0,0
IC_2022_North,1,0,2,0,2,0,0,0,3,0,0,1,0,75,0,0,0,4,1,0,1,0,0,0,2,0,0,2,7,1,0,0,0,0,1,0,5,0,0
IC_2023_North,4,0,2,0,2,0,0,0,3,0,0,1,0,69,0,0,0,2,1,1,1,0,0,0,2,0,0,2,10,1,0,0,0,0,1,0,4,0,0
IC_2024_North,4,0,0,0,2,0,0,0,3,0,0,1,0,63,0,0,0,4,1,1,1,0,1,0,2,0,0,0,10,0,0,0,0,0,1,0,4,0,0
IC_2025_North,4,0,0,0,2,0,0,0,2,0,0,1,0,61,0,0,0,3,1,1,1,0,1,0,2,0,0,1,10,0,1,0,0,0,1,0,4,0,0
IC_2019_South,0,2,0,0,0,0,0,0,0,0,0,1,1,24,0,1,0,0,1,1,0,0,2,0,3,1,0,1,4,0,7,3,0,0,0,0,1,0,0
IC_2020_South,3,11,0,0,0,0,0,0,0,0,0,1,1,22,0,2,0,1,1,1,0,0,4,0,3,2,0,2,4,0,10,0,0,0,0,1,1,0,0
IC_2021_South,5,11,0,0,0,0,0,0,0,0,0,1,1,23,0,2,0,4,1,1,0,0,4,0,2,2,0,2,7,0,10,0,0,0,0,2,2,0,0
IC_2022_South,4,9,0,0,0,0,0,0,0,0,0,1,1,21,0,2,0,2,1,1,1,0,3,0,13,2,0,3,8,0,10,0,0,0,0,1,1,0,0
IC_2023_South,4,7,0,0,1,0,0,0,0,0,0,1,1,20,0,3,0,1,1,1,1,0,4,0,8,2,0,3,8,0,5,0,0,0,0,1,1,0,0
IC_2024_South,3,15,0,0,1,0,0,0,0,0,0,1,2,18,0,2,0,1,1,1,1,0,4,0,4,2,0,3,5,3,6,0,0,0,0,0,0,0,1
IC_2025_South,4,14,0,0,1,0,0,0,0,0,0,1,2,18,0,2,0,0,1,1,1,0,5,0,3,2,0,7,6,3,7,6,0,0,0,0,0,0,1
