"","STATEFP","COUNTYFP","COUNTYNS","GEOIDFQ","GEOID","NAME","NAMELSAD","STUSPS","STATE_NAME","LSAD","ALAND","AWATER"
"4","10","005","00217269","0500000US10005","10005","Sussex","Sussex County","DE","Delaware","06",2424590442,674129051
"17","10","003","00217270","0500000US10003","10003","New Castle","New Castle County","DE","Delaware","06",1104210701,175313040
"18","09","190","02830254","0500000US09190","09190","Western Connecticut","Western Connecticut Planning Region","CT","Connecticut","PL",1378207191,300180641
"41","36","005","00974101","0500000US36005","36005","Bronx","Bronx County","NY","New York","06",109235672,39353304
"43","36","119","00974157","0500000US36119","36119","Westchester","Westchester County","NY","New York","06",1115811940,179391718
"44","36","053","00974125","0500000US36053","36053","Madison","Madison County","NY","New York","06",1696054034,16691322
"46","44","007","01219781","0500000US44007","44007","Providence","Providence County","RI","Rhode Island","06",1060557969,67864689
"47","36","029","00974113","0500000US36029","36029","Erie","Erie County","NY","New York","06",2700743425,476876396
"49","36","091","00974143","0500000US36091","36091","Saratoga","Saratoga County","NY","New York","06",2097812305,87488004
"53","39","035","01074030","0500000US39035","39035","Cuyahoga","Cuyahoga County","OH","Ohio","06",1184173024,2041731514
"54","39","061","01074043","0500000US39061","39061","Hamilton","Hamilton County","OH","Ohio","06",1050120459,18612564
"61","24","005","01695314","0500000US24005","24005","Baltimore","Baltimore County","MD","Maryland","06",1549740649,215957832
"62","24","019","00596495","0500000US24019","24019","Dorchester","Dorchester County","MD","Maryland","06",1400573750,1145353067
"63","24","017","01676992","0500000US24017","24017","Charles","Charles County","MD","Maryland","06",1185745253,479451413
"64","24","015","00596115","0500000US24015","24015","Cecil","Cecil County","MD","Maryland","06",896912542,185281256
"65","25","001","00606927","0500000US25001","25001","Barnstable","Barnstable County","MA","Massachusetts","06",1020973583,2360362409
"66","25","017","00606935","0500000US25017","25017","Middlesex","Middlesex County","MA","Massachusetts","06",2118293312,75289849
"67","26","103","01622994","0500000US26103","26103","Marquette","Marquette County","MI","Michigan","06",4685463544,4185295221
"68","26","053","01622969","0500000US26053","26053","Gogebic","Gogebic County","MI","Michigan","06",2854517947,970153215
"69","26","115","01623000","0500000US26115","26115","Monroe","Monroe County","MI","Michigan","06",1422841177,338180469
"70","26","141","01623013","0500000US26141","26141","Presque Isle","Presque Isle County","MI","Michigan","06",1706071286,4957325477
"82","33","017","00873182","0500000US33017","33017","Strafford","Strafford County","NH","New Hampshire","06",951724112,39173382
"83","34","001","00882270","0500000US34001","34001","Atlantic","Atlantic County","NJ","New Jersey","06",1438939255,301106094
"84","34","009","00882274","0500000US34009","34009","Cape May","Cape May County","NJ","New Jersey","06",651437187,955149827
"85","34","041","00882237","0500000US34041","34041","Warren","Warren County","NJ","New Jersey","06",923435920,15825325
"86","34","019","00882228","0500000US34019","34019","Hunterdon","Hunterdon County","NJ","New Jersey","06",1108086283,24761599
"87","34","025","00882910","0500000US34025","34025","Monmouth","Monmouth County","NJ","New Jersey","06",1212642640,500373881
"88","34","023","00882230","0500000US34023","34023","Middlesex","Middlesex County","NJ","New Jersey","06",800957688,35286675
"90","36","031","00974114","0500000US36031","36031","Essex","Essex County","NY","New York","06",4646753184,316350563
"91","37","047","01026339","0500000US37047","37047","Columbus","Columbus County","NC","North Carolina","06",2429920494,43711694
"92","37","039","01008545","0500000US37039","37039","Cherokee","Cherokee County","NC","North Carolina","06",1179842036,28813680
"93","37","149","01008579","0500000US37149","37149","Polk","Polk County","NC","North Carolina","06",615606325,1964035
"94","37","009","01008535","0500000US37009","37009","Ashe","Ashe County","NC","North Carolina","06",1104023356,8058446
"95","37","055","01026133","0500000US37055","37055","Dare","Dare County","NC","North Carolina","06",992558552,3000513281
"96","37","091","01026127","0500000US37091","37091","Hertford","Hertford County","NC","North Carolina","06",914689353,18737418
"99","39","167","01074095","0500000US39167","39167","Washington","Washington County","OH","Ohio","06",1636805229,20784952
"111","42","071","01209181","0500000US42071","42071","Lancaster","Lancaster County","PA","Pennsylvania","06",2444751653,103368816
"112","42","095","01209185","0500000US42095","42095","Northampton","Northampton County","PA","Pennsylvania","06",957743866,19060208
"113","44","009","01219782","0500000US44009","44009","Washington","Washington County","RI","Rhode Island","06",852827596,604769731
"132","51","133","01480152","0500000US51133","51133","Northumberland","Northumberland County","VA","Virginia","06",495808169,243884091
"133","51","193","01480179","0500000US51193","51193","Westmoreland","Westmoreland County","VA","Virginia","06",593954116,61106474
"134","51","073","01480126","0500000US51073","51073","Gloucester","Gloucester County","VA","Virginia","06",564124717,181747503
"135","51","107","01480141","0500000US51107","51107","Loudoun","Loudoun County","VA","Virginia","06",1335753659,14495954
"136","51","143","01480157","0500000US51143","51143","Pittsylvania","Pittsylvania County","VA","Virginia","06",2509705674,23903851
"137","51","083","01496705","0500000US51083","51083","Halifax","Halifax County","VA","Virginia","06",2117913727,30524203
"141","54","047","01689162","0500000US54047","54047","McDowell","McDowell County","WV","West Virginia","06",1381648581,3731537
"142","54","099","01550056","0500000US54099","54099","Wayne","Wayne County","WV","West Virginia","06",1310547890,15816947
"143","54","037","01550025","0500000US54037","54037","Jefferson","Jefferson County","WV","West Virginia","06",542072979,6150171
"144","54","003","01550008","0500000US54003","54003","Berkeley","Berkeley County","WV","West Virginia","06",831770872,1057615
"198","26","135","01623010","0500000US26135","26135","Oscoda","Oscoda County","MI","Michigan","06",1465088042,15136485
"215","36","113","00974154","0500000US36113","36113","Warren","Warren County","NY","New York","06",2246093482,166839689
"216","36","017","00974107","0500000US36017","36017","Chenango","Chenango County","NY","New York","06",2314006880,13433905
"217","36","051","00974124","0500000US36051","36051","Livingston","Livingston County","NY","New York","06",1635976564,22076449
"218","37","193","01008595","0500000US37193","37193","Wilkes","Wilkes County","NC","North Carolina","06",1952016296,6854041
"219","37","159","01008583","0500000US37159","37159","Rowan","Rowan County","NC","North Carolina","06",1325062503,31968204
"220","37","089","01008562","0500000US37089","37089","Henderson","Henderson County","NC","North Carolina","06",965930095,5554261
"221","37","163","01026131","0500000US37163","37163","Sampson","Sampson County","NC","North Carolina","06",2449952011,4918354
"222","37","121","01008571","0500000US37121","37121","Mitchell","Mitchell County","NC","North Carolina","06",573036227,1632150
"224","39","067","01074046","0500000US39067","39067","Harrison","Harrison County","OH","Ohio","06",1042032638,21847163
"230","42","051","01209179","0500000US42051","42051","Fayette","Fayette County","PA","Pennsylvania","06",2048054614,20636361
"231","42","129","01209191","0500000US42129","42129","Westmoreland","Westmoreland County","PA","Pennsylvania","06",2661757844,21294222
"232","42","023","01213663","0500000US42023","42023","Cameron","Cameron County","PA","Pennsylvania","06",1026241974,5651188
"272","51","109","01494707","0500000US51109","51109","Louisa","Louisa County","VA","Virginia","06",1282060817,37801171
"273","51","023","01674418","0500000US51023","51023","Botetourt","Botetourt County","VA","Virginia","06",1401898973,12126225
"274","51","061","01480120","0500000US51061","51061","Fauquier","Fauquier County","VA","Virginia","06",1678296516,9665073
"275","51","009","01480095","0500000US51009","51009","Amherst","Amherst County","VA","Virginia","06",1227554632,12898694
"276","51","161","01480165","0500000US51161","51161","Roanoke","Roanoke County","VA","Virginia","06",648917442,1754482
"277","51","175","01480171","0500000US51175","51175","Southampton","Southampton County","VA","Virginia","06",1552048348,8090235
"278","51","113","01494590","0500000US51113","51113","Madison","Madison County","VA","Virginia","06",830450500,3206995
"280","54","039","01550026","0500000US54039","54039","Kanawha","Kanawha County","WV","West Virginia","06",2335487423,24053745
"281","54","109","01550061","0500000US54109","54109","Wyoming","Wyoming County","WV","West Virginia","06",1293620951,6083278
"282","54","025","01557518","0500000US54025","54025","Greenbrier","Greenbrier County","WV","West Virginia","06",2641319251,12136551
"283","54","041","01550027","0500000US54041","54041","Lewis","Lewis County","WV","West Virginia","06",1002144341,7035789
"298","09","170","02830252","0500000US09170","09170","South Central Connecticut","South Central Connecticut Planning Region","CT","Connecticut","PL",951177351,653525530
"299","09","180","02830253","0500000US09180","09180","Southeastern Connecticut","Southeastern Connecticut Planning Region","CT","Connecticut","PL",1549172294,216453476
"344","37","167","01025844","0500000US37167","37167","Stanly","Stanly County","NC","North Carolina","06",1023253139,25183933
"345","37","007","01008534","0500000US37007","37007","Anson","Anson County","NC","North Carolina","06",1376478141,14603213
"346","37","155","01026130","0500000US37155","37155","Robeson","Robeson County","NC","North Carolina","06",2453480732,5076395
"354","23","031","00581301","0500000US23031","23031","York","York County","ME","Maine","06",2567181935,721357012
"355","23","029","00581300","0500000US23029","23029","Washington","Washington County","ME","Maine","06",6637427361,1799648495
"356","23","003","00581287","0500000US23003","23003","Aroostook","Aroostook County","ME","Maine","06",17278254267,404986869
"357","24","041","00592947","0500000US24041","24041","Talbot","Talbot County","MD","Maryland","06",695556093,539369000
"358","24","037","01697853","0500000US24037","24037","St. Mary's","St. Mary's County","MD","Maryland","06",928676346,1050726154
"359","24","039","00596907","0500000US24039","24039","Somerset","Somerset County","MD","Maryland","06",828145299,752652887
"361","24","011","00595737","0500000US24011","24011","Caroline","Caroline County","MD","Maryland","06",827350254,16777065
"362","24","033","01714670","0500000US24033","24033","Prince George's","Prince George's County","MD","Maryland","06",1249914204,42053184
"363","24","001","01713506","0500000US24001","24001","Allegany","Allegany County","MD","Maryland","06",1093489886,14710933
"365","36","063","00974130","0500000US36063","36063","Niagara","Niagara County","NY","New York","06",1352876142,1598772310
"366","37","129","01026329","0500000US37129","37129","New Hanover","New Hanover County","NC","North Carolina","06",497859414,353881963
"367","37","141","01026129","0500000US37141","37141","Pender","Pender County","NC","North Carolina","06",2256656680,162822100
"368","37","133","01026341","0500000US37133","37133","Onslow","Onslow County","NC","North Carolina","06",1973791551,370648831
"369","37","043","01008546","0500000US37043","37043","Clay","Clay County","NC","North Carolina","06",556849483,15046554
"370","37","113","01025833","0500000US37113","37113","Macon","Macon County","NC","North Carolina","06",1335304967,10576640
"371","37","175","01008589","0500000US37175","37175","Transylvania","Transylvania County","NC","North Carolina","06",979943598,5091023
"372","37","049","01026123","0500000US37049","37049","Craven","Craven County","NC","North Carolina","06",1829934615,172857594
"373","37","137","01023355","0500000US37137","37137","Pamlico","Pamlico County","NC","North Carolina","06",871570771,583036551
"374","37","177","01026332","0500000US37177","37177","Tyrrell","Tyrrell County","NC","North Carolina","06",1012106670,534571696
"375","37","053","01026125","0500000US37053","37053","Currituck","Currituck County","NC","North Carolina","06",678344374,685095432
"376","37","131","01008575","0500000US37131","37131","Northampton","Northampton County","NC","North Carolina","06",1390073547,35850398
"377","37","075","01008555","0500000US37075","37075","Graham","Graham County","NC","North Carolina","06",756194687,25055910
"383","39","043","01074034","0500000US39043","39043","Erie","Erie County","OH","Ohio","06",650833151,969939816
"396","42","133","01209193","0500000US42133","42133","York","York County","PA","Pennsylvania","06",2342261954,16503410
"397","42","017","01209173","0500000US42017","42017","Bucks","Bucks County","PA","Pennsylvania","06",1565511250,45291664
"398","42","049","01209178","0500000US42049","42049","Erie","Erie County","PA","Pennsylvania","06",2069145080,1966271748
"399","42","127","01213692","0500000US42127","42127","Wayne","Wayne County","PA","Pennsylvania","06",1879734049,64785689
"400","42","029","01209174","0500000US42029","42029","Chester","Chester County","PA","Pennsylvania","06",1943917207,22400866
"401","42","089","01209184","0500000US42089","42089","Monroe","Monroe County","PA","Pennsylvania","06",1575647531,22664084
"405","25","025","00606939","0500000US25025","25025","Suffolk","Suffolk County","MA","Massachusetts","06",150885698,160491323
"406","25","021","00606937","0500000US25021","25021","Norfolk","Norfolk County","MA","Massachusetts","06",1025902103,124954020
"407","25","013","00606933","0500000US25013","25013","Hampden","Hampden County","MA","Massachusetts","06",1598035447,44416565
"408","26","041","01622963","0500000US26041","26041","Delta","Delta County","MI","Michigan","06",3033120257,2124407010
"409","26","003","01622944","0500000US26003","26003","Alger","Alger County","MI","Michigan","06",2369927688,10703517569
"433","36","045","00974121","0500000US36045","36045","Jefferson","Jefferson County","NY","New York","06",3283924240,1524538853
"447","34","031","00882232","0500000US34031","34031","Passaic","Passaic County","NJ","New Jersey","06",482078672,32001148
"448","26","163","01623022","0500000US26163","26163","Wayne","Wayne County","MI","Michigan","06",1584657752,156827018
"453","26","109","01622997","0500000US26109","26109","Menominee","Menominee County","MI","Michigan","06",2704053649,761798350
"455","36","047","00974122","0500000US36047","36047","Kings","Kings County","NY","New York","06",179684481,71158757
"460","36","075","00974136","0500000US36075","36075","Oswego","Oswego County","NY","New York","06",2464685608,933435238
"464","36","071","00974134","0500000US36071","36071","Orange","Orange County","NY","New York","06",2103272844,67953621
"505","50","027","01461770","0500000US50027","50027","Windsor","Windsor County","VT","Vermont","06",2510071971,19366112
"506","51","185","01497748","0500000US51185","51185","Tazewell","Tazewell County","VA","Virginia","06",1343663016,2920222
"507","51","191","01498359","0500000US51191","51191","Washington","Washington County","VA","Virginia","06",1453483675,12984238
"508","51","051","01497376","0500000US51051","51051","Dickenson","Dickenson County","VA","Virginia","06",855841910,8100226
"509","51","131","01480151","0500000US51131","51131","Northampton","Northampton County","VA","Virginia","06",548331037,1511369142
"510","51","179","01480173","0500000US51179","51179","Stafford","Stafford County","VA","Virginia","06",695402835,29922348
"511","51","103","01480139","0500000US51103","51103","Lancaster","Lancaster County","VA","Virginia","06",345261478,254114185
"512","51","159","01480164","0500000US51159","51159","Richmond","Richmond County","VA","Virginia","06",495925427,64458631
"513","51","015","01480098","0500000US51015","51015","Augusta","Augusta County","VA","Virginia","06",2504708863,9537137
"514","51","181","01480174","0500000US51181","51181","Surry","Surry County","VA","Virginia","06",722475751,81216905
"515","51","059","01480119","0500000US51059","51059","Fairfax","Fairfax County","VA","Virginia","06",1012738308,40015946
"516","51","069","01480124","0500000US51069","51069","Frederick","Frederick County","VA","Virginia","06",1070014045,5860148
"524","54","063","01557702","0500000US54063","54063","Monroe","Monroe County","WV","West Virginia","06",1224426771,2297599
"525","54","103","01717836","0500000US54103","54103","Wetzel","Wetzel County","WV","West Virginia","06",927389119,8449879
"526","54","095","01678706","0500000US54095","54095","Tyler","Tyler County","WV","West Virginia","06",663818560,11382160
"527","54","107","01560558","0500000US54107","54107","Wood","Wood County","WV","West Virginia","06",949229777,26590767
"528","54","057","01717890","0500000US54057","54057","Mineral","Mineral County","WV","West Virginia","06",849209714,3466312
"529","54","031","01718557","0500000US54031","54031","Hardy","Hardy County","WV","West Virginia","06",1508190150,5624064
"530","54","027","01718644","0500000US54027","54027","Hampshire","Hampshire County","WV","West Virginia","06",1658634382,10902108
"583","34","035","00882234","0500000US34035","34035","Somerset","Somerset County","NJ","New Jersey","06",781832066,7993021
"586","37","085","01008560","0500000US37085","37085","Harnett","Harnett County","NC","North Carolina","06",1541299797,16361612
"587","37","125","01008573","0500000US37125","37125","Moore","Moore County","NC","North Carolina","06",1806846432,20853327
"588","37","117","01026328","0500000US37117","37117","Martin","Martin County","NC","North Carolina","06",1182102538,746610
"589","37","051","01026124","0500000US37051","37051","Cumberland","Cumberland County","NC","North Carolina","06",1690137276,15312233
"590","37","059","01008549","0500000US37059","37059","Davie","Davie County","NC","North Carolina","06",682977539,7511429
"591","37","083","01008559","0500000US37083","37083","Halifax","Halifax County","NC","North Carolina","06",1874472932,16919664
"592","37","027","01008541","0500000US37027","37027","Caldwell","Caldwell County","NC","North Carolina","06",1222176567,7060445
"593","37","127","01008574","0500000US37127","37127","Nash","Nash County","NC","North Carolina","06",1399742907,6174819
"594","37","015","01026334","0500000US37015","37015","Bertie","Bertie County","NC","North Carolina","06",1810858562,109120751
"595","37","093","01008563","0500000US37093","37093","Hoke","Hoke County","NC","North Carolina","06",1010491623,3949309
"633","39","077","01074051","0500000US39077","39077","Huron","Huron County","OH","Ohio","06",1274906337,8626249
"634","39","065","01074045","0500000US39065","39065","Hardin","Hardin County","OH","Ohio","06",1218033117,630279
"638","42","091","01213680","0500000US42091","42091","Montgomery","Montgomery County","PA","Pennsylvania","06",1250798248,11001813
"639","42","043","01213667","0500000US42043","42043","Dauphin","Dauphin County","PA","Pennsylvania","06",1359407364,86047350
"640","42","027","01214720","0500000US42027","42027","Centre","Centre County","PA","Pennsylvania","06",2867787635,11295681
"641","42","033","01209175","0500000US42033","42033","Clearfield","Clearfield County","PA","Pennsylvania","06",2965691642,24125719
"642","42","063","01213673","0500000US42063","42063","Indiana","Indiana County","PA","Pennsylvania","06",2142939381,18085569
"643","42","031","01210234","0500000US42031","42031","Clarion","Clarion County","PA","Pennsylvania","06",1556156937,23330902
"644","42","035","01214721","0500000US42035","42035","Clinton","Clinton County","PA","Pennsylvania","06",2304129980,23182058
"645","42","061","01213672","0500000US42061","42061","Huntingdon","Huntingdon County","PA","Pennsylvania","06",2265182334,37851956
"646","42","113","01213687","0500000US42113","42113","Sullivan","Sullivan County","PA","Pennsylvania","06",1165337814,6617028
"673","24","027","01709077","0500000US24027","24027","Howard","Howard County","MD","Maryland","06",649957177,6336170
"674","26","051","01622968","0500000US26051","26051","Gladwin","Gladwin County","MI","Michigan","06",1299622802,36674665
"700","37","019","01026340","0500000US37019","37019","Brunswick","Brunswick County","NC","North Carolina","06",2201668770,516634715
"701","37","119","01008570","0500000US37119","37119","Mecklenburg","Mecklenburg County","NC","North Carolina","06",1356149121,58190433
"702","37","145","01008577","0500000US37145","37145","Person","Person County","NC","North Carolina","06",1016154888,31205409
"703","39","171","01074097","0500000US39171","39171","Williams","Williams County","OH","Ohio","06",1089504756,6298923
"711","42","125","01209190","0500000US42125","42125","Washington","Washington County","PA","Pennsylvania","06",2219644665,9945723
"712","44","005","01219779","0500000US44005","44005","Newport","Newport County","RI","Rhode Island","06",265293779,547001789
"724","50","009","01461761","0500000US50009","50009","Essex","Essex County","VT","Vermont","06",1715530626,28688441
"725","51","141","01497999","0500000US51141","51141","Patrick","Patrick County","VA","Virginia","06",1250852626,7141128
"726","51","027","01497431","0500000US51027","51027","Buchanan","Buchanan County","VA","Virginia","06",1302387764,2803578
"727","51","093","01702378","0500000US51093","51093","Isle of Wight","Isle of Wight County","VA","Virginia","06",817621466,122099188
"728","51","095","01480135","0500000US51095","51095","James City","James City County","VA","Virginia","06",368550686,95239463
"729","54","065","01557950","0500000US54065","54065","Morgan","Morgan County","WV","West Virginia","06",593295507,1401571
"730","54","023","01697238","0500000US54023","54023","Grant","Grant County","WV","West Virginia","06",1236387826,7546060
"739","51","111","01492239","0500000US51111","51111","Lunenburg","Lunenburg County","VA","Virginia","06",1118097708,1743628
"740","51","177","01480172","0500000US51177","51177","Spotsylvania","Spotsylvania County","VA","Virginia","06",1041093159,32918176
"741","51","087","01480133","0500000US51087","51087","Henrico","Henrico County","VA","Virginia","06",605276759,28882519
"742","51","101","01480138","0500000US51101","51101","King William","King William County","VA","Virginia","06",709424848,31090165
"743","51","155","01501465","0500000US51155","51155","Pulaski","Pulaski County","VA","Virginia","06",828380598,24874335
"744","51","187","01674058","0500000US51187","51187","Warren","Warren County","VA","Virginia","06",555738446,8583334
"745","51","137","01494761","0500000US51137","51137","Orange","Orange County","VA","Virginia","06",881929772,7015339
"746","51","067","01494434","0500000US51067","51067","Franklin","Franklin County","VA","Virginia","06",1788673576,54402647
"747","51","139","01500440","0500000US51139","51139","Page","Page County","VA","Virginia","06",802941043,8378554
"748","51","127","01480150","0500000US51127","51127","New Kent","New Kent County","VA","Virginia","06",543978940,35605786
"749","51","125","01500936","0500000US51125","51125","Nelson","Nelson County","VA","Virginia","06",1219224540,8983980
"750","51","145","01674225","0500000US51145","51145","Powhatan","Powhatan County","VA","Virginia","06",673921300,5444149
"751","51","075","01674271","0500000US51075","51075","Goochland","Goochland County","VA","Virginia","06",730637052,21955885
"752","51","037","01492442","0500000US51037","51037","Charlotte","Charlotte County","VA","Virginia","06",1231010115,5809378
"753","51","063","01494354","0500000US51063","51063","Floyd","Floyd County","VA","Virginia","06",986585624,2190752
"754","51","097","01480136","0500000US51097","51097","King and Queen","King and Queen County","VA","Virginia","06",816185249,28929275
"759","54","021","01689673","0500000US54021","54021","Gilmer","Gilmer County","WV","West Virginia","06",876717620,4082112
"760","54","033","01718426","0500000US54033","54033","Harrison","Harrison County","WV","West Virginia","06",1077461980,1313215
"761","54","017","01689476","0500000US54017","54017","Doddridge","Doddridge County","WV","West Virginia","06",828078406,1950541
"762","54","085","01689049","0500000US54085","54085","Ritchie","Ritchie County","WV","West Virginia","06",1170648850,4424612
"763","54","005","01550009","0500000US54005","54005","Boone","Boone County","WV","West Virginia","06",1301131776,4307457
"764","54","093","01689423","0500000US54093","54093","Tucker","Tucker County","WV","West Virginia","06",1085313664,5310175
"765","54","087","01550050","0500000US54087","54087","Roane","Roane County","WV","West Virginia","06",1252422375,404682
"766","54","001","01696996","0500000US54001","54001","Barbour","Barbour County","WV","West Virginia","06",883338376,4639586
"767","54","013","01696945","0500000US54013","54013","Calhoun","Calhoun County","WV","West Virginia","06",723286841,3670131
"786","09","110","02830244","0500000US09110","09110","Capitol","Capitol Planning Region","CT","Connecticut","PL",2660835177,48773550
"803","26","099","01622992","0500000US26099","26099","Macomb","Macomb County","MI","Michigan","06",1241511528,237166830
"804","26","147","01625033","0500000US26147","26147","St. Clair","St. Clair County","MI","Michigan","06",1868679901,297835534
"807","36","061","00974129","0500000US36061","36061","New York","New York County","NY","New York","06",58683879,29010416
"812","36","059","00974128","0500000US36059","36059","Nassau","Nassau County","NY","New York","06",736965432,437285877
"814","36","111","00974153","0500000US36111","36111","Ulster","Ulster County","NY","New York","06",2911757764,94596810
"822","23","015","00581293","0500000US23015","23015","Lincoln","Lincoln County","ME","Maine","06",1180688993,631299424
"824","24","009","01676636","0500000US24009","24009","Calvert","Calvert County","MD","Maryland","06",552158537,341580669
"825","24","043","01714220","0500000US24043","24043","Washington","Washington County","MD","Maryland","06",1185655256,24820607
"826","26","055","01622970","0500000US26055","26055","Grand Traverse","Grand Traverse County","MI","Michigan","06",1202625102,354771223
"827","26","013","01622949","0500000US26013","26013","Baraga","Baraga County","MI","Michigan","06",2326915096,441618700
"828","26","071","01622978","0500000US26071","26071","Iron","Iron County","MI","Michigan","06",3020175217,116800609
"839","34","033","00882233","0500000US34033","34033","Salem","Salem County","NJ","New Jersey","06",859515221,105389623
"840","34","007","00882273","0500000US34007","34007","Camden","Camden County","NJ","New Jersey","06",573329867,15919264
"841","34","015","00882277","0500000US34015","34015","Gloucester","Gloucester County","NJ","New Jersey","06",833999181,38137129
"842","37","087","01008561","0500000US37087","37087","Haywood","Haywood County","NC","North Carolina","06",1433713850,2438478
"843","37","021","01008538","0500000US37021","37021","Buncombe","Buncombe County","NC","North Carolina","06",1700301514,8941579
"844","37","065","01008551","0500000US37065","37065","Edgecombe","Edgecombe County","NC","North Carolina","06",1309073894,3706145
"852","42","003","01213657","0500000US42003","42003","Allegheny","Allegheny County","PA","Pennsylvania","06",1890567432,37048381
"853","42","041","01209176","0500000US42041","42041","Cumberland","Cumberland County","PA","Pennsylvania","06",1412792253,12666284
"854","42","067","01209180","0500000US42067","42067","Juniata","Juniata County","PA","Pennsylvania","06",1013697487,5502986
"877","23","027","00581299","0500000US23027","23027","Waldo","Waldo County","ME","Maine","06",1891279833,347573350
"878","23","017","00581294","0500000US23017","23017","Oxford","Oxford County","ME","Maine","06",5379296162,255883190
"879","24","025","01698178","0500000US24025","24025","Harford","Harford County","MD","Maryland","06",1132149298,231888421
"880","24","047","01668802","0500000US24047","24047","Worcester","Worcester County","MD","Maryland","06",1212887337,586800206
"881","24","003","01710958","0500000US24003","24003","Anne Arundel","Anne Arundel County","MD","Maryland","06",1074343715,448054686
"882","24","023","01711058","0500000US24023","24023","Garrett","Garrett County","MD","Maryland","06",1681102438,22498420
"883","37","029","01026335","0500000US37029","37029","Camden","Camden County","NC","North Carolina","06",622441458,181120132
"884","37","161","01008584","0500000US37161","37161","Rutherford","Rutherford County","NC","North Carolina","06",1464475268,4693780
"886","39","161","01074092","0500000US39161","39161","Van Wert","Van Wert County","OH","Ohio","06",1059692859,3287921
"889","42","111","01209188","0500000US42111","42111","Somerset","Somerset County","PA","Pennsylvania","06",2784359433,17101197
"890","42","045","01209177","0500000US42045","42045","Delaware","Delaware County","PA","Pennsylvania","06",476060047,17591834
"891","42","103","01213683","0500000US42103","42103","Pike","Pike County","PA","Pennsylvania","06",1411273944,56779544
"918","51","003","01675170","0500000US51003","51003","Albemarle","Albemarle County","VA","Virginia","06",1866027153,14210136
"919","51","840","01789077","0500000US51840","51840","Winchester","Winchester city","VA","Virginia","25",23809501,54462
"920","51","163","01480166","0500000US51163","51163","Rockbridge","Rockbridge County","VA","Virginia","06",1545053251,8821787
"921","54","081","01550047","0500000US54081","54081","Raleigh","Raleigh County","WV","West Virginia","06",1566859293,10394912
"922","54","083","01550048","0500000US54083","54083","Randolph","Randolph County","WV","West Virginia","06",2692810852,667359
"923","54","007","01550010","0500000US54007","54007","Braxton","Braxton County","WV","West Virginia","06",1322796522,14344826
"933","09","140","02830249","0500000US09140","09140","Naugatuck Valley","Naugatuck Valley Planning Region","CT","Connecticut","PL",1069106360,22747873
"962","25","015","00606934","0500000US25015","25015","Hampshire","Hampshire County","MA","Massachusetts","06",1365533874,46625894
"963","26","079","01622982","0500000US26079","26079","Kalkaska","Kalkaska County","MI","Michigan","06",1449729129,28020186
"976","36","077","00974137","0500000US36077","36077","Otsego","Otsego County","NY","New York","06",2594488424,36312826
"977","36","067","00974132","0500000US36067","36067","Onondaga","Onondaga County","NY","New York","06",2016027798,70512842
"985","51","041","01480111","0500000US51041","51041","Chesterfield","Chesterfield County","VA","Virginia","06",1096874572,34967237
"986","51","005","01673675","0500000US51005","51005","Alleghany","Alleghany County","VA","Virginia","06",1156616595,8162743
"987","51","017","01673638","0500000US51017","51017","Bath","Bath County","VA","Virginia","06",1370626044,14039993
"999","36","013","00974105","0500000US36013","36013","Chautauqua","Chautauqua County","NY","New York","06",2746450221,1139029655
"1001","23","013","00581292","0500000US23013","23013","Knox","Knox County","ME","Maine","06",945086114,1987492766
"1002","24","013","01696228","0500000US24013","24013","Carroll","Carroll County","MD","Maryland","06",1159317311,13111616
"1005","34","011","00882275","0500000US34011","34011","Cumberland","Cumberland County","NJ","New Jersey","06",1251948171,503663195
"1006","34","021","00882229","0500000US34021","34021","Mercer","Mercer County","NJ","New Jersey","06",581404579,11327997
"1007","39","123","01074074","0500000US39123","39123","Ottawa","Ottawa County","OH","Ohio","06",659675100,855668003
"1014","33","009","00873178","0500000US33009","33009","Grafton","Grafton County","NH","New Hampshire","06",4425249955,106463890
"1017","36","009","00974103","0500000US36009","36009","Cattaraugus","Cattaraugus County","NY","New York","06",3388177068,36783591
"1018","36","105","00974150","0500000US36105","36105","Sullivan","Sullivan County","NY","New York","06",2507484144,73737482
"1024","26","089","01622987","0500000US26089","26089","Leelanau","Leelanau County","MI","Michigan","06",899244064,5659103150
"1027","36","065","00974131","0500000US36065","36065","Oneida","Oneida County","NY","New York","06",3140211189,117357244
"1047","51","153","01480161","0500000US51153","51153","Prince William","Prince William County","VA","Virginia","06",868307139,30896246
"1048","51","171","01673918","0500000US51171","51171","Shenandoah","Shenandoah County","VA","Virginia","06",1315922187,9714047
"1054","54","011","01550012","0500000US54011","54011","Cabell","Cabell County","WV","West Virginia","06",727849919,18110076
"1055","54","073","01678557","0500000US54073","54073","Pleasants","Pleasants County","WV","West Virginia","06",337007571,11468023
"1074","37","101","01026327","0500000US37101","37101","Johnston","Johnston County","NC","North Carolina","06",2051314542,9406181
"1075","37","079","01008557","0500000US37079","37079","Greene","Greene County","NC","North Carolina","06",690838975,1229492
"1076","37","057","01008548","0500000US37057","37057","Davidson","Davidson County","NC","North Carolina","06",1432251776,37596316
"1077","37","123","01008572","0500000US37123","37123","Montgomery","Montgomery County","NC","North Carolina","06",1273075626,25886753
"1078","37","199","01008598","0500000US37199","37199","Yancey","Yancey County","NC","North Carolina","06",809610024,1524558
"1094","42","099","01213682","0500000US42099","42099","Perry","Perry County","PA","Pennsylvania","06",1428247559,10591172
"1103","23","023","00581297","0500000US23023","23023","Sagadahoc","Sagadahoc County","ME","Maine","06",657801805,300571247
"1107","51","001","01480091","0500000US51001","51001","Accomack","Accomack County","VA","Virginia","06",1163688510,2229297380
"1125","39","003","01074015","0500000US39003","39003","Allen","Allen County","OH","Ohio","06",1042587391,11152061
"1131","51","085","01480132","0500000US51085","51085","Hanover","Hanover County","VA","Virginia","06",1211009692,12701674
"1132","51","047","01497831","0500000US51047","51047","Culpeper","Culpeper County","VA","Virginia","06",982069270,9012539
"1133","10","001","00217271","0500000US10001","10001","Kent","Kent County","DE","Delaware","06",1517891096,549776917
"1137","39","021","01074023","0500000US39021","39021","Champaign","Champaign County","OH","Ohio","06",1111045220,2180178
"1138","24","045","01668606","0500000US24045","24045","Wicomico","Wicomico County","MD","Maryland","06",969761875,66769937
"1139","37","165","01008585","0500000US37165","37165","Scotland","Scotland County","NC","North Carolina","06",826569986,3842049
"1142","26","007","01622946","0500000US26007","26007","Alpena","Alpena County","MI","Michigan","06",1481211410,2908626983
"1144","36","025","00974111","0500000US36025","36025","Delaware","Delaware County","NY","New York","06",3736306657,64163829
"1157","51","029","01501502","0500000US51029","51029","Buckingham","Buckingham County","VA","Virginia","06",1501215443,9911855
"1158","51","147","01492359","0500000US51147","51147","Prince Edward","Prince Edward County","VA","Virginia","06",906356801,10079281
"1159","51","031","01674917","0500000US51031","51031","Campbell","Campbell County","VA","Virginia","06",1303430816,8887974
"1160","54","019","01560095","0500000US54019","54019","Fayette","Fayette County","WV","West Virginia","06",1714459787,17468298
"1161","54","043","01550028","0500000US54043","54043","Lincoln","Lincoln County","WV","West Virginia","06",1132065762,4053564
"1174","24","031","01712500","0500000US24031","24031","Montgomery","Montgomery County","MD","Maryland","06",1277238908,35640935
"1176","37","013","01026333","0500000US37013","37013","Beaufort","Beaufort County","NC","North Carolina","06",2156776424,336988229
"1182","51","057","01480118","0500000US51057","51057","Essex","Essex County","VA","Virginia","06",666543883,74795386
"1183","54","071","01550042","0500000US54071","54071","Pendleton","Pendleton County","WV","West Virginia","06",1802760302,5428393
"1192","51","195","01496656","0500000US51195","51195","Wise","Wise County","VA","Virginia","06",1044913732,5238468
"1204","26","119","01623002","0500000US26119","26119","Montmorency","Montmorency County","MI","Michigan","06",1415881030,41352700
"1207","37","147","01008578","0500000US37147","37147","Pitt","Pitt County","NC","North Carolina","06",1689620170,8247778
"1208","37","099","01008566","0500000US37099","37099","Jackson","Jackson County","NC","North Carolina","06",1271968586,9746824
"1211","42","005","01213658","0500000US42005","42005","Armstrong","Armstrong County","PA","Pennsylvania","06",1692093660,27586719
"1215","51","149","01480160","0500000US51149","51149","Prince George","Prince George County","VA","Virginia","06",687232241,42745198
"1216","54","045","01550029","0500000US54045","54045","Logan","Logan County","WV","West Virginia","06",1173016680,4686506
"1225","24","035","00596089","0500000US24035","24035","Queen Anne's","Queen Anne's County","MD","Maryland","06",962618588,360075353
"1226","37","095","01008564","0500000US37095","37095","Hyde","Hyde County","NC","North Carolina","06",1585958032,2192938302
"1227","37","173","01008588","0500000US37173","37173","Swain","Swain County","NC","North Carolina","06",1366790479,32429134
"1229","42","101","01209187","0500000US42101","42101","Philadelphia","Philadelphia County","PA","Pennsylvania","06",347900747,20969567
"1230","26","029","01622957","0500000US26029","26029","Charlevoix","Charlevoix County","MI","Michigan","06",1078288791,2522931117
"1233","33","007","00873177","0500000US33007","33007","Coos","Coos County","NH","New Hampshire","06",4647924493,92541532
"1236","26","063","01622974","0500000US26063","26063","Huron","Huron County","MI","Michigan","06",2165276749,3369017439
"1238","36","103","00974149","0500000US36103","36103","Suffolk","Suffolk County","NY","New York","06",2359306969,3787388317
"1244","51","790","01789075","0500000US51790","51790","Staunton","Staunton city","VA","Virginia","25",51593818,147694
"1250","23","025","00581298","0500000US23025","23025","Somerset","Somerset County","ME","Maine","06",10163811939,437942553
"1251","37","031","01026337","0500000US37031","37031","Carteret","Carteret County","NC","North Carolina","06",1314694122,2131056469
"1252","39","095","01074060","0500000US39095","39095","Lucas","Lucas County","OH","Ohio","06",879721719,663490659
"1254","25","011","00606932","0500000US25011","25011","Franklin","Franklin County","MA","Massachusetts","06",1810943461,65594687
"1265","51","119","01480147","0500000US51119","51119","Middlesex","Middlesex County","VA","Virginia","06",337554146,208310589
"1266","51","199","01480182","0500000US51199","51199","York","York County","VA","Virginia","06",271175182,285635878
"1274","37","153","01008581","0500000US37153","37153","Richmond","Richmond County","NC","North Carolina","06",1226849527,15575098
"1275","37","103","01026338","0500000US37103","37103","Jones","Jones County","NC","North Carolina","06",1220836956,6031825
"1283","51","091","01673774","0500000US51091","51091","Highland","Highland County","VA","Virginia","06",1075266903,1791758
"1284","51","165","01488970","0500000US51165","51165","Rockingham","Rockingham County","VA","Virginia","06",2200961635,10639220
"1293","34","013","00882276","0500000US34013","34013","Essex","Essex County","NJ","New Jersey","06",326552231,8653266
"1294","36","043","00974120","0500000US36043","36043","Herkimer","Herkimer County","NY","New York","06",3653400323,120358452
"1295","37","017","01026336","0500000US37017","37017","Bladen","Bladen County","NC","North Carolina","06",2266124566,33022256
"1304","23","007","00581289","0500000US23007","23007","Franklin","Franklin County","ME","Maine","06",4395226705,121284631
"1309","51","105","01496538","0500000US51105","51105","Lee","Lee County","VA","Virginia","06",1127622847,4896591
"1311","51","053","01690739","0500000US51053","51053","Dinwiddie","Dinwiddie County","VA","Virginia","06",1304903542,8988308
"1312","51","830","01789076","0500000US51830","51830","Williamsburg","Williamsburg city","VA","Virginia","25",23149768,416905
"1313","54","075","01550044","0500000US54075","54075","Pocahontas","Pocahontas County","WV","West Virginia","06",2435206744,4094092
"1317","33","015","00873181","0500000US33015","33015","Rockingham","Rockingham County","NH","New Hampshire","06",1801152748,258528921
"1324","51","167","01497573","0500000US51167","51167","Russell","Russell County","VA","Virginia","06",1226421372,7558481
"1329","51","117","01500747","0500000US51117","51117","Mecklenburg","Mecklenburg County","VA","Virginia","06",1619544369,139655803
"1334","37","111","01025836","0500000US37111","37111","McDowell","McDowell County","NC","North Carolina","06",1139476684,13977729
"1342","25","023","00606938","0500000US25023","25023","Plymouth","Plymouth County","MA","Massachusetts","06",1705513086,1126113558
"1346","37","139","01026330","0500000US37139","37139","Pasquotank","Pasquotank County","NC","North Carolina","06",587610261,161751355
"1347","42","055","01213670","0500000US42055","42055","Franklin","Franklin County","PA","Pennsylvania","06",2000193445,1553435
"1356","23","021","00581296","0500000US23021","23021","Piscataquis","Piscataquis County","ME","Maine","06",10258545867,1080517302
"1359","37","023","01008539","0500000US37023","37023","Burke","Burke County","NC","North Carolina","06",1311146878,20719897
"1361","42","097","01209186","0500000US42097","42097","Northumberland","Northumberland County","PA","Pennsylvania","06",1185380639,50638539
"1382","26","137","01623011","0500000US26137","26137","Otsego","Otsego County","MI","Michigan","06",1333860411,29050564
"1384","36","115","00974155","0500000US36115","36115","Washington","Washington County","NY","New York","06",2152773113,38123569
"1385","42","059","01214033","0500000US42059","42059","Greene","Greene County","PA","Pennsylvania","06",1491658046,5296803
"1389","51","019","01674818","0500000US51019","51019","Bedford","Bedford County","VA","Virginia","06",1968691310,42058982
"1390","51","685","01498431","0500000US51685","51685","Manassas Park","Manassas Park city","VA","Virginia","25",7857548,1609
"1391","54","067","01550040","0500000US54067","54067","Nicholas","Nicholas County","WV","West Virginia","06",1675312255,19375252
"1394","24","029","00593907","0500000US24029","24029","Kent","Kent County","MD","Maryland","06",717268761,353549972
"1395","34","003","00882271","0500000US34003","34003","Bergen","Bergen County","NJ","New Jersey","06",602934378,35371524
"1396","39","073","01074049","0500000US39073","39073","Hocking","Hocking County","OH","Ohio","06",1091289822,5955974
"1398","37","115","01025834","0500000US37115","37115","Madison","Madison County","NC","North Carolina","06",1164498324,4840167
"1407","51","530","01498417","0500000US51530","51530","Buena Vista","Buena Vista city","VA","Virginia","25",16674753,219579
"1409","36","095","00974145","0500000US36095","36095","Schoharie","Schoharie County","NY","New York","06",1610503551,11676951
"1416","34","027","00882231","0500000US34027","34027","Morris","Morris County","NJ","New Jersey","06",1194051047,53100988
"1417","51","007","01497770","0500000US51007","51007","Amelia","Amelia County","VA","Virginia","06",920379344,8188217
"1418","09","130","02830246","0500000US09130","09130","Lower Connecticut River Valley","Lower Connecticut River Valley Planning Region","CT","Connecticut","PL",1098459139,241084217
"1444","26","017","01622951","0500000US26017","26017","Bay","Bay County","MI","Michigan","06",1145834942,487713372
"1445","26","049","01622967","0500000US26049","26049","Genesee","Genesee County","MI","Michigan","06",1649677902,32744787
"1446","26","021","01622953","0500000US26021","26021","Berrien","Berrien County","MI","Michigan","06",1470581606,2625411979
"1459","36","003","00974100","0500000US36003","36003","Allegany","Allegany County","NY","New York","06",2666410173,12989704
"1463","26","145","01623015","0500000US26145","26145","Saginaw","Saginaw County","MI","Michigan","06",2074080705,39260622
"1467","26","117","01623001","0500000US26117","26117","Montcalm","Montcalm County","MI","Michigan","06",1826793471,39944685
"1469","26","121","01623003","0500000US26121","26121","Muskegon","Muskegon County","MI","Michigan","06",1305130150,2476314283
"1471","26","105","01622995","0500000US26105","26105","Mason","Mason County","MI","Michigan","06",1281963203,1935616622
"1479","26","043","01622964","0500000US26043","26043","Dickinson","Dickinson County","MI","Michigan","06",1970851991,40499097
"1480","26","157","01623019","0500000US26157","26157","Tuscola","Tuscola County","MI","Michigan","06",2084527021,282490891
"1481","26","011","01622948","0500000US26011","26011","Arenac","Arenac County","MI","Michigan","06",940627659,822313309
"1482","26","127","01623006","0500000US26127","26127","Oceana","Oceana County","MI","Michigan","06",1393686390,1988709489
"1483","26","061","01622973","0500000US26061","26061","Houghton","Houghton County","MI","Michigan","06",2613563871,1275349279
"1491","25","005","00606929","0500000US25005","25005","Bristol","Bristol County","MA","Massachusetts","06",1432555935,357450957
"1493","36","011","00974104","0500000US36011","36011","Cayuga","Cayuga County","NY","New York","06",1791207571,445691131
"1494","26","033","01622959","0500000US26033","26033","Chippewa","Chippewa County","MI","Michigan","06",4036530069,2952489353
"1498","26","027","01622956","0500000US26027","26027","Cass","Cass County","MI","Michigan","06",1269418180,47096776
"1500","33","013","00873180","0500000US33013","33013","Merrimack","Merrimack County","NH","New Hampshire","06",2416176927,57199007
"1507","09","160","02830251","0500000US09160","09160","Northwest Hills","Northwest Hills Planning Region","CT","Connecticut","PL",2037392868,55597912
"1510","36","069","00974133","0500000US36069","36069","Ontario","Ontario County","NY","New York","06",1668148125,47853412
"1519","36","039","00974118","0500000US36039","36039","Greene","Greene County","NY","New York","06",1676140498,28201061
"1520","36","037","00974117","0500000US36037","36037","Genesee","Genesee County","NY","New York","06",1276803036,6136678
"1521","36","049","00974123","0500000US36049","36049","Lewis","Lewis County","NY","New York","06",3305625876,39648337
"1523","50","015","01461764","0500000US50015","50015","Lamoille","Lamoille County","VT","Vermont","06",1194643959,12744800
"1524","51","033","01480107","0500000US51033","51033","Caroline","Caroline County","VA","Virginia","06",1365869819,24919385
"1525","51","065","01494061","0500000US51065","51065","Fluvanna","Fluvanna County","VA","Virginia","06",743630405,10747026
"1529","39","059","01074042","0500000US39059","39059","Guernsey","Guernsey County","OH","Ohio","06",1352599522,15666081
"1530","39","147","01074086","0500000US39147","39147","Seneca","Seneca County","OH","Ohio","06",1427151723,4576816
"1531","37","183","01008592","0500000US37183","37183","Wake","Wake County","NC","North Carolina","06",2161621264,58029945
"1532","37","081","01008558","0500000US37081","37081","Guilford","Guilford County","NC","North Carolina","06",1673100202,30270170
"1533","51","680","01498429","0500000US51680","51680","Lynchburg","Lynchburg city","VA","Virginia","25",126695077,1427120
"1534","51","183","01690257","0500000US51183","51183","Sussex","Sussex County","VA","Virginia","06",1269725163,6739204
"1535","51","730","01498435","0500000US51730","51730","Petersburg","Petersburg city","VA","Virginia","25",58845729,577678
"1539","39","049","01074037","0500000US39049","39049","Franklin","Franklin County","OH","Ohio","06",1378959684,29020073
"1540","39","153","01074088","0500000US39153","39153","Summit","Summit County","OH","Ohio","06",1069150156,18986955
"1541","37","191","01026128","0500000US37191","37191","Wayne","Wayne County","NC","North Carolina","06",1434651140,9842326
"1542","37","151","01008580","0500000US37151","37151","Randolph","Randolph County","NC","North Carolina","06",2026239779,19706168
"1543","37","169","01008586","0500000US37169","37169","Stokes","Stokes County","NC","North Carolina","06",1163740817,17577923
"1544","51","690","01789072","0500000US51690","51690","Martinsville","Martinsville city","VA","Virginia","25",28374648,135578
"1545","51","660","01498563","0500000US51660","51660","Harrisonburg","Harrisonburg city","VA","Virginia","25",44898874,131080
"1546","51","620","01498424","0500000US51620","51620","Franklin","Franklin city","VA","Virginia","25",21438217,227442
"1547","54","015","01550014","0500000US54015","54015","Clay","Clay County","WV","West Virginia","06",885617417,4862288
"1550","39","173","01074098","0500000US39173","39173","Wood","Wood County","OH","Ohio","06",1598453877,8706879
"1551","39","013","01065575","0500000US39013","39013","Belmont","Belmont County","OH","Ohio","06",1378201570,23693388
"1552","37","197","01008597","0500000US37197","37197","Yadkin","Yadkin County","NC","North Carolina","06",867498039,7176192
"1555","54","097","01696800","0500000US54097","54097","Upshur","Upshur County","WV","West Virginia","06",918506904,302703
"1576","39","089","01074057","0500000US39089","39089","Licking","Licking County","OH","Ohio","06",1767478816,12761091
"1577","39","165","01074094","0500000US39165","39165","Warren","Warren County","OH","Ohio","06",1039665894,15705152
"1578","39","119","01074072","0500000US39119","39119","Muskingum","Muskingum County","OH","Ohio","06",1721165824,20823924
"1587","39","139","01074082","0500000US39139","39139","Richland","Richland County","OH","Ohio","06",1282631595,12560134
"1588","39","163","01074093","0500000US39163","39163","Vinton","Vinton County","OH","Ohio","06",1068008170,6781751
"1589","39","027","01074026","0500000US39027","39027","Clinton","Clinton County","OH","Ohio","06",1058609497,9329331
"1590","39","115","01074070","0500000US39115","39115","Morgan","Morgan County","OH","Ohio","06",1078538281,13868572
"1600","39","131","01074078","0500000US39131","39131","Pike","Pike County","OH","Ohio","06",1140325074,9566957
"1640","42","019","01213661","0500000US42019","42019","Butler","Butler County","PA","Pennsylvania","06",2044750109,16004632
"1648","42","025","01213664","0500000US42025","42025","Carbon","Carbon County","PA","Pennsylvania","06",987706484,15918751
"1649","42","079","01209183","0500000US42079","42079","Luzerne","Luzerne County","PA","Pennsylvania","06",2304589532,42011601
"1658","42","087","01213679","0500000US42087","42087","Mifflin","Mifflin County","PA","Pennsylvania","06",1064581429,9507558
"1659","42","053","01213669","0500000US42053","42053","Forest","Forest County","PA","Pennsylvania","06",1106595595,8369676
"1682","39","099","01074062","0500000US39099","39099","Mahoning","Mahoning County","OH","Ohio","06",1065747115,35461694
"1722","42","117","01209189","0500000US42117","42117","Tioga","Tioga County","PA","Pennsylvania","06",2936765818,8279717
"1723","42","123","01213691","0500000US42123","42123","Warren","Warren County","PA","Pennsylvania","06",2290280115,37368144
"1774","50","005","01461759","0500000US50005","50005","Caledonia","Caledonia County","VT","Vermont","06",1681454161,22351442
"1775","50","001","01461757","0500000US50001","50001","Addison","Addison County","VT","Vermont","06",1984788915,107311070
"1779","23","001","00581286","0500000US23001","23001","Androscoggin","Androscoggin County","ME","Maine","06",1211995418,75541705
"1780","26","067","01622976","0500000US26067","26067","Ionia","Ionia County","MI","Michigan","06",1479710874,22590324
"1784","51","650","01498554","0500000US51650","51650","Hampton","Hampton city","VA","Virginia","25",133282615,219667964
"1785","51","169","01498172","0500000US51169","51169","Scott","Scott County","VA","Virginia","06",1387786258,8105326
"1787","26","025","01622955","0500000US26025","26025","Calhoun","Calhoun County","MI","Michigan","06",1829201515,31257733
"1788","26","015","01622950","0500000US26015","26015","Barry","Barry County","MI","Michigan","06",1432533270,61999481
"1789","26","075","01622980","0500000US26075","26075","Jackson","Jackson County","MI","Michigan","06",1817919505,55918789
"1792","33","005","00873176","0500000US33005","33005","Cheshire","Cheshire County","NH","New Hampshire","06",1830367239,57589060
"1793","34","005","00882272","0500000US34005","34005","Burlington","Burlington County","NJ","New Jersey","06",2070137466,54604075
"1795","51","740","01498556","0500000US51740","51740","Portsmouth","Portsmouth city","VA","Virginia","25",86248205,34658275
"1796","51","735","01498436","0500000US51735","51735","Poquoson","Poquoson city","VA","Virginia","25",39773690,163429842
"1804","36","015","00974106","0500000US36015","36015","Chemung","Chemung County","NY","New York","06",1054988439,8875327
"1806","54","061","01550037","0500000US54061","54061","Monongalia","Monongalia County","WV","West Virginia","06",932637133,14987287
"1814","36","007","00974102","0500000US36007","36007","Broome","Broome County","NY","New York","06",1827626589,25078245
"1815","36","055","00974126","0500000US36055","36055","Monroe","Monroe County","NY","New York","06",1701477037,1838269506
"1816","54","029","01560574","0500000US54029","54029","Hancock","Hancock County","WV","West Virginia","06",213958964,13877476
"1824","37","171","01008587","0500000US37171","37171","Surry","Surry County","NC","North Carolina","06",1379541809,10392704
"1825","37","045","01008547","0500000US37045","37045","Cleveland","Cleveland County","NC","North Carolina","06",1202409706,10168594
"1850","39","001","01074014","0500000US39001","39001","Adams","Adams County","OH","Ohio","06",1512221259,6250109
"1851","39","081","01074053","0500000US39081","39081","Jefferson","Jefferson County","OH","Ohio","06",1057037102,7335056
"1863","50","017","01461765","0500000US50017","50017","Orange","Orange County","VT","Vermont","06",1779343340,12005265
"1864","50","007","01461760","0500000US50007","50007","Chittenden","Chittenden County","VT","Vermont","06",1390433441,217071279
"1865","54","059","01550036","0500000US54059","54059","Mingo","Mingo County","WV","West Virginia","06",1095856538,2177833
"1879","50","021","01461767","0500000US50021","50021","Rutland","Rutland County","VT","Vermont","06",2410117478,38757463
"1890","51","035","01480108","0500000US51035","51035","Carroll","Carroll County","VA","Virginia","06",1229575930,7586185
"1891","51","810","01498559","0500000US51810","51810","Virginia Beach","Virginia Beach city","VA","Virginia","25",633821986,654694007
"1904","51","590","01498421","0500000US51590","51590","Danville","Danville city","VA","Virginia","25",110858218,2327667
"1905","51","115","01480145","0500000US51115","51115","Mathews","Mathews County","VA","Virginia","06",222508057,430071655
"1912","51","800","01498560","0500000US51800","51800","Suffolk","Suffolk city","VA","Virginia","25",1033837944,77026744
"1913","51","025","01493961","0500000US51025","51025","Brunswick","Brunswick County","VA","Virginia","06",1466842628,8368077
"1921","51","043","01690562","0500000US51043","51043","Clarke","Clarke County","VA","Virginia","06",455729730,5685740
"1924","36","001","00974099","0500000US36001","36001","Albany","Albany County","NY","New York","06",1354273425,26971925
"1925","54","009","01558262","0500000US54009","54009","Brooke","Brooke County","WV","West Virginia","06",231015797,8732461
"1926","54","089","01557805","0500000US54089","54089","Summers","Summers County","WV","West Virginia","06",933918959,18481563
"1929","54","055","01557645","0500000US54055","54055","Mercer","Mercer County","WV","West Virginia","06",1085106063,4442450
"1930","54","077","01558642","0500000US54077","54077","Preston","Preston County","WV","West Virginia","06",1680420301,6668159
"1931","37","001","01008531","0500000US37001","37001","Alamance","Alamance County","NC","North Carolina","06",1096763237,27913357
"1932","37","063","01008550","0500000US37063","37063","Durham","Durham County","NC","North Carolina","06",744748241,26712251
"1933","54","035","01559963","0500000US54035","54035","Jackson","Jackson County","WV","West Virginia","06",1202686618,18827431
"1937","54","069","01717163","0500000US54069","54069","Ohio","Ohio County","WV","West Virginia","06",274099990,8261185
"1939","37","035","01008543","0500000US37035","37035","Catawba","Catawba County","NC","North Carolina","06",1039552776,37943182
"1940","37","109","01008569","0500000US37109","37109","Lincoln","Lincoln County","NC","North Carolina","06",766251553,23338524
"2020","50","019","01461766","0500000US50019","50019","Orleans","Orleans County","VT","Vermont","06",1798880704,71408888
"2033","33","003","00873175","0500000US33003","33003","Carroll","Carroll County","NH","New Hampshire","06",2413516774,159618928
"2034","33","019","00873183","0500000US33019","33019","Sullivan","Sullivan County","NH","New Hampshire","06",1393091317,36932078
"2037","26","073","01622979","0500000US26073","26073","Isabella","Isabella County","MI","Michigan","06",1483287228,12943517
"2047","42","039","01213666","0500000US42039","42039","Crawford","Crawford County","PA","Pennsylvania","06",2621988045,65390015
"2049","36","101","00974148","0500000US36101","36101","Steuben","Steuben County","NY","New York","06",3601403378,35034921
"2052","26","125","01623005","0500000US26125","26125","Oakland","Oakland County","MI","Michigan","06",2246553235,103179766
"2053","26","047","01622966","0500000US26047","26047","Emmet","Emmet County","MI","Michigan","06",1210937829,1073422144
"2059","42","015","01213660","0500000US42015","42015","Bradford","Bradford County","PA","Pennsylvania","06",2971688853,35331261
"2060","44","001","01219777","0500000US44001","44001","Bristol","Bristol County","RI","Rhode Island","06",62500773,53359134
"2062","25","027","00606940","0500000US25027","25027","Worcester","Worcester County","MA","Massachusetts","06",3912636723,177350055
"2063","26","097","01622991","0500000US26097","26097","Mackinac","Mackinac County","MI","Michigan","06",2646654800,2793754478
"2066","26","035","01622960","0500000US26035","26035","Clare","Clare County","MI","Michigan","06",1461704502,28496223
"2069","39","143","01074084","0500000US39143","39143","Sandusky","Sandusky County","OH","Ohio","06",1057350441,24514231
"2071","26","083","01622984","0500000US26083","26083","Keweenaw","Keweenaw County","MI","Michigan","06",1398883240,14053673396
"2072","26","159","01623020","0500000US26159","26159","Van Buren","Van Buren County","MI","Michigan","06",1574177248,1248660328
"2073","26","149","01625034","0500000US26149","26149","St. Joseph","St. Joseph County","MI","Michigan","06",1296649452,52802551
"2082","24","021","01711211","0500000US24021","24021","Frederick","Frederick County","MD","Maryland","06",1711011017,17624710
"2083","26","153","01623017","0500000US26153","26153","Schoolcraft","Schoolcraft County","MI","Michigan","06",3035145673,1844210517
"2084","26","009","01622947","0500000US26009","26009","Antrim","Antrim County","MI","Michigan","06",1232002283,326537164
"2089","25","009","00606931","0500000US25009","25009","Essex","Essex County","MA","Massachusetts","06",1275604956,870173087
"2090","25","019","00606936","0500000US25019","25019","Nantucket","Nantucket County","MA","Massachusetts","06",119637317,666826385
"2091","36","073","00974135","0500000US36073","36073","Orleans","Orleans County","NY","New York","06",1013364725,1103744014
"2092","36","079","00974138","0500000US36079","36079","Putnam","Putnam County","NY","New York","06",596350119,41229629
"2101","36","081","00974139","0500000US36081","36081","Queens","Queens County","NY","New York","06",281594051,188444349
"2102","36","033","00974115","0500000US36033","36033","Franklin","Franklin County","NY","New York","06",4219857156,176622254
"2103","36","083","00974140","0500000US36083","36083","Rensselaer","Rensselaer County","NY","New York","06",1689861305,33524231
"2113","36","021","00974109","0500000US36021","36021","Columbia","Columbia County","NY","New York","06",1643770715,35071400
"2114","36","107","00974151","0500000US36107","36107","Tioga","Tioga County","NY","New York","06",1343600016,11044570
"2121","36","057","00974127","0500000US36057","36057","Montgomery","Montgomery County","NY","New York","06",1044052636,18613523
"2124","37","179","01008590","0500000US37179","37179","Union","Union County","NC","North Carolina","06",1638787125,17883271
"2131","36","099","00974147","0500000US36099","36099","Seneca","Seneca County","NY","New York","06",838372771,172818533
"2133","37","011","01008536","0500000US37011","37011","Avery","Avery County","NC","North Carolina","06",640602137,445285
"2134","37","073","01026126","0500000US37073","37073","Gates","Gates County","NC","North Carolina","06",882181709,13292008
"2139","36","109","00974152","0500000US36109","36109","Tompkins","Tompkins County","NY","New York","06",1229321859,43780760
"2141","37","185","01008593","0500000US37185","37185","Warren","Warren County","NC","North Carolina","06",1112119289,38613740
"2143","39","135","01074080","0500000US39135","39135","Preble","Preble County","OH","Ohio","06",1098741137,6062721
"2150","39","015","01074020","0500000US39015","39015","Brown","Brown County","OH","Ohio","06",1267911783,8879057
"2151","39","105","01074065","0500000US39105","39105","Meigs","Meigs County","OH","Ohio","06",1113957874,7519818
"2155","34","017","00882278","0500000US34017","34017","Hudson","Hudson County","NJ","New Jersey","06",119638045,41839269
"2161","39","111","01074068","0500000US39111","39111","Monroe","Monroe County","OH","Ohio","06",1180317743,4495411
"2162","39","029","01074027","0500000US39029","39029","Columbiana","Columbiana County","OH","Ohio","06",1377658468,7277033
"2175","39","093","01074059","0500000US39093","39093","Lorain","Lorain County","OH","Ohio","06",1270483156,1119495057
"2176","39","155","01074089","0500000US39155","39155","Trumbull","Trumbull County","OH","Ohio","06",1599552770,47777544
"2193","26","081","01622983","0500000US26081","26081","Kent","Kent County","MI","Michigan","06",2198722375,59597499
"2204","26","155","01623018","0500000US26155","26155","Shiawassee","Shiawassee County","MI","Michigan","06",1375198052,25833528
"2212","25","007","00606930","0500000US25007","25007","Dukes","Dukes County","MA","Massachusetts","06",267292993,1004291415
"2213","25","003","00606928","0500000US25003","25003","Berkshire","Berkshire County","MA","Massachusetts","06",2400592147,50709767
"2216","39","007","01074017","0500000US39007","39007","Ashtabula","Ashtabula County","OH","Ohio","06",1819252264,1724330055
"2221","26","023","01622954","0500000US26023","26023","Branch","Branch County","MI","Michigan","06",1311597690,34428004
"2222","34","037","00882236","0500000US34037","34037","Sussex","Sussex County","NJ","New Jersey","06",1342879999,43881034
"2223","36","023","00974110","0500000US36023","36023","Cortland","Cortland County","NY","New York","06",1291817952,7110638
"2225","42","105","01213684","0500000US42105","42105","Potter","Potter County","PA","Pennsylvania","06",2800422692,558970
"2226","42","085","01213678","0500000US42085","42085","Mercer","Mercer County","PA","Pennsylvania","06",1741866411,25964036
"2228","51","770","01498439","0500000US51770","51770","Roanoke","Roanoke city","VA","Virginia","25",110129888,855753
"2229","09","120","02830245","0500000US09120","09120","Greater Bridgeport","Greater Bridgeport Planning Region","CT","Connecticut","PL",363067866,253764138
"2232","36","097","00974146","0500000US36097","36097","Schuyler","Schuyler County","NY","New York","06",850405403,36246373
"2233","36","041","00974119","0500000US36041","36041","Hamilton","Hamilton County","NY","New York","06",4447989312,234204425
"2234","37","195","01008596","0500000US37195","37195","Wilson","Wilson County","NC","North Carolina","06",952012884,14332533
"2237","26","001","01622943","0500000US26001","26001","Alcona","Alcona County","MI","Michigan","06",1747349242,2890404966
"2238","51","011","01497238","0500000US51011","51011","Appomattox","Appomattox County","VA","Virginia","06",865635287,3206454
"2239","51","173","01500545","0500000US51173","51173","Smyth","Smyth County","VA","Virginia","06",1169221995,3289166
"2243","37","003","01008532","0500000US37003","37003","Alexander","Alexander County","NC","North Carolina","06",673368516,9435656
"2244","37","189","01008594","0500000US37189","37189","Watauga","Watauga County","NC","North Carolina","06",809214845,2271720
"2248","51","750","01498438","0500000US51750","51750","Radford","Radford city","VA","Virginia","25",25061729,858277
"2249","51","630","01498425","0500000US51630","51630","Fredericksburg","Fredericksburg city","VA","Virginia","25",27066498,178344
"2250","51","157","01673976","0500000US51157","51157","Rappahannock","Rappahannock County","VA","Virginia","06",689900923,2142396
"2251","51","670","01498428","0500000US51670","51670","Hopewell","Hopewell city","VA","Virginia","25",26817673,1228128
"2252","51","640","01498426","0500000US51640","51640","Galax","Galax city","VA","Virginia","25",21332077,105290
"2257","39","023","01074024","0500000US39023","39023","Clark","Clark County","OH","Ohio","06",1025322040,14608568
"2258","39","041","01074033","0500000US39041","39041","Delaware","Delaware County","OH","Ohio","06",1147743707,36698376
"2268","39","109","01074067","0500000US39109","39109","Miami","Miami County","OH","Ohio","06",1053040432,7924793
"2269","39","159","01074091","0500000US39159","39159","Union","Union County","OH","Ohio","06",1118126415,13420716
"2270","39","019","01074022","0500000US39019","39019","Carroll","Carroll County","OH","Ohio","06",1022040905,11183048
"2273","26","091","01622988","0500000US26091","26091","Lenawee","Lenawee County","MI","Michigan","06",1941553493,30470229
"2274","26","151","01623016","0500000US26151","26151","Sanilac","Sanilac County","MI","Michigan","06",2493048507,1624879474
"2281","26","031","01622958","0500000US26031","26031","Cheboygan","Cheboygan County","MI","Michigan","06",1852563996,440607444
"2282","26","069","01622977","0500000US26069","26069","Iosco","Iosco County","MI","Michigan","06",1423138614,3472103967
"2298","42","077","01209182","0500000US42077","42077","Lehigh","Lehigh County","PA","Pennsylvania","06",894414857,7450564
"2306","26","139","01623012","0500000US26139","26139","Ottawa","Ottawa County","MI","Michigan","06",1459508865,2765824532
"2307","26","093","01622989","0500000US26093","26093","Livingston","Livingston County","MI","Michigan","06",1464078927,52115360
"2309","42","069","01213675","0500000US42069","42069","Lackawanna","Lackawanna County","PA","Pennsylvania","06",1188509486,15908159
"2310","42","093","01213681","0500000US42093","42093","Montour","Montour County","PA","Pennsylvania","06",337556585,5174320
"2320","26","101","01622993","0500000US26101","26101","Manistee","Manistee County","MI","Michigan","06",1404616368,1912438857
"2322","26","161","01623021","0500000US26161","26161","Washtenaw","Washtenaw County","MI","Michigan","06",1828539923,42523115
"2331","34","029","00882279","0500000US34029","34029","Ocean","Ocean County","NJ","New Jersey","06",1627264184,742150453
"2338","24","510","01702381","0500000US24510","24510","Baltimore","Baltimore city","MD","Maryland","25",209649328,28758743
"2343","39","149","01074087","0500000US39149","39149","Shelby","Shelby County","OH","Ohio","06",1055922235,7802978
"2350","37","041","01025822","0500000US37041","37041","Chowan","Chowan County","NC","North Carolina","06",447179939,157966156
"2351","39","075","01074050","0500000US39075","39075","Holmes","Holmes County","OH","Ohio","06",1094566305,3694365
"2352","26","095","01622990","0500000US26095","26095","Luce","Luce County","MI","Michigan","06",2328593560,2624711552
"2360","37","143","01025841","0500000US37143","37143","Perquimans","Perquimans County","NC","North Carolina","06",640173980,211755191
"2371","23","005","00581288","0500000US23005","23005","Cumberland","Cumberland County","ME","Maine","06",2165743897,987468030
"2374","39","087","01074056","0500000US39087","39087","Lawrence","Lawrence County","OH","Ohio","06",1174282179,10029914
"2375","39","053","01074039","0500000US39053","39053","Gallia","Gallia County","OH","Ohio","06",1208305869,12087309
"2376","39","039","01074032","0500000US39039","39039","Defiance","Defiance County","OH","Ohio","06",1065623073,7100811
"2382","37","025","01008540","0500000US37025","37025","Cabarrus","Cabarrus County","NC","North Carolina","06",935587423,6985702
"2389","42","083","01210235","0500000US42083","42083","McKean","McKean County","PA","Pennsylvania","06",2537396734,13033864
"2390","54","105","01678877","0500000US54105","54105","Wirt","Wirt County","WV","West Virginia","06",602201076,5839709
"2400","42","115","01213688","0500000US42115","42115","Susquehanna","Susquehanna County","PA","Pennsylvania","06",2132840100,22389171
"2419","42","075","01214034","0500000US42075","42075","Lebanon","Lebanon County","PA","Pennsylvania","06",937148928,1722125
"2429","42","021","01213662","0500000US42021","42021","Cambria","Cambria County","PA","Pennsylvania","06",1781816295,13645124
"2430","42","081","01213677","0500000US42081","42081","Lycoming","Lycoming County","PA","Pennsylvania","06",3182887151,38917209
"2436","51","099","01480137","0500000US51099","51099","King George","King George County","VA","Virginia","06",465234037,21087162
"2440","42","065","01213674","0500000US42065","42065","Jefferson","Jefferson County","PA","Pennsylvania","06",1689811408,11294609
"2441","42","009","01209171","0500000US42009","42009","Bedford","Bedford County","PA","Pennsylvania","06",2621037920,11998904
"2446","51","089","01502770","0500000US51089","51089","Henry","Henry County","VA","Virginia","06",990284625,5269785
"2454","42","109","01213686","0500000US42109","42109","Snyder","Snyder County","PA","Pennsylvania","06",851547198,7158854
"2455","42","131","01209192","0500000US42131","42131","Wyoming","Wyoming County","PA","Pennsylvania","06",1028894328,20019505
"2460","51","077","01501196","0500000US51077","51077","Grayson","Grayson County","VA","Virginia","06",1144218745,9792930
"2486","54","053","01560254","0500000US54053","54053","Mason","Mason County","WV","West Virginia","06",1115683500,36124377
"2520","39","011","01074019","0500000US39011","39011","Auglaize","Auglaize County","OH","Ohio","06",1039590222,1339586
"2521","39","045","01074035","0500000US39045","39045","Fairfield","Fairfield County","OH","Ohio","06",1306299932,10869534
"2532","51","121","01674630","0500000US51121","51121","Montgomery","Montgomery County","VA","Virginia","06",1001932837,6278532
"2533","39","151","01065576","0500000US39151","39151","Stark","Stark County","OH","Ohio","06",1489777071,13614724
"2534","39","071","01074048","0500000US39071","39071","Highland","Highland County","OH","Ohio","06",1432479978,12194983
"2535","39","063","01074044","0500000US39063","39063","Hancock","Hancock County","OH","Ohio","06",1376122055,6024245
"2543","51","683","01498430","0500000US51683","51683","Manassas","Manassas city","VA","Virginia","25",25493247,146287
"2544","51","049","01494109","0500000US51049","51049","Cumberland","Cumberland County","VA","Virginia","06",770454313,5917833
"2545","51","540","01789068","0500000US51540","51540","Charlottesville","Charlottesville city","VA","Virginia","25",26535237,46120
"2546","39","069","01074047","0500000US39069","39069","Henry","Henry County","OH","Ohio","06",1077469003,9680060
"2547","39","083","01074054","0500000US39083","39083","Knox","Knox County","OH","Ohio","06",1361036421,10721050
"2548","39","101","01074063","0500000US39101","39101","Marion","Marion County","OH","Ohio","06",1045855309,908577
"2549","39","117","01074071","0500000US39117","39117","Morrow","Morrow County","OH","Ohio","06",1051881045,2819351
"2550","39","055","01074040","0500000US39055","39055","Geauga","Geauga County","OH","Ohio","06",1037107805,20701156
"2552","23","011","00581291","0500000US23011","23011","Kennebec","Kennebec County","ME","Maine","06",2246739232,216791392
"2556","51","036","01480109","0500000US51036","51036","Charles City","Charles City County","VA","Virginia","06",473711550,55274680
"2557","51","045","01673664","0500000US51045","51045","Craig","Craig County","VA","Virginia","06",849770441,2793174
"2558","51","595","01498422","0500000US51595","51595","Emporia","Emporia city","VA","Virginia","25",17168108,124634
"2559","51","600","01789070","0500000US51600","51600","Fairfax","Fairfax city","VA","Virginia","25",16163924,84155
"2560","51","678","01789071","0500000US51678","51678","Lexington","Lexington city","VA","Virginia","25",6473000,67783
"2561","39","097","01074061","0500000US39097","39097","Madison","Madison County","OH","Ohio","06",1208715706,2129636
"2562","39","005","01074016","0500000US39005","39005","Ashland","Ashland County","OH","Ohio","06",1095528191,9969109
"2563","39","031","01074028","0500000US39031","39031","Coshocton","Coshocton County","OH","Ohio","06",1460521588,9127208
"2564","39","047","01074036","0500000US39047","39047","Fayette","Fayette County","OH","Ohio","06",1052469885,1694038
"2565","26","123","01623004","0500000US26123","26123","Newaygo","Newaygo County","MI","Michigan","06",2172706357,59083043
"2566","26","107","01622996","0500000US26107","26107","Mecosta","Mecosta County","MI","Michigan","06",1437843579,41665709
"2567","26","057","01622971","0500000US26057","26057","Gratiot","Gratiot County","MI","Michigan","06",1472105381,8362680
"2568","26","037","01622961","0500000US26037","26037","Clinton","Clinton County","MI","Michigan","06",1469427626,18687990
"2569","36","117","00974156","0500000US36117","36117","Wayne","Wayne County","NY","New York","06",1563913374,2018184725
"2570","36","089","00977309","0500000US36089","36089","St. Lawrence","St. Lawrence County","NY","New York","06",6939939685,366960962
"2571","51","580","01789069","0500000US51580","51580","Covington","Covington city","VA","Virginia","25",14163840,521492
"2572","51","720","01498434","0500000US51720","51720","Norton","Norton city","VA","Virginia","25",19366553,88961
"2573","54","049","01718173","0500000US54049","54049","Marion","Marion County","WV","West Virginia","06",799749350,7079303
"2576","26","133","01623009","0500000US26133","26133","Osceola","Osceola County","MI","Michigan","06",1466674408,17425113
"2577","26","039","01622962","0500000US26039","26039","Crawford","Crawford County","MI","Michigan","06",1441108448,17887265
"2579","37","181","01008591","0500000US37181","37181","Vance","Vance County","NC","North Carolina","06",653701482,42190675
"2580","37","157","01008582","0500000US37157","37157","Rockingham","Rockingham County","NC","North Carolina","06",1465006557,18434917
"2583","54","101","01550057","0500000US54101","54101","Webster","Webster County","WV","West Virginia","06",1433479488,7146543
"2584","54","079","01550046","0500000US54079","54079","Putnam","Putnam County","WV","West Virginia","06",895299121,12230139
"2590","39","025","01074025","0500000US39025","39025","Clermont","Clermont County","OH","Ohio","06",1172125416,19874908
"2591","39","037","01074031","0500000US39037","39037","Darke","Darke County","OH","Ohio","06",1549077539,4244898
"2600","36","085","00974141","0500000US36085","36085","Richmond","Richmond County","NY","New York","06",148982679,117441532
"2606","26","111","01622998","0500000US26111","26111","Midland","Midland County","MI","Michigan","06",1342738431,24953314
"2613","37","005","01008533","0500000US37005","37005","Alleghany","Alleghany County","NC","North Carolina","06",608220278,3687222
"2620","51","071","01494551","0500000US51071","51071","Giles","Giles County","VA","Virginia","06",925207240,11232364
"2621","51","710","01498557","0500000US51710","51710","Norfolk","Norfolk city","VA","Virginia","25",137981434,111701531
"2623","50","013","01461763","0500000US50013","50013","Grand Isle","Grand Isle County","VT","Vermont","06",211782349,288954848
"2632","42","119","01213689","0500000US42119","42119","Union","Union County","PA","Pennsylvania","06",818323669,4611409
"2642","42","047","01213668","0500000US42047","42047","Elk","Elk County","PA","Pennsylvania","06",2141664026,12792134
"2643","26","085","01622985","0500000US26085","26085","Lake","Lake County","MI","Michigan","06",1470063806,17480501
"2653","37","105","01008567","0500000US37105","37105","Lee","Lee County","NC","North Carolina","06",660633151,10699612
"2662","37","107","01008568","0500000US37107","37107","Lenoir","Lenoir County","NC","North Carolina","06",1033630007,5900299
"2664","36","093","00974144","0500000US36093","36093","Schenectady","Schenectady County","NY","New York","06",530089711,12366944
"2665","37","135","01008576","0500000US37135","37135","Orange","Orange County","NC","North Carolina","06",1029631957,8848858
"2666","36","087","00974142","0500000US36087","36087","Rockland","Rockland County","NY","New York","06",449840998,66919666
"2668","26","019","01622952","0500000US26019","26019","Benzie","Benzie County","MI","Michigan","06",828011954,1398248181
"2671","37","061","01026132","0500000US37061","37061","Duplin","Duplin County","NC","North Carolina","06",2110115795,14237879
"2686","42","107","01213685","0500000US42107","42107","Schuylkill","Schuylkill County","PA","Pennsylvania","06",2016509901,10820294
"2690","34","039","00882235","0500000US34039","34039","Union","Union County","NJ","New Jersey","06",266165786,6839053
"2691","39","085","01074055","0500000US39085","39085","Lake","Lake County","OH","Ohio","06",594129618,1942308103
"2692","37","037","01008544","0500000US37037","37037","Chatham","Chatham County","NC","North Carolina","06",1765030860,70580568
"2714","39","103","01074064","0500000US39103","39103","Medina","Medina County","OH","Ohio","06",1091573518,4193803
"2715","39","091","01074058","0500000US39091","39091","Logan","Logan County","OH","Ohio","06",1187522540,21594566
"2716","39","175","01074099","0500000US39175","39175","Wyandot","Wyandot County","OH","Ohio","06",1053812244,1783532
"2719","39","107","01074066","0500000US39107","39107","Mercer","Mercer County","OH","Ohio","06",1197732211,28431995
"2721","42","007","01214112","0500000US42007","42007","Beaver","Beaver County","PA","Pennsylvania","06",1125854807,24162293
"2723","39","129","01074077","0500000US39129","39129","Pickaway","Pickaway County","OH","Ohio","06",1298270764,13694541
"2724","39","121","01074073","0500000US39121","39121","Noble","Noble County","OH","Ohio","06",1030846430,16984489
"2726","39","057","01074041","0500000US39057","39057","Greene","Greene County","OH","Ohio","06",1071302627,6798109
"2727","39","127","01074076","0500000US39127","39127","Perry","Perry County","OH","Ohio","06",1056560151,11774320
"2761","51","775","01789074","0500000US51775","51775","Salem","Salem city","VA","Virginia","25",37597966,275156
"2764","23","019","00581295","0500000US23019","23019","Penobscot","Penobscot County","ME","Maine","06",8798671486,414011334
"2765","26","045","01622965","0500000US26045","26045","Eaton","Eaton County","MI","Michigan","06",1489783264,10942054
"2771","26","059","01622972","0500000US26059","26059","Hillsdale","Hillsdale County","MI","Michigan","06",1549207172,22939100
"2773","26","087","01622986","0500000US26087","26087","Lapeer","Lapeer County","MI","Michigan","06",1675677867,41080675
"2774","26","077","01622981","0500000US26077","26077","Kalamazoo","Kalamazoo County","MI","Michigan","06",1455466317,47506805
"2775","26","165","01623023","0500000US26165","26165","Wexford","Wexford County","MI","Michigan","06",1463146658,27184070
"2779","36","019","00974108","0500000US36019","36019","Clinton","Clinton County","NY","New York","06",2687763025,206581998
"2781","51","700","01498555","0500000US51700","51700","Newport News","Newport News city","VA","Virginia","25",178698611,131131002
"2786","36","123","00974159","0500000US36123","36123","Yates","Yates County","NY","New York","06",875777224,97488350
"2788","37","077","01008556","0500000US37077","37077","Granville","Granville County","NC","North Carolina","06",1377850209,14503653
"2790","51","550","01498558","0500000US51550","51550","Chesapeake","Chesapeake city","VA","Virginia","25",876598055,32349712
"2791","51","510","01498415","0500000US51510","51510","Alexandria","Alexandria city","VA","Virginia","25",38682331,1069028
"2801","42","073","01213676","0500000US42073","42073","Lawrence","Lawrence County","PA","Pennsylvania","06",925634970,11380404
"2827","33","011","00873179","0500000US33011","33011","Hillsborough","Hillsborough County","NH","New Hampshire","06",2270221473,41290396
"2855","51","021","01494613","0500000US51021","51021","Bland","Bland County","VA","Virginia","06",926296565,2561891
"2856","51","197","01501379","0500000US51197","51197","Wythe","Wythe County","VA","Virginia","06",1196450505,7232492
"2864","51","079","01480129","0500000US51079","51079","Greene","Greene County","VA","Virginia","06",403900921,1680092
"2871","26","143","01623014","0500000US26143","26143","Roscommon","Roscommon County","MI","Michigan","06",1346526240,155723123
"2873","51","760","01789073","0500000US51760","51760","Richmond","Richmond city","VA","Virginia","25",155205068,6849165
"2874","51","135","01493928","0500000US51135","51135","Nottoway","Nottoway County","VA","Virginia","06",814265583,4297830
"2884","51","570","01498420","0500000US51570","51570","Colonial Heights","Colonial Heights city","VA","Virginia","25",19475360,709877
"2899","36","027","00974112","0500000US36027","36027","Dutchess","Dutchess County","NY","New York","06",2060598611,76906718
"2907","09","150","02830250","0500000US09150","09150","Northeastern Connecticut","Northeastern Connecticut Planning Region","CT","Connecticut","PL",1434581261,23987846
"2952","39","017","01074021","0500000US39017","39017","Butler","Butler County","OH","Ohio","06",1208270096,9196537
"2965","36","035","00974116","0500000US36035","36035","Fulton","Fulton County","NY","New York","06",1283234687,96916403
"2969","39","033","01074029","0500000US39033","39033","Crawford","Crawford County","OH","Ohio","06",1040619655,2359514
"2974","42","037","01213665","0500000US42037","42037","Columbia","Columbia County","PA","Pennsylvania","06",1251636166,18574480
"2984","51","520","01498416","0500000US51520","51520","Bristol","Bristol city","VA","Virginia","25",33336228,322412
"2986","50","011","01461762","0500000US50011","50011","Franklin","Franklin County","VT","Vermont","06",1634181032,150651912
"2987","54","051","01717539","0500000US54051","54051","Marshall","Marshall County","WV","West Virginia","06",791061884,17425191
"2990","51","820","01498443","0500000US51820","51820","Waynesboro","Waynesboro city","VA","Virginia","25",38771594,364644
"2994","37","067","01008552","0500000US37067","37067","Forsyth","Forsyth County","NC","North Carolina","06",1056834341,11644419
"2999","26","113","01622999","0500000US26113","26113","Missaukee","Missaukee County","MI","Michigan","06",1462793664,23588781
"3002","37","069","01008553","0500000US37069","37069","Franklin","Franklin County","NC","North Carolina","06",1273761678,7173998
"3003","39","141","01074083","0500000US39141","39141","Ross","Ross County","OH","Ohio","06",1784931094,9994410
"3009","26","005","01622945","0500000US26005","26005","Allegan","Allegan County","MI","Michigan","06",2137395687,2610802937
"3011","51","081","01501122","0500000US51081","51081","Greensville","Greensville County","VA","Virginia","06",765023848,4132842
"3013","37","097","01008565","0500000US37097","37097","Iredell","Iredell County","NC","North Carolina","06",1487784939,59453223
"3014","42","013","01213659","0500000US42013","42013","Blair","Blair County","PA","Pennsylvania","06",1359916301,3294803
"3022","23","009","00581290","0500000US23009","23009","Hancock","Hancock County","ME","Maine","06",4110645606,1962696193
"3024","26","065","01622975","0500000US26065","26065","Ingham","Ingham County","MI","Michigan","06",1440243334,11999082
"3031","42","121","01213690","0500000US42121","42121","Venango","Venango County","PA","Pennsylvania","06",1746337769,22149577
"3033","39","137","01074081","0500000US39137","39137","Putnam","Putnam County","OH","Ohio","06",1249784147,4544339
"3037","26","129","01623007","0500000US26129","26129","Ogemaw","Ogemaw County","MI","Michigan","06",1459473135,29634783
"3046","37","187","01026331","0500000US37187","37187","Washington","Washington County","NC","North Carolina","06",897456201,195282199
"3049","39","009","01074018","0500000US39009","39009","Athens","Athens County","OH","Ohio","06",1304429460,12364206
"3058","50","023","01461768","0500000US50023","50023","Washington","Washington County","VT","Vermont","06",1779477067,21517931
"3059","51","610","01498423","0500000US51610","51610","Falls Church","Falls Church city","VA","Virginia","25",5300262,32
"3074","50","025","01461769","0500000US50025","50025","Windham","Windham County","VT","Vermont","06",2035623279,32917049
"3087","39","113","01074069","0500000US39113","39113","Montgomery","Montgomery County","OH","Ohio","06",1194894576,7494894
"3088","37","071","01008554","0500000US37071","37071","Gaston","Gaston County","NC","North Carolina","06",921389625,20549066
"3095","39","145","01074085","0500000US39145","39145","Scioto","Scioto County","OH","Ohio","06",1580293392,16072294
"3099","51","013","01480097","0500000US51013","51013","Arlington","Arlington County","VA","Virginia","06",67332991,273562
"3100","39","051","01074038","0500000US39051","39051","Fulton","Fulton County","OH","Ohio","06",1050110444,4579039
"3105","42","001","01213656","0500000US42001","42001","Adams","Adams County","PA","Pennsylvania","06",1343104820,8147590
"3110","26","131","01623008","0500000US26131","26131","Ontonagon","Ontonagon County","MI","Michigan","06",3395416358,6292279244
"3112","33","001","00873174","0500000US33001","33001","Belknap","Belknap County","NH","New Hampshire","06",1040786578,176534288
"3125","39","157","01074090","0500000US39157","39157","Tuscarawas","Tuscarawas County","OH","Ohio","06",1469987543,10363043
"3126","39","125","01074075","0500000US39125","39125","Paulding","Paulding County","OH","Ohio","06",1078561236,6245396
"3128","54","091","01689856","0500000US54091","54091","Taylor","Taylor County","WV","West Virginia","06",447475054,7532835
"3154","50","003","01461758","0500000US50003","50003","Bennington","Bennington County","VT","Vermont","06",1746266392,6896313
"3160","36","121","00974158","0500000US36121","36121","Wyoming","Wyoming County","NY","New York","06",1535086366,9085228
"3171","39","079","01074052","0500000US39079","39079","Jackson","Jackson County","OH","Ohio","06",1088598926,3167846
"3172","42","057","01213671","0500000US42057","42057","Fulton","Fulton County","PA","Pennsylvania","06",1133252799,1305486
"3213","37","033","01008542","0500000US37033","37033","Caswell","Caswell County","NC","North Carolina","06",1101995790,8340796
"3214","39","169","01074096","0500000US39169","39169","Wayne","Wayne County","OH","Ohio","06",1436897058,5040384
"3215","39","133","01074079","0500000US39133","39133","Portage","Portage County","OH","Ohio","06",1262380881,43125138
"3222","44","003","01219778","0500000US44003","44003","Kent","Kent County","RI","Rhode Island","06",436588768,50686110
"3224","42","011","01209172","0500000US42011","42011","Berks","Berks County","PA","Pennsylvania","06",2218077223,24220126
