,STATEFP,COUNTYFP,COUNTYNS,GEOID,GEOIDFQ,NAME,NAMELSAD,LSAD,CLASSFP,MTFCC,CSAFP,CBSAFP,METDIVFP,FUNCSTAT,ALAND,AWATER,INTPTLAT,INTPTLON,BLD.Year
2862,10,001,00217271,10001,0500000US10001,Kent,Kent County,06,H1,G4020,428,20100,NA,A,1517891096,549776917,39.0970884,-75.5029819,NA
591,10,003,00217270,10003,0500000US10003,New Castle,New Castle County,06,H1,G4020,428,37980,48864,A,1104210701,175313040,39.5759152,-75.6441324,2023
1148,10,005,00217269,10005,0500000US10005,Sussex,Sussex County,06,H1,G4020,NA,42580,NA,A,2424590442,674129051,38.6732275,-75.3370237,NA
149,23,001,00581286,23001,0500000US23001,Androscoggin,Androscoggin County,06,H1,G4020,438,30340,NA,A,1211995418,75541705,44.1676811,-70.2074347,2024
3061,23,003,00581287,23003,0500000US23003,Aroostook,Aroostook County,06,H1,G4020,NA,NA,NA,A,17278254267,404986869,46.7091929,-68.6124095,2024
2353,23,005,00581288,23005,0500000US23005,Cumberland,Cumberland County,06,H1,G4020,438,38860,NA,A,2165743897,987468030,43.8083479,-70.3303753,2023
2869,23,007,00581289,23007,0500000US23007,Franklin,Franklin County,06,H1,G4020,NA,NA,NA,A,4395226705,121284631,44.9767238,-70.4149354,NA
2791,23,009,00581290,23009,0500000US23009,Hancock,Hancock County,06,H1,G4020,NA,NA,NA,A,4110645606,1962696193,44.5649063,-68.3707034,2022
1677,23,011,00581291,23011,0500000US23011,Kennebec,Kennebec County,06,H1,G4020,NA,12300,NA,A,2246739232,216791392,44.4170119,-69.7657639,2023
2792,23,013,00581292,23013,0500000US23013,Knox,Knox County,06,H1,G4020,NA,NA,NA,A,945086114,1987492766,44.0420446,-69.0385145,2021
2253,23,015,00581293,23015,0500000US23015,Lincoln,Lincoln County,06,H1,G4020,NA,NA,NA,A,1180688993,631299424,43.9947814,-69.5136244,2021
1891,23,017,00581294,23017,0500000US23017,Oxford,Oxford County,06,H1,G4020,NA,NA,NA,A,5379296162,255883190,44.4944998,-70.7344211,2024
1623,23,019,00581295,23019,0500000US23019,Penobscot,Penobscot County,06,H1,G4020,NA,12620,NA,A,8798671486,414011334,45.4092843,-68.666616,2021
2203,23,021,00581296,23021,0500000US23021,Piscataquis,Piscataquis County,06,H1,G4020,NA,NA,NA,A,10258545867,1080517302,45.9156393,-69.1022311,2023
239,23,023,00581297,23023,0500000US23023,Sagadahoc,Sagadahoc County,06,H1,G4020,438,38860,NA,A,657801805,300571247,43.9168446,-69.844227,2023
3129,23,025,00581298,23025,0500000US23025,Somerset,Somerset County,06,H1,G4020,NA,NA,NA,A,10163811939,437942553,45.5036458,-69.9561096,2024
1388,23,027,00581299,23027,0500000US23027,Waldo,Waldo County,06,H1,G4020,NA,NA,NA,A,1891279833,347573350,44.4750229,-69.1174292,2021
495,23,029,00581300,23029,0500000US23029,Washington,Washington County,06,H1,G4020,NA,NA,NA,A,6637427361,1799648495,44.9670088,-67.6093542,2023
1601,23,031,00581301,23031,0500000US23031,York,York County,06,H1,G4020,438,38860,NA,A,2567181935,721357012,43.4260188,-70.6684248,2022
169,24,001,01713506,24001,0500000US24001,Allegany,Allegany County,06,H1,G4020,NA,19060,NA,A,1093489886,14710933,39.6123134,-78.7031037,2023
1024,24,003,01710958,24003,0500000US24003,Anne Arundel,Anne Arundel County,06,H1,G4020,548,12580,NA,A,1074343715,448054686,38.9916174,-76.5608941,2023
183,24,510,01702381,24510,0500000US24510,Baltimore,Baltimore city,25,C7,G4020,548,12580,NA,F,209649328,28758743,39.3000324,-76.6104761,2023
655,24,005,01695314,24005,0500000US24005,Baltimore,Baltimore County,06,H1,G4020,548,12580,NA,A,1549740649,215957832,39.4431666,-76.6165693,2023
873,24,009,01676636,24009,0500000US24009,Calvert,Calvert County,06,H1,G4020,548,30500,NA,A,552158537,341580669,38.5227191,-76.5297621,NA
2854,24,011,00595737,24011,0500000US24011,Caroline,Caroline County,06,H1,G4020,NA,NA,NA,A,827350254,16777065,38.8715306,-75.831662,2024
815,24,013,01696228,24013,0500000US24013,Carroll,Carroll County,06,H1,G4020,548,12580,NA,A,1159317311,13111616,39.563328,-77.0153297,2024
336,24,015,00596115,24015,0500000US24015,Cecil,Cecil County,06,H1,G4020,428,37980,48864,A,896912542,185281256,39.5623537,-75.9415852,2023
2490,24,017,01676992,24017,0500000US24017,Charles,Charles County,06,H1,G4020,548,47900,47764,A,1185745253,479451413,38.4728532,-77.0154272,2023
907,24,019,00596495,24019,0500000US24019,Dorchester,Dorchester County,06,H1,G4020,548,15700,NA,A,1400573750,1145353067,38.4291957,-76.0474333,NA
1049,24,021,01711211,24021,0500000US24021,Frederick,Frederick County,06,H1,G4020,548,47900,23224,A,1711011017,17624710,39.4701773,-77.3976358,2023
1443,24,023,01711058,24023,0500000US24023,Garrett,Garrett County,06,H1,G4020,NA,NA,NA,A,1681102438,22498420,39.5472985,-79.2746192,NA
1989,24,025,01698178,24025,0500000US24025,Harford,Harford County,06,H1,G4020,548,12580,NA,A,1132149298,231888421,39.5374292,-76.2997894,2023
1389,24,027,01709077,24027,0500000US24027,Howard,Howard County,06,H1,G4020,548,12580,NA,A,649957177,6336170,39.2522639,-76.9244057,2024
2067,24,029,00593907,24029,0500000US24029,Kent,Kent County,06,H1,G4020,NA,NA,NA,A,717268761,353549972,39.2412793,-76.1259867,NA
1478,24,031,01712500,24031,0500000US24031,Montgomery,Montgomery County,06,H1,G4020,548,47900,23224,A,1277238908,35640935,39.1373815,-77.2030633,2024
1358,24,033,01714670,24033,0500000US24033,Prince George's,Prince George's County,06,H1,G4020,548,47900,47764,A,1249914204,42053184,38.8292778,-76.848188,NA
1484,24,035,00596089,24035,0500000US24035,Queen Anne's,Queen Anne's County,06,H1,G4020,548,12580,NA,A,962618588,360075353,39.0406929,-76.0824053,NA
1967,24,039,00596907,24039,0500000US24039,Somerset,Somerset County,06,H1,G4020,480,41540,NA,A,828145299,752652887,38.0744501,-75.8533228,NA
2007,24,037,01697853,24037,0500000US24037,St. Mary's,St. Mary's County,06,H1,G4020,548,30500,NA,A,928676346,1050726154,38.2230765,-76.534487,NA
1624,24,041,00592947,24041,0500000US24041,Talbot,Talbot County,06,H1,G4020,548,20660,NA,A,695556093,539369000,38.7483486,-76.1784757,NA
2744,24,043,01714220,24043,0500000US24043,Washington,Washington County,06,H1,G4020,548,25180,NA,A,1185655256,24820607,39.6036207,-77.8146709,2023
1733,24,045,01668606,24045,0500000US24045,Wicomico,Wicomico County,06,H1,G4020,480,41540,NA,A,969761875,66769937,38.3673676,-75.6320843,NA
130,24,047,01668802,24047,0500000US24047,Worcester,Worcester County,06,H1,G4020,480,36180,NA,A,1212887337,586800206,38.2221332,-75.3099315,NA
347,25,001,00606927,25001,0500000US25001,Barnstable,Barnstable County,06,H1,G4020,148,12700,NA,A,1020973583,2360362409,41.7061233,-70.1648227,2022
1031,25,003,00606928,25003,0500000US25003,Berkshire,Berkshire County,06,H4,G4020,NA,38340,NA,N,2400592147,50709767,42.371493,-73.2179276,2022
1044,25,005,00606929,25005,0500000US25005,Bristol,Bristol County,06,H1,G4020,148,39300,NA,A,1432555935,357450957,41.7485884,-71.088894,2020
916,25,007,00606930,25007,0500000US25007,Dukes,Dukes County,06,H1,G4020,NA,47240,NA,A,267292993,1004291415,41.3809696,-70.7014995,2022
2800,25,009,00606931,25009,0500000US25009,Essex,Essex County,06,H4,G4020,148,14460,15764,N,1275604956,870173087,42.6427082,-70.8649085,2021
3220,25,011,00606932,25011,0500000US25011,Franklin,Franklin County,06,H4,G4020,521,24640,NA,N,1810943461,65594687,42.5845038,-72.5917921,2022
977,25,013,00606933,25013,0500000US25013,Hampden,Hampden County,06,H4,G4020,521,44140,NA,N,1598035447,44416565,42.1361975,-72.6356476,2022
58,25,015,00606934,25015,0500000US25015,Hampshire,Hampshire County,06,H4,G4020,521,11200,NA,N,1365533874,46625894,42.3394593,-72.6636936,2022
1320,25,017,00606935,25017,0500000US25017,Middlesex,Middlesex County,06,H4,G4020,148,14460,15764,N,2118293312,75289849,42.4817182,-71.3949161,2021
703,25,019,00606936,25019,0500000US25019,Nantucket,Nantucket County,06,H4,G4020,NA,34880,NA,N,119637317,666826385,41.2933918,-70.1021635,2022
3091,25,021,00606937,25021,0500000US25021,Norfolk,Norfolk County,06,H1,G4020,148,14460,14454,A,1025902103,124954020,42.1717377,-71.1811102,2021
3164,25,023,00606938,25023,0500000US25023,Plymouth,Plymouth County,06,H1,G4020,148,14460,14454,A,1705513086,1126113558,41.9871959,-70.7419417,2020
62,25,025,00606939,25025,0500000US25025,Suffolk,Suffolk County,06,H4,G4020,148,14460,14454,N,150885698,160491323,42.3385513,-71.018253,2022
536,25,027,00606940,25027,0500000US25027,Worcester,Worcester County,06,H4,G4020,148,49340,NA,N,3912636723,177350055,42.3116934,-71.940282,2021
551,26,001,01622943,26001,0500000US26001,Alcona,Alcona County,06,H1,G4020,NA,NA,NA,A,1747349242,2890404966,44.6575092,-83.2945804,NA
216,26,003,01622944,26003,0500000US26003,Alger,Alger County,06,H1,G4020,NA,NA,NA,A,2369927688,10703517569,46.5217365,-86.6571192,NA
2756,26,005,01622945,26005,0500000US26005,Allegan,Allegan County,06,H1,G4020,266,26090,NA,A,2137395687,2610802937,42.4212512,-86.2614034,NA
66,26,007,01622946,26007,0500000US26007,Alpena,Alpena County,06,H1,G4020,NA,10980,NA,A,1481211410,2908626983,44.894954,-83.4265739,NA
694,26,009,01622947,26009,0500000US26009,Antrim,Antrim County,06,H1,G4020,NA,NA,NA,A,1232002283,326537164,45.0054553,-85.175639,NA
2248,26,011,01622948,26011,0500000US26011,Arenac,Arenac County,06,H1,G4020,NA,NA,NA,A,940627659,822313309,44.0368327,-83.7406755,NA
506,26,013,01622949,26013,0500000US26013,Baraga,Baraga County,06,H1,G4020,NA,NA,NA,A,2326915096,441618700,46.6958592,-88.3618101,NA
668,26,015,01622950,26015,0500000US26015,Barry,Barry County,06,H1,G4020,266,24340,NA,A,1432533270,61999481,42.5828109,-85.3145503,NA
2235,26,017,01622951,26017,0500000US26017,Bay,Bay County,06,H1,G4020,474,13020,NA,A,1145834942,487713372,43.6997112,-83.9787007,NA
1476,26,019,01622952,26019,0500000US26019,Benzie,Benzie County,06,H1,G4020,NA,45900,NA,A,828011954,1398248181,44.6368444,-86.2319991,NA
823,26,021,01622953,26021,0500000US26021,Berrien,Berrien County,06,H1,G4020,515,35660,NA,A,1470581606,2625411979,41.7913818,-86.7425435,NA
2727,26,023,01622954,26023,0500000US26023,Branch,Branch County,06,H1,G4020,NA,17740,NA,A,1311597690,34428004,41.9184551,-85.0668852,NA
1806,26,025,01622955,26025,0500000US26025,Calhoun,Calhoun County,06,H1,G4020,310,12980,NA,A,1829201515,31257733,42.2429896,-85.0123853,NA
2563,26,027,01622956,26027,0500000US26027,Cass,Cass County,06,H1,G4020,515,43780,NA,A,1269418180,47096776,41.9172431,-86.000142,NA
2873,26,029,01622957,26029,0500000US26029,Charlevoix,Charlevoix County,06,H1,G4020,NA,NA,NA,A,1078288791,2522931117,45.6185538,-85.5436841,NA
2336,26,031,01622958,26031,0500000US26031,Cheboygan,Cheboygan County,06,H1,G4020,NA,NA,NA,A,1852563996,440607444,45.4760217,-84.4954307,NA
456,26,033,01622959,26033,0500000US26033,Chippewa,Chippewa County,06,H1,G4020,NA,42300,NA,A,4036530069,2952489353,46.3218192,-84.5206297,NA
77,26,035,01622960,26035,0500000US26035,Clare,Clare County,06,H1,G4020,NA,NA,NA,A,1461704502,28496223,43.9911368,-84.8383253,NA
463,26,037,01622961,26037,0500000US26037,Clinton,Clinton County,06,H1,G4020,330,29620,NA,A,1469427626,18687990,42.950455,-84.5916949,NA
2471,26,039,01622962,26039,0500000US26039,Crawford,Crawford County,06,H1,G4020,NA,NA,NA,A,1441108448,17887265,44.6801748,-84.6113432,NA
3025,26,041,01622963,26041,0500000US26041,Delta,Delta County,06,H1,G4020,NA,21540,NA,A,3033120257,2124407010,45.8052288,-86.9019375,NA
2150,26,043,01622964,26043,0500000US26043,Dickinson,Dickinson County,06,H1,G4020,361,27020,NA,A,1970851991,40499097,46.0128332,-87.8661386,NA
2560,26,045,01622965,26045,0500000US26045,Eaton,Eaton County,06,H1,G4020,330,29620,NA,A,1489783264,10942054,42.5895301,-84.8464499,NA
2251,26,047,01622966,26047,0500000US26047,Emmet,Emmet County,06,H1,G4020,NA,37950,NA,A,1210937829,1073422144,45.5900944,-84.9868217,NA
1747,26,049,01622967,26049,0500000US26049,Genesee,Genesee County,06,H1,G4020,220,22420,NA,A,1649677902,32744787,43.0210768,-83.7063718,NA
2337,26,051,01622968,26051,0500000US26051,Gladwin,Gladwin County,06,H1,G4020,NA,NA,NA,A,1299622802,36674665,43.9897504,-84.3898162,NA
770,26,053,01622969,26053,0500000US26053,Gogebic,Gogebic County,06,H1,G4020,NA,NA,NA,A,2854517947,970153215,46.4880535,-89.788314,NA
2421,26,055,01622970,26055,0500000US26055,Grand Traverse,Grand Traverse County,06,H1,G4020,NA,45900,NA,A,1202625102,354771223,44.7186875,-85.5538484,NA
1582,26,057,01622971,26057,0500000US26057,Gratiot,Gratiot County,06,H1,G4020,394,10940,NA,A,1472105381,8362680,43.2923259,-84.60469,NA
1445,26,059,01622972,26059,0500000US26059,Hillsdale,Hillsdale County,06,H1,G4020,NA,25880,NA,A,1549207172,22939100,41.9274606,-84.6374794,2023
2795,26,061,01622973,26061,0500000US26061,Houghton,Houghton County,06,H1,G4020,NA,26340,NA,A,2613563871,1275349279,46.998427,-88.6519034,NA
1973,26,063,01622974,26063,0500000US26063,Huron,Huron County,06,H1,G4020,NA,NA,NA,A,2165276749,3369017439,43.907616,-82.8570449,NA
1071,26,065,01622975,26065,0500000US26065,Ingham,Ingham County,06,H1,G4020,330,29620,NA,A,1440243334,11999082,42.6035338,-84.3738107,NA
1994,26,067,01622976,26067,0500000US26067,Ionia,Ionia County,06,H1,G4020,266,24340,NA,A,1479710874,22590324,42.9446503,-85.073766,NA
1974,26,069,01622977,26069,0500000US26069,Iosco,Iosco County,06,H1,G4020,NA,NA,NA,A,1423138614,3472103967,44.3869118,-83.3801412,NA
490,26,071,01622978,26071,0500000US26071,Iron,Iron County,06,H1,G4020,NA,NA,NA,A,3020175217,116800609,46.1702542,-88.5405261,NA
3036,26,073,01622979,26073,0500000US26073,Isabella,Isabella County,06,H1,G4020,394,34380,NA,A,1483287228,12943517,43.6452331,-84.8394245,NA
701,26,075,01622980,26075,0500000US26075,Jackson,Jackson County,06,H1,G4020,NA,27100,NA,A,1817919505,55918789,42.2484738,-84.4208679,NA
2417,26,077,01622981,26077,0500000US26077,Kalamazoo,Kalamazoo County,06,H1,G4020,310,28020,NA,A,1455466317,47506805,42.2462657,-85.5328544,NA
1102,26,079,01622982,26079,0500000US26079,Kalkaska,Kalkaska County,06,H1,G4020,NA,45900,NA,A,1449729129,28020186,44.6788808,-85.0889915,NA
2008,26,081,01622983,26081,0500000US26081,Kent,Kent County,06,H1,G4020,266,24340,NA,A,2198722375,59597499,43.0324971,-85.547446,NA
2765,26,083,01622984,26083,0500000US26083,Keweenaw,Keweenaw County,06,H1,G4020,NA,26340,NA,A,1398883240,14053673396,47.3672969,-88.3513318,NA
642,26,085,01622985,26085,0500000US26085,Lake,Lake County,06,H1,G4020,NA,NA,NA,A,1470063806,17480501,43.9951867,-85.8113997,NA
1098,26,087,01622986,26087,0500000US26087,Lapeer,Lapeer County,06,H1,G4020,220,19820,47664,A,1675677867,41080675,43.0886327,-83.2243247,NA
97,26,089,01622987,26089,0500000US26089,Leelanau,Leelanau County,06,H1,G4020,NA,45900,NA,A,899244064,5659103150,45.1461816,-86.051574,NA
3230,26,091,01622988,26091,0500000US26091,Lenawee,Lenawee County,06,H1,G4020,220,10300,NA,A,1941553493,30470229,41.8960225,-84.0743563,2023
1218,26,093,01622989,26093,0500000US26093,Livingston,Livingston County,06,H1,G4020,220,19820,47664,A,1464078927,52115360,42.6025316,-83.9117183,NA
726,26,095,01622990,26095,0500000US26095,Luce,Luce County,06,H1,G4020,NA,NA,NA,A,2328593560,2624711552,46.5109878,-85.5175518,NA
2510,26,097,01622991,26097,0500000US26097,Mackinac,Mackinac County,06,H1,G4020,NA,NA,NA,A,2646654800,2793754478,46.1678678,-85.3037625,NA
2085,26,099,01622992,26099,0500000US26099,Macomb,Macomb County,06,H1,G4020,220,19820,47664,A,1241511528,237166830,42.6715526,-82.9114562,2023
2599,26,101,01622993,26101,0500000US26101,Manistee,Manistee County,06,H1,G4020,NA,NA,NA,A,1404616368,1912438857,44.2452677,-86.3275365,NA
90,26,103,01622994,26103,0500000US26103,Marquette,Marquette County,06,H1,G4020,NA,32100,NA,A,4685463544,4185295221,46.6565964,-87.5840278,NA
1154,26,105,01622995,26105,0500000US26105,Mason,Mason County,06,H1,G4020,NA,31220,NA,A,1281963203,1935616622,43.9571957,-86.4429369,NA
1849,26,107,01622996,26107,0500000US26107,Mecosta,Mecosta County,06,H1,G4020,266,13660,NA,A,1437843579,41665709,43.6352949,-85.3327509,NA
51,26,109,01622997,26109,0500000US26109,Menominee,Menominee County,06,H1,G4020,361,31940,NA,A,2704053649,761798350,45.5355685,-87.5014573,NA
2542,26,111,01622998,26111,0500000US26111,Midland,Midland County,06,H1,G4020,474,33220,NA,A,1342738431,24953314,43.6482031,-84.3794144,NA
2627,26,113,01622999,26113,0500000US26113,Missaukee,Missaukee County,06,H1,G4020,NA,15620,NA,A,1462793664,23588781,44.325424,-85.0854708,NA
2396,26,115,01623000,26115,0500000US26115,Monroe,Monroe County,06,H1,G4020,220,33780,NA,A,1422841177,338180469,41.916097,-83.4871059,NA
2184,26,117,01623001,26117,0500000US26117,Montcalm,Montcalm County,06,H1,G4020,266,24340,NA,A,1826793471,39944685,43.3127822,-85.1494679,NA
827,26,119,01623002,26119,0500000US26119,Montmorency,Montmorency County,06,H1,G4020,NA,NA,NA,A,1415881030,41352700,45.0241337,-84.1301067,NA
2957,26,121,01623003,26121,0500000US26121,Muskegon,Muskegon County,06,H1,G4020,266,34740,NA,A,1305130150,2476314283,43.4287388,-86.4209083,NA
220,26,123,01623004,26123,0500000US26123,Newaygo,Newaygo County,06,H1,G4020,NA,NA,NA,A,2172706357,59083043,43.5627117,-85.7913723,NA
2635,26,125,01623005,26125,0500000US26125,Oakland,Oakland County,06,H1,G4020,220,19820,47664,A,2246553235,103179766,42.6604518,-83.3842103,2022
1310,26,127,01623006,26127,0500000US26127,Oceana,Oceana County,06,H1,G4020,NA,NA,NA,A,1393686390,1988709489,43.6039542,-86.467177,NA
851,26,129,01623007,26129,0500000US26129,Ogemaw,Ogemaw County,06,H1,G4020,NA,NA,NA,A,1459473135,29634783,44.3332801,-84.1280728,NA
497,26,131,01623008,26131,0500000US26131,Ontonagon,Ontonagon County,06,H1,G4020,NA,NA,NA,A,3395416358,6292279244,46.8352034,-89.2769429,NA
2696,26,133,01623009,26133,0500000US26133,Osceola,Osceola County,06,H1,G4020,NA,NA,NA,A,1466674408,17425113,43.9975523,-85.3222825,NA
828,26,135,01623010,26135,0500000US26135,Oscoda,Oscoda County,06,H1,G4020,NA,NA,NA,A,1465088042,15136485,44.6872574,-84.1269054,NA
1836,26,137,01623011,26137,0500000US26137,Otsego,Otsego County,06,H1,G4020,NA,NA,NA,A,1333860411,29050564,45.0217871,-84.5766031,NA
643,26,139,01623012,26139,0500000US26139,Ottawa,Ottawa County,06,H1,G4020,266,24340,NA,A,1459508865,2765824532,43.054969,-86.2193493,NA
1761,26,141,01623013,26141,0500000US26141,Presque Isle,Presque Isle County,06,H1,G4020,NA,NA,NA,A,1706071286,4957325477,45.2523973,-83.4322825,NA
708,26,143,01623014,26143,0500000US26143,Roscommon,Roscommon County,06,H1,G4020,NA,NA,NA,A,1346526240,155723123,44.3395168,-84.6112715,NA
2206,26,145,01623015,26145,0500000US26145,Saginaw,Saginaw County,06,H1,G4020,474,40980,NA,A,2074080705,39260622,43.3282667,-84.05541,NA
285,26,151,01623016,26151,0500000US26151,Sanilac,Sanilac County,06,H1,G4020,NA,NA,NA,A,2493048507,1624879474,43.4491547,-82.6428148,NA
210,26,153,01623017,26153,0500000US26153,Schoolcraft,Schoolcraft County,06,H1,G4020,NA,NA,NA,A,3035145673,1844210517,46.0211217,-86.197029,NA
1168,26,155,01623018,26155,0500000US26155,Shiawassee,Shiawassee County,06,H1,G4020,330,37020,NA,A,1375198052,25833528,42.9515446,-84.1463518,NA
1194,26,147,01625033,26147,0500000US26147,St. Clair,St. Clair County,06,H1,G4020,220,19820,47664,A,1868679901,297835534,42.9288035,-82.6689135,2022
471,26,149,01625034,26149,0500000US26149,St. Joseph,St. Joseph County,06,H1,G4020,310,44780,NA,A,1296649452,52802551,41.9114878,-85.5228695,NA
1276,26,157,01623019,26157,0500000US26157,Tuscola,Tuscola County,06,H1,G4020,NA,NA,NA,A,2084527021,282490891,43.4879024,-83.436618,NA
357,26,159,01623020,26159,0500000US26159,Van Buren,Van Buren County,06,H1,G4020,NA,NA,NA,A,1574177248,1248660328,42.2821497,-86.3060762,NA
1329,26,161,01623021,26161,0500000US26161,Washtenaw,Washtenaw County,06,H1,G4020,220,11460,NA,A,1828539923,42523115,42.2522168,-83.8434233,2023
287,26,163,01623022,26163,0500000US26163,Wayne,Wayne County,06,H1,G4020,220,19820,19804,A,1584657752,156827018,42.2846636,-83.2619533,2022
1658,26,165,01623023,26165,0500000US26165,Wexford,Wexford County,06,H1,G4020,NA,15620,NA,A,1463146658,27184070,44.3313751,-85.5700462,NA
3197,33,001,00873174,33001,0500000US33001,Belknap,Belknap County,06,H1,G4020,148,29060,NA,A,1040786578,176534288,43.5191091,-71.4253661,2023
1927,33,003,00873175,33003,0500000US33003,Carroll,Carroll County,06,H1,G4020,NA,NA,NA,A,2413516774,159618928,43.8677742,-71.2015596,2024
839,33,005,00873176,33005,0500000US33005,Cheshire,Cheshire County,06,H1,G4020,313,28300,NA,A,1830367239,57589060,42.9254596,-72.2481828,2023
921,33,007,00873177,33007,0500000US33007,Coos,Coos County,06,H1,G4020,NA,NA,NA,A,4647924493,92541532,44.6525477,-71.2894309,NA
385,33,009,00873178,33009,0500000US33009,Grafton,Grafton County,06,H1,G4020,NA,30150,NA,A,4425249955,106463890,43.9264391,-71.8424242,2024
2105,33,011,00873179,33011,0500000US33011,Hillsborough,Hillsborough County,06,H1,G4020,148,31700,NA,A,2270221473,41290396,42.9115317,-71.7230554,2023
1448,33,013,00873180,33013,0500000US33013,Merrimack,Merrimack County,06,H1,G4020,148,18180,NA,A,2416176927,57199007,43.2995786,-71.6800412,2023
2020,33,015,00873181,33015,0500000US33015,Rockingham,Rockingham County,06,H1,G4020,148,14460,40484,A,1801152748,258528921,42.9886636,-71.0990801,2022
3023,33,017,00873182,33017,0500000US33017,Strafford,Strafford County,06,H1,G4020,148,14460,40484,A,951724112,39173382,43.2932725,-71.0355891,2022
754,33,019,00873183,33019,0500000US33019,Sullivan,Sullivan County,06,H1,G4020,NA,30150,NA,A,1393091317,36932078,43.3611883,-72.2220839,2024
3169,34,001,00882270,34001,0500000US34001,Atlantic,Atlantic County,06,H1,G4020,428,12100,NA,A,1438939255,301106094,39.4693555,-74.6337591,NA
2376,34,003,00882271,34003,0500000US34003,Bergen,Bergen County,06,H1,G4020,408,35620,35614,A,602934378,35371524,40.9596985,-74.0747272,2020
913,34,005,00882272,34005,0500000US34005,Burlington,Burlington County,06,H1,G4020,428,37980,15804,A,2070137466,54604075,39.8757858,-74.6630063,2022
212,34,007,00882273,34007,0500000US34007,Camden,Camden County,06,H1,G4020,428,37980,15804,A,573329867,15919264,39.8024071,-74.9612493,2024
838,34,009,00882274,34009,0500000US34009,Cape May,Cape May County,06,H1,G4020,428,12100,NA,A,651437187,955149827,39.0858411,-74.8463541,NA
2175,34,011,00882275,34011,0500000US34011,Cumberland,Cumberland County,06,H1,G4020,428,47220,NA,A,1251948171,503663195,39.3284336,-75.1216277,NA
2268,34,013,00882276,34013,0500000US34013,Essex,Essex County,06,H1,G4020,408,35620,35084,A,326552231,8653266,40.7874003,-74.2462919,2020
2104,34,015,00882277,34015,0500000US34015,Gloucester,Gloucester County,06,H1,G4020,428,37980,15804,A,833999181,38137129,39.7228745,-75.1456793,2024
1342,34,017,00882278,34017,0500000US34017,Hudson,Hudson County,06,H1,G4020,408,35620,35614,A,119638045,41839269,40.7313751,-74.0786014,NA
2912,34,019,00882228,34019,0500000US34019,Hunterdon,Hunterdon County,06,H1,G4020,408,35620,35084,A,1108086283,24761599,40.5652832,-74.9119695,2021
3206,34,021,00882229,34021,0500000US34021,Mercer,Mercer County,06,H1,G4020,408,45940,NA,A,581404579,11327997,40.2825026,-74.703724,2021
1036,34,023,00882230,34023,0500000US34023,Middlesex,Middlesex County,06,H1,G4020,408,35620,29484,A,800957688,35286675,40.4396214,-74.4074303,2023
1605,34,025,00882910,34025,0500000US34025,Monmouth,Monmouth County,06,H1,G4020,408,35620,29484,A,1212642640,500373881,40.2870481,-74.1524456,2021
2223,34,027,00882231,34027,0500000US34027,Morris,Morris County,06,H1,G4020,408,35620,35084,A,1194051047,53100988,40.8588961,-74.5472917,2021
1742,34,029,00882279,34029,0500000US34029,Ocean,Ocean County,06,H1,G4020,408,35620,29484,A,1627264184,742150453,39.865669,-74.2588636,NA
2669,34,031,00882232,34031,0500000US34031,Passaic,Passaic County,06,H1,G4020,408,35620,35614,A,482078672,32001148,41.0366554,-74.2994078,2021
2746,34,033,00882233,34033,0500000US34033,Salem,Salem County,06,H1,G4020,428,37980,48864,A,859515221,105389623,39.5738282,-75.3573559,2023
1694,34,035,00882234,34035,0500000US34035,Somerset,Somerset County,06,H1,G4020,408,35620,29484,A,781832066,7993021,40.5655273,-74.6199378,2021
111,34,037,00882236,34037,0500000US34037,Sussex,Sussex County,06,H1,G4020,408,35620,35084,A,1342879999,43881034,41.1374609,-74.6919141,2021
476,34,039,00882235,34039,0500000US34039,Union,Union County,06,H1,G4020,408,35620,35084,A,266165786,6839053,40.6598707,-74.3086957,2021
2452,34,041,00882237,34041,0500000US34041,Warren,Warren County,06,H1,G4020,106,10900,NA,A,923435920,15825325,40.8534914,-75.0094978,2022
608,36,001,00974099,36001,0500000US36001,Albany,Albany County,06,H1,G4020,104,10580,NA,A,1354273425,26971925,42.5882401,-73.9740095,2023
174,36,003,00974100,36003,0500000US36003,Allegany,Allegany County,06,H1,G4020,NA,NA,NA,A,2666410173,12989704,42.2478532,-78.0261531,2020
3165,36,005,00974101,36005,0500000US36005,Bronx,Bronx County,06,H6,G4020,408,35620,35614,C,109235672,39353304,40.8487111,-73.852939,2019
2169,36,007,00974102,36007,0500000US36007,Broome,Broome County,06,H1,G4020,NA,13780,NA,A,1827626589,25078245,42.1619773,-75.8302833,2023
1932,36,009,00974103,36009,0500000US36009,Cattaraugus,Cattaraugus County,06,H1,G4020,160,36460,NA,A,3388177068,36783591,42.2390986,-78.662332,2019
745,36,011,00974104,36011,0500000US36011,Cayuga,Cayuga County,06,H1,G4020,532,12180,NA,A,1791207571,445691131,43.0085456,-76.5745866,2021
2482,36,013,00974105,36013,0500000US36013,Chautauqua,Chautauqua County,06,H1,G4020,NA,27460,NA,A,2746450221,1139029655,42.3042159,-79.4075949,2015
2433,36,015,00974106,36015,0500000US36015,Chemung,Chemung County,06,H1,G4020,236,21300,NA,A,1054988439,8875327,42.1486972,-76.7524712,2022
2612,36,017,00974107,36017,0500000US36017,Chenango,Chenango County,06,H1,G4020,NA,NA,NA,A,2314006880,13433905,42.4780238,-75.6022407,2022
946,36,019,00974108,36019,0500000US36019,Clinton,Clinton County,06,H1,G4020,NA,38460,NA,A,2687763025,206581998,44.752712,-73.7056429,NA
2453,36,021,00974109,36021,0500000US36021,Columbia,Columbia County,06,H1,G4020,104,26460,NA,A,1643770715,35071400,42.2476964,-73.6267175,2023
1327,36,023,00974110,36023,0500000US36023,Cortland,Cortland County,06,H1,G4020,296,18660,NA,A,1291817952,7110638,42.594039,-76.0762398,2020
2964,36,025,00974111,36025,0500000US36025,Delaware,Delaware County,06,H1,G4020,NA,NA,NA,A,3736306657,64163829,42.1939865,-74.9667281,2023
544,36,027,00974112,36027,0500000US36027,Dutchess,Dutchess County,06,H1,G4020,408,28880,NA,A,2060598611,76906718,41.7548253,-73.7400136,2021
1477,36,029,00974113,36029,0500000US36029,Erie,Erie County,06,H1,G4020,160,15380,NA,A,2700743425,476876396,42.752759,-78.7781922,2019
419,36,031,00974114,36031,0500000US36031,Essex,Essex County,06,H1,G4020,NA,NA,NA,A,4646753184,316350563,44.1096005,-73.7784307,NA
2548,36,033,00974115,36033,0500000US36033,Franklin,Franklin County,06,H1,G4020,NA,NA,NA,A,4219857156,176622254,44.5943758,-74.31067,NA
2677,36,035,00974116,36035,0500000US36035,Fulton,Fulton County,06,H1,G4020,104,24100,NA,A,1283234687,96916403,43.1156093,-74.4236782,NA
2348,36,037,00974117,36037,0500000US36037,Genesee,Genesee County,06,H1,G4020,464,12860,NA,A,1276803036,6136678,43.0009096,-78.1927784,2021
761,36,039,00974118,36039,0500000US36039,Greene,Greene County,06,H1,G4020,NA,NA,NA,A,1676140498,28201061,42.2869702,-74.1495421,2023
518,36,041,00974119,36041,0500000US36041,Hamilton,Hamilton County,06,H1,G4020,NA,NA,NA,A,4447989312,234204425,43.6578786,-74.5024556,NA
768,36,043,00974120,36043,0500000US36043,Herkimer,Herkimer County,06,H1,G4020,NA,46540,NA,A,3653400323,120358452,43.571009,-74.8410968,2022
943,36,045,00974121,36045,0500000US36045,Jefferson,Jefferson County,06,H1,G4020,NA,48060,NA,A,3283924240,1524538853,43.996389,-76.0529678,NA
2410,36,047,00974122,36047,0500000US36047,Kings,Kings County,06,H6,G4020,408,35620,35614,C,179684481,71158757,40.6350451,-73.9506398,2022
1248,36,049,00974123,36049,0500000US36049,Lewis,Lewis County,06,H1,G4020,NA,NA,NA,A,3305625876,39648337,43.7827061,-75.4441316,2024
2937,36,051,00974124,36051,0500000US36051,Livingston,Livingston County,06,H1,G4020,464,40380,NA,A,1635976564,22076449,42.7290418,-77.778463,2020
1076,36,053,00974125,36053,0500000US36053,Madison,Madison County,06,H1,G4020,532,45060,NA,A,1696054034,16691322,42.9100255,-75.6635749,2022
2076,36,055,00974126,36055,0500000US36055,Monroe,Monroe County,06,H1,G4020,464,40380,NA,A,1701477037,1838269506,43.2503466,-77.7005177,2022
1738,36,057,00974127,36057,0500000US36057,Montgomery,Montgomery County,06,H1,G4020,104,11220,NA,A,1044052636,18613523,42.9008912,-74.4353575,NA
1014,36,059,00974128,36059,0500000US36059,Nassau,Nassau County,06,H1,G4020,408,35620,35004,A,736965432,437285877,40.7296118,-73.5894144,2021
2447,36,061,00974129,36061,0500000US36061,New York,New York County,06,H6,G4020,408,35620,35614,C,58683879,29010416,40.7766419,-73.9701871,2019
2371,36,063,00974130,36063,0500000US36063,Niagara,Niagara County,06,H1,G4020,160,15380,NA,A,1352876142,1598772310,43.2726719,-78.8129431,2020
1922,36,065,00974131,36065,0500000US36065,Oneida,Oneida County,06,H1,G4020,NA,46540,NA,A,3140211189,117357244,43.2427273,-75.4342824,2024
2586,36,067,00974132,36067,0500000US36067,Onondaga,Onondaga County,06,H1,G4020,532,45060,NA,A,2016027798,70512842,43.0065163,-76.1961336,2023
1323,36,069,00974133,36069,0500000US36069,Ontario,Ontario County,06,H1,G4020,464,40380,NA,A,1668148125,47853412,42.8563575,-77.3034967,2022
3158,36,071,00974134,36071,0500000US36071,Orange,Orange County,06,H1,G4020,408,28880,NA,A,2103272844,67953621,41.4024096,-74.3062522,2021
1826,36,073,00974135,36073,0500000US36073,Orleans,Orleans County,06,H1,G4020,464,40380,NA,A,1013364725,1103744014,43.3399059,-78.2070281,2020
204,36,075,00974136,36075,0500000US36075,Oswego,Oswego County,06,H1,G4020,532,45060,NA,A,2464685608,933435238,43.4614431,-76.2092618,2022
555,36,077,00974137,36077,0500000US36077,Otsego,Otsego County,06,H1,G4020,NA,36580,NA,A,2594488424,36312826,42.6297762,-75.028841,2024
1519,36,079,00974138,36079,0500000US36079,Putnam,Putnam County,06,H1,G4020,408,35620,35614,A,596350119,41229629,41.4279067,-73.7438608,2021
2334,36,081,00974139,36081,0500000US36081,Queens,Queens County,06,H6,G4020,408,35620,35614,C,281594051,188444349,40.6546581,-73.8412089,2021
2185,36,083,00974140,36083,0500000US36083,Rensselaer,Rensselaer County,06,H1,G4020,104,10580,NA,A,1689861305,33524231,42.7104206,-73.5138454,2023
1402,36,085,00974141,36085,0500000US36085,Richmond,Richmond County,06,H6,G4020,408,35620,35614,C,148982679,117441532,40.5612628,-74.1398995,2022
2837,36,087,00974142,36087,0500000US36087,Rockland,Rockland County,06,H1,G4020,408,35620,35614,A,449840998,66919666,41.1546276,-74.0246616,2019
166,36,091,00974143,36091,0500000US36091,Saratoga,Saratoga County,06,H1,G4020,104,10580,NA,A,2097812305,87488004,43.1061353,-73.8553872,2023
3159,36,093,00974144,36093,0500000US36093,Schenectady,Schenectady County,06,H1,G4020,104,10580,NA,A,530089711,12366944,42.8175516,-74.0435592,2024
2167,36,095,00974145,36095,0500000US36095,Schoharie,Schoharie County,06,H1,G4020,104,10580,NA,A,1610503551,11676951,42.591294,-74.4381718,NA
356,36,097,00974146,36097,0500000US36097,Schuyler,Schuyler County,06,H1,G4020,NA,NA,NA,A,850405403,36246373,42.4197755,-76.938603,2022
2254,36,099,00974147,36099,0500000US36099,Seneca,Seneca County,06,H1,G4020,464,42900,NA,A,838372771,172818533,42.7822943,-76.827088,2023
323,36,089,00977309,36089,0500000US36089,St. Lawrence,St. Lawrence County,06,H1,G4020,NA,32390,NA,A,6939939685,366960962,44.4881125,-75.074311,NA
47,36,101,00974148,36101,0500000US36101,Steuben,Steuben County,06,H1,G4020,236,18500,NA,A,3601403378,35034921,42.2667252,-77.3855253,2022
444,36,103,00974149,36103,0500000US36103,Suffolk,Suffolk County,06,H1,G4020,408,35620,35004,A,2359306969,3787388317,40.943554,-72.6922183,2019
1763,36,105,00974150,36105,0500000US36105,Sullivan,Sullivan County,06,H1,G4020,408,33910,NA,A,2507484144,73737482,41.7199928,-74.7715769,2022
2029,36,107,00974151,36107,0500000US36107,Tioga,Tioga County,06,H1,G4020,NA,13780,NA,A,1343600016,11044570,42.1780565,-76.2974556,2022
602,36,109,00974152,36109,0500000US36109,Tompkins,Tompkins County,06,H1,G4020,296,27060,NA,A,1229321859,43780760,42.4530063,-76.4734835,2021
211,36,111,00974153,36111,0500000US36111,Ulster,Ulster County,06,H1,G4020,408,28740,NA,A,2911757764,94596810,41.9472124,-74.2654582,2023
863,36,113,00974154,36113,0500000US36113,Warren,Warren County,06,H1,G4020,104,24020,NA,A,2246093482,166839689,43.5551053,-73.8381388,2023
1077,36,115,00974155,36115,0500000US36115,Washington,Washington County,06,H1,G4020,104,24020,NA,A,2152773113,38123569,43.3123766,-73.4394282,2024
2367,36,117,00974156,36117,0500000US36117,Wayne,Wayne County,06,H1,G4020,464,40380,NA,A,1563913374,2018184725,43.2181139,-77.0494024,2022
1132,36,119,00974157,36119,0500000US36119,Westchester,Westchester County,06,H1,G4020,408,35620,35614,A,1115811940,179391718,41.1526862,-73.7457526,2019
2434,36,121,00974158,36121,0500000US36121,Wyoming,Wyoming County,06,H1,G4020,NA,NA,NA,A,1535086366,9085228,42.7013652,-78.2285762,2022
2023,36,123,00974159,36123,0500000US36123,Yates,Yates County,06,H1,G4020,NA,NA,NA,A,875777224,97488350,42.638237,-77.1043238,2022
660,39,001,01074014,39001,0500000US39001,Adams,Adams County,06,H1,G4020,NA,NA,NA,A,1512221259,6250109,38.8344683,-83.4780816,NA
15,39,003,01074015,39003,0500000US39003,Allen,Allen County,06,H1,G4020,338,30620,NA,A,1042587391,11152061,40.7716274,-84.1061032,NA
1263,39,005,01074016,39005,0500000US39005,Ashland,Ashland County,06,H1,G4020,360,11740,NA,A,1095528191,9969109,40.843273,-82.2701271,2020
1312,39,007,01074017,39007,0500000US39007,Ashtabula,Ashtabula County,06,H1,G4020,184,17410,NA,A,1819252264,1724330055,41.9066369,-80.7455916,2013
2171,39,009,01074018,39009,0500000US39009,Athens,Athens County,06,H1,G4020,198,11900,NA,A,1304429460,12364206,39.3327548,-82.0458853,NA
2324,39,011,01074019,39011,0500000US39011,Auglaize,Auglaize County,06,H1,G4020,338,47540,NA,A,1039590222,1339586,40.561309,-84.2240177,NA
2485,39,013,01065575,39013,0500000US39013,Belmont,Belmont County,06,H1,G4020,NA,48540,NA,A,1378201570,23693388,40.0176819,-80.9677268,NA
533,39,015,01074020,39015,0500000US39015,Brown,Brown County,06,H1,G4020,178,17140,NA,A,1267911783,8879057,38.9313769,-83.8667723,NA
100,39,017,01074021,39017,0500000US39017,Butler,Butler County,06,H1,G4020,178,17140,NA,A,1208270096,9196537,39.4397469,-84.5657341,NA
2473,39,019,01074022,39019,0500000US39019,Carroll,Carroll County,06,H1,G4020,184,15940,NA,A,1022040905,11183048,40.5798841,-81.090787,2021
753,39,021,01074023,39021,0500000US39021,Champaign,Champaign County,06,H1,G4020,212,46500,NA,A,1111045220,2180178,40.1327753,-83.7676037,NA
909,39,023,01074024,39023,0500000US39023,Clark,Clark County,06,H1,G4020,212,44220,NA,A,1025322040,14608568,39.9170315,-83.783676,NA
2657,39,025,01074025,39025,0500000US39025,Clermont,Clermont County,06,H1,G4020,178,17140,NA,A,1172125416,19874908,39.0520537,-84.1494847,NA
1982,39,027,01074026,39027,0500000US39027,Clinton,Clinton County,06,H1,G4020,178,48940,NA,A,1058609497,9329331,39.4166813,-83.8045826,NA
2442,39,029,01074027,39029,0500000US39029,Columbiana,Columbiana County,06,H1,G4020,566,41400,NA,A,1377658468,7277033,40.770073,-80.778455,2020
3176,39,031,01074028,39031,0500000US39031,Coshocton,Coshocton County,06,H1,G4020,184,18740,NA,A,1460521588,9127208,40.2967096,-81.9301092,2023
665,39,033,01074029,39033,0500000US39033,Crawford,Crawford County,06,H1,G4020,360,15340,NA,A,1040619655,2359514,40.8485244,-82.9247827,NA
2888,39,035,01074030,39035,0500000US39035,Cuyahoga,Cuyahoga County,06,H1,G4020,184,17410,NA,A,1184173024,2041731514,41.555037,-81.6049566,2014
1121,39,037,01074031,39037,0500000US39037,Darke,Darke County,06,H1,G4020,212,24820,NA,A,1549077539,4244898,40.1314669,-84.6211906,NA
2114,39,039,01074032,39039,0500000US39039,Defiance,Defiance County,06,H1,G4020,NA,19580,NA,A,1065623073,7100811,41.3216789,-84.4864334,NA
1087,39,041,01074033,39041,0500000US39041,Delaware,Delaware County,06,H1,G4020,198,18140,NA,A,1147743707,36698376,40.2789411,-83.0074622,NA
1952,39,043,01074034,39043,0500000US39043,Erie,Erie County,06,H1,G4020,184,41780,NA,A,650833151,969939816,41.3941426,-82.5868354,2019
2921,39,045,01074035,39045,0500000US39045,Fairfield,Fairfield County,06,H1,G4020,198,18140,NA,A,1306299932,10869534,39.747694,-82.626685,NA
57,39,047,01074036,39047,0500000US39047,Fayette,Fayette County,06,H1,G4020,198,47920,NA,A,1052469885,1694038,39.5552462,-83.4618927,NA
2762,39,049,01074037,39049,0500000US39049,Franklin,Franklin County,06,H1,G4020,198,18140,NA,A,1378959684,29020073,39.9698749,-83.0090858,NA
406,39,051,01074038,39051,0500000US39051,Fulton,Fulton County,06,H1,G4020,NA,45780,NA,A,1050110444,4579039,41.5972639,-84.1242667,2022
3173,39,053,01074039,39053,0500000US39053,Gallia,Gallia County,06,H1,G4020,NA,23680,NA,A,1208305869,12087309,38.8170456,-82.3017463,NA
2362,39,055,01074040,39055,0500000US39055,Geauga,Geauga County,06,H1,G4020,184,17410,NA,A,1037107805,20701156,41.4993217,-81.1735054,2013
1238,39,057,01074041,39057,0500000US39057,Greene,Greene County,06,H1,G4020,212,19430,NA,A,1071302627,6798109,39.6874785,-83.8948943,NA
667,39,059,01074042,39059,0500000US39059,Guernsey,Guernsey County,06,H1,G4020,198,15740,NA,A,1352599522,15666081,40.0566648,-81.497875,2023
2375,39,061,01074043,39061,0500000US39061,Hamilton,Hamilton County,06,H1,G4020,178,17140,NA,A,1050120459,18612564,39.1969272,-84.5441868,NA
11,39,063,01074044,39063,0500000US39063,Hancock,Hancock County,06,H1,G4020,248,22300,NA,A,1376122055,6024245,41.000217,-83.6659471,NA
2626,39,065,01074045,39065,0500000US39065,Hardin,Hardin County,06,H1,G4020,NA,NA,NA,A,1218033117,630279,40.6604152,-83.6640773,NA
836,39,067,01074046,39067,0500000US39067,Harrison,Harrison County,06,H1,G4020,NA,NA,NA,A,1042032638,21847163,40.2923175,-81.0915651,2023
384,39,069,01074047,39069,0500000US39069,Henry,Henry County,06,H1,G4020,NA,NA,NA,A,1077469003,9680060,41.3315843,-84.0688996,NA
1403,39,071,01074048,39071,0500000US39071,Highland,Highland County,06,H1,G4020,NA,NA,NA,A,1432479978,12194983,39.1844221,-83.601359,NA
949,39,073,01074049,39073,0500000US39073,Hocking,Hocking County,06,H1,G4020,198,18140,NA,A,1091289822,5955974,39.4903424,-82.4834473,NA
2412,39,075,01074050,39075,0500000US39075,Holmes,Holmes County,06,H1,G4020,NA,NA,NA,A,1094566305,3694365,40.5655971,-81.9300012,2023
2860,39,077,01074051,39077,0500000US39077,Huron,Huron County,06,H1,G4020,184,35940,NA,A,1274906337,8626249,41.1450798,-82.594641,2023
1318,39,079,01074052,39079,0500000US39079,Jackson,Jackson County,06,H1,G4020,NA,NA,NA,A,1088598926,3167846,39.0134773,-82.614142,NA
2172,39,081,01074053,39081,0500000US39081,Jefferson,Jefferson County,06,H1,G4020,430,48260,NA,A,1057037102,7335056,40.3993836,-80.7635272,2023
2930,39,083,01074054,39083,0500000US39083,Knox,Knox County,06,H1,G4020,198,34540,NA,A,1361036421,10721050,40.4036198,-82.4223929,NA
27,39,085,01074055,39085,0500000US39085,Lake,Lake County,06,H1,G4020,184,17410,NA,A,594129618,1942308103,41.7781416,-81.1973297,2012
658,39,087,01074056,39087,0500000US39087,Lawrence,Lawrence County,06,H1,G4020,170,26580,NA,A,1174282179,10029914,38.6038659,-82.5171856,NA
2996,39,089,01074057,39089,0500000US39089,Licking,Licking County,06,H1,G4020,198,18140,NA,A,1767478816,12761091,40.0915047,-82.4834352,NA
537,39,091,01074058,39091,0500000US39091,Logan,Logan County,06,H1,G4020,198,13340,NA,A,1187522540,21594566,40.3875532,-83.766343,NA
1984,39,093,01074059,39093,0500000US39093,Lorain,Lorain County,06,H1,G4020,184,17410,NA,A,1270483156,1119495057,41.4388045,-82.179722,2019
1281,39,095,01074060,39095,0500000US39095,Lucas,Lucas County,06,H1,G4020,NA,45780,NA,A,879721719,663490659,41.6823213,-83.4689033,2023
2620,39,097,01074061,39097,0500000US39097,Madison,Madison County,06,H1,G4020,198,18140,NA,A,1208715706,2129636,39.8966098,-83.4008874,NA
1363,39,099,01074062,39099,0500000US39099,Mahoning,Mahoning County,06,H1,G4020,566,49660,NA,A,1065747115,35461694,41.0108798,-80.7703956,2018
1685,39,101,01074063,39101,0500000US39101,Marion,Marion County,06,H1,G4020,198,32020,NA,A,1045855309,908577,40.5880337,-83.1688034,NA
3167,39,103,01074064,39103,0500000US39103,Medina,Medina County,06,H1,G4020,184,17410,NA,A,1091573518,4193803,41.1161742,-81.8997641,2016
2729,39,105,01074065,39105,0500000US39105,Meigs,Meigs County,06,H1,G4020,NA,NA,NA,A,1113957874,7519818,39.0898068,-82.0283968,NA
3211,39,107,01074066,39107,0500000US39107,Mercer,Mercer County,06,H1,G4020,338,16380,NA,A,1197732211,28431995,40.5353325,-84.6320588,NA
959,39,109,01074067,39109,0500000US39109,Miami,Miami County,06,H1,G4020,212,19430,NA,A,1053040432,7924793,40.0533257,-84.2284135,NA
610,39,111,01074068,39111,0500000US39111,Monroe,Monroe County,06,H1,G4020,NA,NA,NA,A,1180317743,4495411,39.7262526,-81.0909834,NA
2229,39,113,01074069,39113,0500000US39113,Montgomery,Montgomery County,06,H1,G4020,212,19430,NA,A,1194894576,7494894,39.7537357,-84.2905915,NA
118,39,115,01074070,39115,0500000US39115,Morgan,Morgan County,06,H1,G4020,NA,NA,NA,A,1078538281,13868572,39.6249458,-81.8616967,NA
1551,39,117,01074071,39117,0500000US39117,Morrow,Morrow County,06,H1,G4020,198,18140,NA,A,1051881045,2819351,40.5252659,-82.7977288,NA
713,39,119,01074072,39119,0500000US39119,Muskingum,Muskingum County,06,H1,G4020,198,49780,NA,A,1721165824,20823924,39.9660457,-81.9435064,2023
2662,39,121,01074073,39121,0500000US39121,Noble,Noble County,06,H1,G4020,NA,NA,NA,A,1030846430,16984489,39.7672317,-81.452493,NA
812,39,123,01074074,39123,0500000US39123,Ottawa,Ottawa County,06,H1,G4020,184,41780,NA,A,659675100,855668003,41.5454953,-83.0126127,NA
326,39,125,01074075,39125,0500000US39125,Paulding,Paulding County,06,H1,G4020,NA,NA,NA,A,1078561236,6245396,41.1189483,-84.5821249,NA
1715,39,127,01074076,39127,0500000US39127,Perry,Perry County,06,H1,G4020,198,18140,NA,A,1056560151,11774320,39.7431874,-82.2379525,NA
690,39,129,01074077,39129,0500000US39129,Pickaway,Pickaway County,06,H1,G4020,198,18140,NA,A,1298270764,13694541,39.648947,-83.0528267,NA
585,39,131,01074078,39131,0500000US39131,Pike,Pike County,06,H1,G4020,NA,NA,NA,A,1140325074,9566957,39.0713413,-83.0529107,NA
119,39,133,01074079,39133,0500000US39133,Portage,Portage County,06,H1,G4020,184,10420,NA,A,1262380881,43125138,41.1689703,-81.1969618,2015
1317,39,135,01074080,39135,0500000US39135,Preble,Preble County,06,H1,G4020,NA,NA,NA,A,1098741137,6062721,39.7388104,-84.6447584,NA
2663,39,137,01074081,39137,0500000US39137,Putnam,Putnam County,06,H1,G4020,NA,NA,NA,A,1249784147,4544339,41.0245334,-84.1298791,NA
751,39,139,01074082,39139,0500000US39139,Richland,Richland County,06,H1,G4020,360,31900,NA,A,1282631595,12560134,40.774159,-82.5427812,2023
2527,39,141,01074083,39141,0500000US39141,Ross,Ross County,06,H1,G4020,198,17060,NA,A,1784931094,9994410,39.3238949,-83.0595381,NA
2202,39,143,01074084,39143,0500000US39143,Sandusky,Sandusky County,06,H1,G4020,184,23380,NA,A,1057350441,24514231,41.3553193,-83.1427763,NA
304,39,145,01074085,39145,0500000US39145,Scioto,Scioto County,06,H1,G4020,170,39020,NA,A,1580293392,16072294,38.8148886,-82.998675,NA
2875,39,147,01074086,39147,0500000US39147,Seneca,Seneca County,06,H1,G4020,248,45660,NA,A,1427151723,4576816,41.1199923,-83.1275469,NA
3117,39,149,01074087,39149,0500000US39149,Shelby,Shelby County,06,H1,G4020,212,43380,NA,A,1055922235,7802978,40.3366802,-84.2041425,NA
1343,39,151,01065576,39151,0500000US39151,Stark,Stark County,06,H1,G4020,184,15940,NA,A,1489777071,13614724,40.8141314,-81.3656673,NA
3057,39,153,01074088,39153,0500000US39153,Summit,Summit County,06,H1,G4020,184,10420,NA,A,1069150156,18986955,41.1218471,-81.5349279,2017
570,39,155,01074089,39155,0500000US39155,Trumbull,Trumbull County,06,H1,G4020,566,49660,NA,A,1599552770,47777544,41.3063744,-80.7703998,2016
1392,39,157,01074090,39157,0500000US39157,Tuscarawas,Tuscarawas County,06,H1,G4020,184,35420,NA,A,1469987543,10363043,40.4474395,-81.4711663,2022
2887,39,159,01074091,39159,0500000US39159,Union,Union County,06,H1,G4020,198,18140,NA,A,1118126415,13420716,40.2959008,-83.3670416,NA
678,39,161,01074092,39161,0500000US39161,Van Wert,Van Wert County,06,H1,G4020,338,46780,NA,A,1059692859,3287921,40.8555203,-84.5857751,NA
307,39,163,01074093,39163,0500000US39163,Vinton,Vinton County,06,H1,G4020,NA,NA,NA,A,1068008170,6781751,39.2520418,-82.4859614,NA
2910,39,165,01074094,39165,0500000US39165,Warren,Warren County,06,H1,G4020,178,17140,NA,A,1039665894,15705152,39.4256625,-84.1699402,NA
2532,39,167,01074095,39167,0500000US39167,Washington,Washington County,06,H1,G4020,425,31930,NA,A,1636805229,20784952,39.4506764,-81.4906359,NA
757,39,169,01074096,39169,0500000US39169,Wayne,Wayne County,06,H1,G4020,184,49300,NA,A,1436897058,5040384,40.8296612,-81.8871942,2019
2883,39,171,01074097,39171,0500000US39171,Williams,Williams County,06,H1,G4020,NA,NA,NA,A,1089504756,6298923,41.5649587,-84.5843235,NA
2863,39,173,01074098,39173,0500000US39173,Wood,Wood County,06,H1,G4020,NA,45780,NA,A,1598453877,8706879,41.3601834,-83.6226821,NA
3184,39,175,01074099,39175,0500000US39175,Wyandot,Wyandot County,06,H1,G4020,NA,NA,NA,A,1053812244,1783532,40.8397816,-83.313681,NA
2404,42,001,01213656,42001,0500000US42001,Adams,Adams County,06,H1,G4020,276,23900,NA,A,1343104820,8147590,39.8694372,-77.2177502,2022
2618,42,003,01213657,42003,0500000US42003,Allegheny,Allegheny County,06,H1,G4020,430,38300,NA,A,1890567432,37048381,40.4697574,-79.9804515,2019
3168,42,005,01213658,42005,0500000US42005,Armstrong,Armstrong County,06,H1,G4020,430,38300,NA,A,1692093660,27586719,40.8123805,-79.4641285,2021
20,42,007,01214112,42007,0500000US42007,Beaver,Beaver County,06,H1,G4020,430,38300,NA,A,1125854807,24162293,40.6841401,-80.3507209,2019
832,42,009,01209171,42009,0500000US42009,Bedford,Bedford County,06,H1,G4020,NA,NA,NA,A,2621037920,11998904,39.9986336,-78.4947466,2021
985,42,011,01209172,42011,0500000US42011,Berks,Berks County,06,H1,G4020,428,39740,NA,A,2218077223,24220126,40.4139565,-75.9268598,2021
1660,42,013,01213659,42013,0500000US42013,Blair,Blair County,06,H1,G4020,107,11020,NA,A,1359916301,3294803,40.4986828,-78.309597,2021
820,42,015,01213660,42015,0500000US42015,Bradford,Bradford County,06,H1,G4020,NA,42380,NA,A,2971688853,35331261,41.7915044,-76.5021231,2022
2646,42,017,01209173,42017,0500000US42017,Bucks,Bucks County,06,H1,G4020,428,37980,33874,A,1565511250,45291664,40.3368872,-75.10706,2021
573,42,019,01213661,42019,0500000US42019,Butler,Butler County,06,H1,G4020,430,38300,NA,A,2044750109,16004632,40.9138467,-79.9189776,2020
1216,42,021,01213662,42021,0500000US42021,Cambria,Cambria County,06,H1,G4020,306,27780,NA,A,1781816295,13645124,40.5102089,-78.7104876,2020
559,42,023,01213663,42023,0500000US42023,Cameron,Cameron County,06,H1,G4020,NA,NA,NA,A,1026241974,5651188,41.4382909,-78.1983225,2021
1651,42,025,01213664,42025,0500000US42025,Carbon,Carbon County,06,H1,G4020,106,10900,NA,A,987706484,15918751,40.9183666,-75.7050387,2021
2680,42,027,01214720,42027,0500000US42027,Centre,Centre County,06,H1,G4020,524,44300,NA,A,2867787635,11295681,40.9093218,-77.847667,2022
1348,42,029,01209174,42029,0500000US42029,Chester,Chester County,06,H1,G4020,428,37980,33874,A,1943917207,22400866,39.9740287,-75.7497512,2022
412,42,031,01210234,42031,0500000US42031,Clarion,Clarion County,06,H1,G4020,NA,NA,NA,A,1556156937,23330902,41.1981594,-79.4203691,2020
462,42,033,01209175,42033,0500000US42033,Clearfield,Clearfield County,06,H1,G4020,524,20180,NA,A,2965691642,24125719,41.0068618,-78.4777237,2021
885,42,035,01214721,42035,0500000US42035,Clinton,Clinton County,06,H1,G4020,558,30820,NA,A,2304129980,23182058,41.2395075,-77.629009,2020
908,42,037,01213665,42037,0500000US42037,Columbia,Columbia County,06,H1,G4020,146,14100,NA,A,1251636166,18574480,41.0455174,-76.4042599,2021
3048,42,039,01213666,42039,0500000US42039,Crawford,Crawford County,06,H1,G4020,240,32740,NA,A,2621988045,65390015,41.687876,-80.107795,2016
2468,42,041,01209176,42041,0500000US42041,Cumberland,Cumberland County,06,H1,G4020,276,25420,NA,A,1412792253,12666284,40.1648047,-77.2634419,2022
108,42,043,01213667,42043,0500000US42043,Dauphin,Dauphin County,06,H1,G4020,276,25420,NA,A,1359407364,86047350,40.4125646,-76.7926343,2022
2370,42,045,01209177,42045,0500000US42045,Delaware,Delaware County,06,H1,G4020,428,37980,37964,A,476060047,17591834,39.9166853,-75.3988178,2022
1498,42,047,01213668,42047,0500000US42047,Elk,Elk County,06,H1,G4020,NA,41260,NA,A,2141664026,12792134,41.4273317,-78.6539366,2017
1700,42,049,01209178,42049,0500000US42049,Erie,Erie County,06,H1,G4020,240,21500,NA,A,2069145080,1966271748,42.1179519,-80.0963858,2016
1778,42,051,01209179,42051,0500000US42051,Fayette,Fayette County,06,H1,G4020,430,38300,NA,A,2048054614,20636361,39.9189111,-79.6402527,2022
48,42,053,01213669,42053,0500000US42053,Forest,Forest County,06,H1,G4020,NA,NA,NA,A,1106595595,8369676,41.513304,-79.249705,2019
2469,42,055,01213670,42055,0500000US42055,Franklin,Franklin County,06,H1,G4020,548,16540,NA,A,2000193445,1553435,39.9267722,-77.7245208,2022
734,42,057,01213671,42057,0500000US42057,Fulton,Fulton County,06,H1,G4020,NA,NA,NA,A,1133252799,1305486,39.9107505,-78.1226171,2022
242,42,059,01214033,42059,0500000US42059,Greene,Greene County,06,H1,G4020,NA,NA,NA,A,1491658046,5296803,39.8477067,-80.2256552,2023
824,42,061,01213672,42061,0500000US42061,Huntingdon,Huntingdon County,06,H1,G4020,107,26500,NA,A,2265182334,37851956,40.4223108,-77.9685953,2022
501,42,063,01213673,42063,0500000US42063,Indiana,Indiana County,06,H1,G4020,430,26860,NA,A,2142939381,18085569,40.6514319,-79.0875451,2020
349,42,065,01213674,42065,0500000US42065,Jefferson,Jefferson County,06,H1,G4020,NA,NA,NA,A,1689811408,11294609,41.1380282,-79.012419,2020
1821,42,067,01209180,42067,0500000US42067,Juniata,Juniata County,06,H1,G4020,NA,NA,NA,A,1013697487,5502986,40.530673,-77.4004377,2022
1220,42,069,01213675,42069,0500000US42069,Lackawanna,Lackawanna County,06,H1,G4020,NA,42540,NA,A,1188509486,15908159,41.4366359,-75.6087683,2021
3073,42,071,01209181,42071,0500000US42071,Lancaster,Lancaster County,06,H1,G4020,NA,29540,NA,A,2444751653,103368816,40.0419921,-76.250198,2022
835,42,073,01213676,42073,0500000US42073,Lawrence,Lawrence County,06,H1,G4020,430,38300,NA,A,925634970,11380404,40.9927352,-80.3344455,2017
2665,42,075,01214034,42075,0500000US42075,Lebanon,Lebanon County,06,H1,G4020,276,30140,NA,A,937148928,1722125,40.3714482,-76.4648185,2022
2431,42,077,01209182,42077,0500000US42077,Lehigh,Lehigh County,06,H1,G4020,106,10900,NA,A,894414857,7450564,40.6142409,-75.5906269,2022
2470,42,079,01209183,42079,0500000US42079,Luzerne,Luzerne County,06,H1,G4020,NA,42540,NA,A,2304589532,42011601,41.1730778,-75.9760533,2020
2648,42,081,01213677,42081,0500000US42081,Lycoming,Lycoming County,06,H1,G4020,558,48700,NA,A,3182887151,38917209,41.3438824,-77.0552624,2020
1822,42,083,01210235,42083,0500000US42083,McKean,McKean County,06,H1,G4020,NA,14620,NA,A,2537396734,13033864,41.8145902,-78.5724631,2019
1004,42,085,01213678,42085,0500000US42085,Mercer,Mercer County,06,H1,G4020,430,25850,NA,A,1741866411,25964036,41.3000142,-80.2527863,2017
2138,42,087,01213679,42087,0500000US42087,Mifflin,Mifflin County,06,H1,G4020,NA,30380,NA,A,1064581429,9507558,40.6016153,-77.6518322,2021
1374,42,089,01209184,42089,0500000US42089,Monroe,Monroe County,06,H1,G4020,106,20700,NA,A,1575647531,22664084,41.0562401,-75.3290651,2021
2219,42,091,01213680,42091,0500000US42091,Montgomery,Montgomery County,06,H1,G4020,428,37980,33874,A,1250798248,11001813,40.2099992,-75.3702011,2022
2333,42,093,01213681,42093,0500000US42093,Montour,Montour County,06,H1,G4020,146,44980,NA,A,337556585,5174320,41.0292837,-76.6652253,2022
2436,42,095,01209185,42095,0500000US42095,Northampton,Northampton County,06,H1,G4020,106,10900,NA,A,957743866,19060208,40.7527913,-75.3074468,2021
1191,42,097,01209186,42097,0500000US42097,Northumberland,Northumberland County,06,H1,G4020,146,44980,NA,A,1185380639,50638539,40.8515244,-76.709877,2022
503,42,099,01213682,42099,0500000US42099,Perry,Perry County,06,H1,G4020,276,25420,NA,A,1428247559,10591172,40.3977795,-77.2663284,2022
599,42,101,01209187,42101,0500000US42101,Philadelphia,Philadelphia County,06,H6,G4020,428,37980,37964,C,347900747,20969567,40.0093755,-75.1333459,2022
2951,42,103,01213683,42103,0500000US42103,Pike,Pike County,06,H1,G4020,408,25770,NA,A,1411273944,56779544,41.3259485,-75.0315143,2022
2606,42,105,01213684,42105,0500000US42105,Potter,Potter County,06,H1,G4020,NA,NA,NA,A,2800422692,558970,41.7485866,-77.8944358,2018
1045,42,107,01213685,42107,0500000US42107,Schuylkill,Schuylkill County,06,H1,G4020,NA,39060,NA,A,2016509901,10820294,40.703682,-76.2177878,2022
368,42,109,01213686,42109,0500000US42109,Snyder,Snyder County,06,H1,G4020,146,42780,NA,A,851547198,7158854,40.7554117,-77.0730201,2022
1680,42,111,01209188,42111,0500000US42111,Somerset,Somerset County,06,H1,G4020,306,43740,NA,A,2784359433,17101197,39.9812968,-79.0284859,2020
1163,42,113,01213687,42113,0500000US42113,Sullivan,Sullivan County,06,H1,G4020,NA,NA,NA,A,1165337814,6617028,41.4392848,-76.5117166,2021
2952,42,115,01213688,42115,0500000US42115,Susquehanna,Susquehanna County,06,H1,G4020,NA,NA,NA,A,2132840100,22389171,41.8196651,-75.8009686,2022
95,42,117,01209189,42117,0500000US42117,Tioga,Tioga County,06,H1,G4020,NA,NA,NA,A,2936765818,8279717,41.7668584,-77.2572877,2020
3045,42,119,01213689,42119,0500000US42119,Union,Union County,06,H1,G4020,146,30260,NA,A,818323669,4611409,40.962179,-77.0554751,2022
3056,42,121,01213690,42121,0500000US42121,Venango,Venango County,06,H1,G4020,NA,36340,NA,A,1746337769,22149577,41.4007143,-79.7658126,2019
2316,42,123,01213691,42123,0500000US42123,Warren,Warren County,06,H1,G4020,NA,47620,NA,A,2290280115,37368144,41.8342984,-79.2981823,2017
2954,42,125,01209190,42125,0500000US42125,Washington,Washington County,06,H1,G4020,430,38300,NA,A,2219644665,9945723,40.2000054,-80.2521319,2023
165,42,127,01213692,42127,0500000US42127,Wayne,Wayne County,06,H1,G4020,NA,NA,NA,A,1879734049,64785689,41.6466021,-75.2924932,2021
3208,42,129,01209191,42129,0500000US42129,Westmoreland,Westmoreland County,06,H1,G4020,430,38300,NA,A,2661757844,21294222,40.3110682,-79.4666879,2021
1256,42,131,01209192,42131,0500000US42131,Wyoming,Wyoming County,06,H1,G4020,NA,42540,NA,A,1028894328,20019505,41.5251673,-76.0086823,2021
1449,42,133,01209193,42133,0500000US42133,York,York County,06,H1,G4020,276,49620,NA,A,2342261954,16503410,39.9217514,-76.7288887,2022
2918,44,001,01219777,44001,0500000US44001,Bristol,Bristol County,06,H4,G4020,148,39300,NA,N,62500773,53359134,41.7068397,-71.2866874,2020
3214,44,003,01219778,44003,0500000US44003,Kent,Kent County,06,H4,G4020,148,39300,NA,N,436588768,50686110,41.675118,-71.5802819,2021
2920,44,005,01219779,44005,0500000US44005,Newport,Newport County,06,H4,G4020,148,39300,NA,N,265293779,547001789,41.5010449,-71.2830626,2020
1641,44,007,01219781,44007,0500000US44007,Providence,Providence County,06,H4,G4020,148,39300,NA,N,1060557969,67864689,41.8697678,-71.5786246,2022
1337,44,009,01219782,44009,0500000US44009,Washington,Washington County,06,H4,G4020,148,39300,NA,N,852827596,604769731,41.396792,-71.620282,2020
2955,50,001,01461757,50001,0500000US50001,Addison,Addison County,06,H1,G4020,NA,NA,NA,A,1984788915,107311070,44.0312479,-73.1415807,NA
2372,50,003,01461758,50003,0500000US50003,Bennington,Bennington County,06,H1,G4020,NA,13540,NA,A,1746266392,6896313,43.0353277,-73.1114959,2024
2208,50,005,01461759,50005,0500000US50005,Caledonia,Caledonia County,06,H1,G4020,NA,NA,NA,A,1681454161,22351442,44.4687907,-72.1121676,NA
2701,50,007,01461760,50007,0500000US50007,Chittenden,Chittenden County,06,H1,G4020,162,15540,NA,A,1390433441,217071279,44.4633289,-73.0694099,2024
897,50,009,01461761,50009,0500000US50009,Essex,Essex County,06,H1,G4020,NA,NA,NA,A,1715530626,28688441,44.7240209,-71.7327362,NA
89,50,011,01461762,50011,0500000US50011,Franklin,Franklin County,06,H1,G4020,162,15540,NA,A,1634181032,150651912,44.8589643,-72.9094023,NA
2441,50,013,01461763,50013,0500000US50013,Grand Isle,Grand Isle County,06,H1,G4020,162,15540,NA,A,211782349,288954848,44.8017867,-73.300759,NA
1196,50,015,01461764,50015,0500000US50015,Lamoille,Lamoille County,06,H1,G4020,NA,NA,NA,A,1194643959,12744800,44.6111921,-72.632659,NA
403,50,017,01461765,50017,0500000US50017,Orange,Orange County,06,H1,G4020,NA,30150,NA,A,1779343340,12005265,44.0033729,-72.3695786,2024
3216,50,019,01461766,50019,0500000US50019,Orleans,Orleans County,06,H1,G4020,NA,NA,NA,A,1798880704,71408888,44.8284417,-72.25163,NA
914,50,021,01461767,50021,0500000US50021,Rutland,Rutland County,06,H1,G4020,NA,40860,NA,A,2410117478,38757463,43.6123987,-73.0603041,NA
2827,50,023,01461768,50023,0500000US50023,Washington,Washington County,06,H1,G4020,162,12740,NA,A,1779477067,21517931,44.2749694,-72.6094444,NA
3215,50,025,01461769,50025,0500000US50025,Windham,Windham County,06,H1,G4020,313,14710,NA,A,2035623279,32917049,42.995304,-72.7218771,2023
2733,50,027,01461770,50027,0500000US50027,Windsor,Windsor County,06,H1,G4020,NA,30150,NA,A,2510071971,19366112,43.5724477,-72.5988132,2024
1991,51,001,01480091,51001,0500000US51001,Accomack,Accomack County,06,H1,G4020,NA,NA,NA,A,1163688510,2229297380,37.7659435,-75.7578073,NA
1998,51,003,01675170,51003,0500000US51003,Albemarle,Albemarle County,06,H1,G4020,NA,16820,NA,A,1866027153,14210136,38.0241841,-78.5535056,NA
269,51,510,01498415,51510,0500000US51510,Alexandria,Alexandria city,25,C7,G4020,548,47900,11694,F,38682331,1069028,38.8192511,-77.0836695,NA
423,51,005,01673675,51005,0500000US51005,Alleghany,Alleghany County,06,H1,G4020,NA,NA,NA,A,1156616595,8162743,37.7879048,-80.008669,NA
2118,51,007,01497770,51007,0500000US51007,Amelia,Amelia County,06,H1,G4020,NA,40060,NA,A,920379344,8188217,37.3319271,-77.9774619,NA
393,51,009,01480095,51009,0500000US51009,Amherst,Amherst County,06,H1,G4020,NA,31340,NA,A,1227554632,12898694,37.6293013,-79.1547557,NA
2465,51,011,01497238,51011,0500000US51011,Appomattox,Appomattox County,06,H1,G4020,NA,31340,NA,A,865635287,3206454,37.3707253,-78.8109404,NA
1480,51,013,01480097,51013,0500000US51013,Arlington,Arlington County,06,H1,G4020,548,47900,11694,A,67332991,273562,38.8783374,-77.1007034,NA
1704,51,015,01480098,51015,0500000US51015,Augusta,Augusta County,06,H1,G4020,277,44420,NA,A,2504708863,9537137,38.1725895,-79.1409749,NA
1534,51,017,01673638,51017,0500000US51017,Bath,Bath County,06,H1,G4020,NA,NA,NA,A,1370626044,14039993,38.0683679,-79.7312032,NA
1251,51,019,01674818,51019,0500000US51019,Bedford,Bedford County,06,H1,G4020,NA,31340,NA,A,1968691310,42058982,37.3122568,-79.5272234,NA
2808,51,021,01494613,51021,0500000US51021,Bland,Bland County,06,H1,G4020,NA,NA,NA,A,926296565,2561891,37.1306124,-81.1258532,NA
2209,51,023,01674418,51023,0500000US51023,Botetourt,Botetourt County,06,H1,G4020,NA,40220,NA,A,1401898973,12126225,37.5654822,-79.7975457,NA
2140,51,520,01498416,51520,0500000US51520,Bristol,Bristol city,25,C7,G4020,304,28700,NA,F,33336228,322412,36.6169541,-82.1575641,NA
3065,51,025,01493961,51025,0500000US51025,Brunswick,Brunswick County,06,H1,G4020,NA,NA,NA,A,1466842628,8368077,36.7642043,-77.8614832,NA
422,51,027,01497431,51027,0500000US51027,Buchanan,Buchanan County,06,H1,G4020,NA,NA,NA,A,1302387764,2803578,37.2681198,-82.0381508,NA
576,51,029,01501502,51029,0500000US51029,Buckingham,Buckingham County,06,H1,G4020,NA,NA,NA,A,1501215443,9911855,37.573928,-78.5291687,NA
1193,51,530,01498417,51530,0500000US51530,Buena Vista,Buena Vista city,25,C7,G4020,NA,NA,NA,F,16674753,219579,37.7293448,-79.3581337,NA
2728,51,031,01674917,51031,0500000US51031,Campbell,Campbell County,06,H1,G4020,NA,31340,NA,A,1303430816,8887974,37.2101515,-79.0954282,NA
3140,51,033,01480107,51033,0500000US51033,Caroline,Caroline County,06,H1,G4020,NA,NA,NA,A,1365869819,24919385,38.0280328,-77.3537363,NA
1481,51,035,01480108,51035,0500000US51035,Carroll,Carroll County,06,H1,G4020,NA,NA,NA,A,1229575930,7586185,36.7319632,-80.7278307,NA
1417,51,036,01480109,51036,0500000US51036,Charles City,Charles City County,06,H1,G4020,NA,40060,NA,A,473711550,55274680,37.3610537,-77.05417,NA
988,51,037,01492442,51037,0500000US51037,Charlotte,Charlotte County,06,H1,G4020,NA,NA,NA,A,1231010115,5809378,37.0090421,-78.6585682,NA
302,51,540,01789068,51540,0500000US51540,Charlottesville,Charlottesville city,25,C7,G4020,NA,16820,NA,F,26535237,46120,38.0376579,-78.4853806,NA
965,51,550,01498558,51550,0500000US51550,Chesapeake,Chesapeake city,25,C7,G4020,545,47260,NA,F,876598055,32349712,36.6793761,-76.3017884,NA
3046,51,041,01480111,51041,0500000US51041,Chesterfield,Chesterfield County,06,H1,G4020,NA,40060,NA,A,1096874572,34967237,37.3784338,-77.5858474,NA
2000,51,043,01690562,51043,0500000US51043,Clarke,Clarke County,06,H1,G4020,548,47900,11694,A,455729730,5685740,39.1153068,-77.9907479,2024
3175,51,570,01498420,51570,0500000US51570,Colonial Heights,Colonial Heights city,25,C7,G4020,NA,40060,NA,F,19475360,709877,37.2616846,-77.3968043,NA
402,51,580,01789069,51580,0500000US51580,Covington,Covington city,25,C7,G4020,NA,NA,NA,F,14163840,521492,37.7810603,-79.9854337,NA
519,51,045,01673664,51045,0500000US51045,Craig,Craig County,06,H1,G4020,NA,40220,NA,A,849770441,2793174,37.4736031,-80.2310507,NA
2974,51,047,01497831,51047,0500000US51047,Culpeper,Culpeper County,06,H1,G4020,548,47900,11694,A,982069270,9012539,38.4859303,-77.9564759,NA
1631,51,049,01494109,51049,0500000US51049,Cumberland,Cumberland County,06,H1,G4020,NA,NA,NA,A,770454313,5917833,37.5201891,-78.2528364,NA
1716,51,590,01498421,51590,0500000US51590,Danville,Danville city,25,C7,G4020,NA,19260,NA,F,110858218,2327667,36.5833337,-79.4080707,NA
2117,51,051,01497376,51051,0500000US51051,Dickenson,Dickenson County,06,H1,G4020,NA,NA,NA,A,855841910,8100226,37.1367011,-82.3492199,NA
2074,51,053,01690739,51053,0500000US51053,Dinwiddie,Dinwiddie County,06,H1,G4020,NA,40060,NA,A,1304903542,8988308,37.0734984,-77.6354922,NA
377,51,595,01498422,51595,0500000US51595,Emporia,Emporia city,25,C7,G4020,NA,NA,NA,F,17168108,124634,36.696182,-77.5359753,NA
417,51,057,01480118,51057,0500000US51057,Essex,Essex County,06,H1,G4020,NA,NA,NA,A,666543883,74795386,37.936389,-76.9337475,NA
1114,51,600,01789070,51600,0500000US51600,Fairfax,Fairfax city,25,C7,G4020,548,47900,11694,F,16163924,84155,38.8531833,-77.2990252,NA
2857,51,059,01480119,51059,0500000US51059,Fairfax,Fairfax County,06,H1,G4020,548,47900,11694,A,1012738308,40015946,38.8295203,-77.2732524,2023
711,51,610,01498423,51610,0500000US51610,Falls Church,Falls Church city,25,C7,G4020,548,47900,11694,F,5300262,32,38.884722,-77.1756027,NA
996,51,061,01480120,51061,0500000US51061,Fauquier,Fauquier County,06,H1,G4020,548,47900,11694,A,1678296516,9665073,38.7440956,-77.8215005,NA
328,51,063,01494354,51063,0500000US51063,Floyd,Floyd County,06,H1,G4020,NA,13980,NA,A,986585624,2190752,36.9314331,-80.3502662,NA
2474,51,065,01494061,51065,0500000US51065,Fluvanna,Fluvanna County,06,H1,G4020,NA,16820,NA,A,743630405,10747026,37.830584,-78.2834938,NA
1176,51,620,01498424,51620,0500000US51620,Franklin,Franklin city,25,C7,G4020,NA,NA,NA,F,21438217,227442,36.6840142,-76.9413956,NA
1197,51,067,01494434,51067,0500000US51067,Franklin,Franklin County,06,H1,G4020,NA,40220,NA,A,1788673576,54402647,36.9911862,-79.8827149,NA
3100,51,069,01480124,51069,0500000US51069,Frederick,Frederick County,06,H1,G4020,548,49020,NA,A,1070014045,5860148,39.2036601,-78.2638291,NA
2549,51,630,01498425,51630,0500000US51630,Fredericksburg,Fredericksburg city,25,C7,G4020,548,47900,11694,F,27066498,178344,38.2992718,-77.4866583,NA
2651,51,640,01498426,51640,0500000US51640,Galax,Galax city,25,C7,G4020,NA,NA,NA,F,21332077,105290,36.6656397,-80.9143083,NA
1291,51,071,01494551,51071,0500000US51071,Giles,Giles County,06,H1,G4020,NA,13980,NA,A,925207240,11232364,37.3180719,-80.698321,NA
594,51,073,01480126,51073,0500000US51073,Gloucester,Gloucester County,06,H1,G4020,545,47260,NA,A,564124717,181747503,37.4035413,-76.5235051,NA
749,51,075,01674271,51075,0500000US51075,Goochland,Goochland County,06,H1,G4020,NA,40060,NA,A,730637052,21955885,37.7188141,-77.9176263,NA
1260,51,077,01501196,51077,0500000US51077,Grayson,Grayson County,06,H1,G4020,NA,NA,NA,A,1144218745,9792930,36.6522288,-81.215324,NA
798,51,079,01480129,51079,0500000US51079,Greene,Greene County,06,H1,G4020,NA,16820,NA,A,403900921,1680092,38.2979805,-78.4701629,NA
2016,51,081,01501122,51081,0500000US51081,Greensville,Greensville County,06,H1,G4020,NA,NA,NA,A,765023848,4132842,36.6803363,-77.5602774,NA
1736,51,083,01496705,51083,0500000US51083,Halifax,Halifax County,06,H1,G4020,NA,NA,NA,A,2117913727,30524203,36.766461,-78.9396142,NA
3098,51,650,01498554,51650,0500000US51650,Hampton,Hampton city,25,C7,G4020,545,47260,NA,F,133282615,219667964,37.0479606,-76.2972931,NA
214,51,085,01480132,51085,0500000US51085,Hanover,Hanover County,06,H1,G4020,NA,40060,NA,A,1211009692,12701674,37.7602149,-77.4913168,NA
1180,51,660,01498563,51660,0500000US51660,Harrisonburg,Harrisonburg city,25,C7,G4020,277,25500,NA,F,44898874,131080,38.4362547,-78.8733028,NA
1130,51,087,01480133,51087,0500000US51087,Henrico,Henrico County,06,H1,G4020,NA,40060,NA,A,605276759,28882519,37.4375205,-77.300333,NA
268,51,089,01502770,51089,0500000US51089,Henry,Henry County,06,H1,G4020,NA,32300,NA,A,990284625,5269785,36.6206119,-79.9806618,NA
3021,51,091,01673774,51091,0500000US51091,Highland,Highland County,06,H1,G4020,NA,NA,NA,A,1075266903,1791758,38.3662431,-79.5644718,NA
1730,51,670,01498428,51670,0500000US51670,Hopewell,Hopewell city,25,C7,G4020,NA,40060,NA,F,26817673,1228128,37.2910098,-77.2989443,NA
991,51,093,01702378,51093,0500000US51093,Isle of Wight,Isle of Wight County,06,H1,G4020,545,47260,NA,A,817621466,122099188,36.9014184,-76.7075688,NA
40,51,095,01480135,51095,0500000US51095,James City,James City County,06,H1,G4020,545,47260,NA,A,368550686,95239463,37.3248367,-76.7778878,NA
315,51,097,01480136,51097,0500000US51097,King and Queen,King and Queen County,06,H1,G4020,NA,40060,NA,A,816185249,28929275,37.7177719,-76.9055814,NA
2639,51,099,01480137,51099,0500000US51099,King George,King George County,06,H1,G4020,NA,NA,NA,A,465234037,21087162,38.2771799,-77.1626355,NA
841,51,101,01480138,51101,0500000US51101,King William,King William County,06,H1,G4020,NA,40060,NA,A,709424848,31090165,37.7082604,-77.0910539,NA
3195,51,103,01480139,51103,0500000US51103,Lancaster,Lancaster County,06,H1,G4020,NA,NA,NA,A,345261478,254114185,37.7048433,-76.4126628,NA
2942,51,105,01496538,51105,0500000US51105,Lee,Lee County,06,H1,G4020,NA,NA,NA,A,1127622847,4896591,36.7017206,-83.1301117,NA
1858,51,678,01789071,51678,0500000US51678,Lexington,Lexington city,25,C7,G4020,NA,NA,NA,F,6473000,67783,37.7823316,-79.4443196,NA
2962,51,107,01480141,51107,0500000US51107,Loudoun,Loudoun County,06,H1,G4020,548,47900,11694,A,1335753659,14495954,39.0812,-77.6388976,2023
2760,51,109,01494707,51109,0500000US51109,Louisa,Louisa County,06,H1,G4020,NA,NA,NA,A,1282060817,37801171,37.9727041,-77.959795,NA
898,51,111,01492239,51111,0500000US51111,Lunenburg,Lunenburg County,06,H1,G4020,NA,NA,NA,A,1118097708,1743628,36.9455547,-78.2405281,NA
2747,51,680,01498429,51680,0500000US51680,Lynchburg,Lynchburg city,25,C7,G4020,NA,31340,NA,F,126695077,1427120,37.3990161,-79.1954582,NA
864,51,113,01494590,51113,0500000US51113,Madison,Madison County,06,H1,G4020,NA,NA,NA,A,830450500,3206995,38.4120586,-78.2769614,NA
2997,51,683,01498430,51683,0500000US51683,Manassas,Manassas city,25,C7,G4020,548,47900,11694,F,25493247,146287,38.7468077,-77.4826328,NA
1479,51,685,01498431,51685,0500000US51685,Manassas Park,Manassas Park city,25,C7,G4020,548,47900,11694,F,7857548,1609,38.7693983,-77.442323,NA
2454,51,690,01789072,51690,0500000US51690,Martinsville,Martinsville city,25,C7,G4020,NA,32300,NA,F,28374648,135578,36.6835269,-79.8636475,NA
2583,51,115,01480145,51115,0500000US51115,Mathews,Mathews County,06,H1,G4020,545,47260,NA,A,222508057,430071655,37.4253479,-76.2688078,NA
3226,51,117,01500747,51117,0500000US51117,Mecklenburg,Mecklenburg County,06,H1,G4020,NA,NA,NA,A,1619544369,139655803,36.6872563,-78.3689592,NA
348,51,119,01480147,51119,0500000US51119,Middlesex,Middlesex County,06,H1,G4020,NA,NA,NA,A,337554146,208310589,37.6069753,-76.5280819,NA
29,51,121,01674630,51121,0500000US51121,Montgomery,Montgomery County,06,H1,G4020,NA,13980,NA,A,1001932837,6278532,37.1755376,-80.3877942,NA
2443,51,125,01500936,51125,0500000US51125,Nelson,Nelson County,06,H1,G4020,NA,16820,NA,A,1219224540,8983980,37.7890795,-78.8834397,NA
1246,51,127,01480150,51127,0500000US51127,New Kent,New Kent County,06,H1,G4020,NA,40060,NA,A,543978940,35605786,37.5101601,-76.9993305,2024
1520,51,700,01498555,51700,0500000US51700,Newport News,Newport News city,25,C7,G4020,545,47260,NA,F,178698611,131131002,37.0761357,-76.5219802,NA
2093,51,710,01498557,51710,0500000US51710,Norfolk,Norfolk city,25,C7,G4020,545,47260,NA,F,137981434,111701531,36.9230149,-76.2446413,NA
3008,51,131,01480151,51131,0500000US51131,Northampton,Northampton County,06,H1,G4020,NA,NA,NA,A,548331037,1511369142,37.3027754,-75.9240177,NA
437,51,133,01480152,51133,0500000US51133,Northumberland,Northumberland County,06,H1,G4020,NA,NA,NA,A,495808169,243884091,37.8569736,-76.3796872,NA
2222,51,720,01498434,51720,0500000US51720,Norton,Norton city,25,C7,G4020,NA,NA,NA,F,19366553,88961,36.9315489,-82.625996,NA
2451,51,135,01493928,51135,0500000US51135,Nottoway,Nottoway County,06,H1,G4020,NA,NA,NA,A,814265583,4297830,37.1411668,-78.0538655,NA
762,51,137,01494761,51137,0500000US51137,Orange,Orange County,06,H1,G4020,548,29470,NA,A,881929772,7015339,38.2493265,-78.0110923,NA
2264,51,139,01500440,51139,0500000US51139,Page,Page County,06,H1,G4020,NA,NA,NA,A,802941043,8378554,38.6232085,-78.4918718,NA
826,51,141,01497999,51141,0500000US51141,Patrick,Patrick County,06,H1,G4020,NA,NA,NA,A,1250852626,7141128,36.6671385,-80.286413,NA
2826,51,730,01498435,51730,0500000US51730,Petersburg,Petersburg city,25,C7,G4020,NA,40060,NA,F,58845729,577678,37.2047302,-77.3923681,NA
1271,51,143,01480157,51143,0500000US51143,Pittsylvania,Pittsylvania County,06,H1,G4020,NA,19260,NA,A,2509705674,23903851,36.8217206,-79.3985019,NA
37,51,735,01498436,51735,0500000US51735,Poquoson,Poquoson city,25,C7,G4020,545,47260,NA,F,39773690,163429842,37.1283599,-76.3035337,NA
1777,51,740,01498556,51740,0500000US51740,Portsmouth,Portsmouth city,25,C7,G4020,545,47260,NA,F,86248205,34658275,36.8593388,-76.3569725,NA
691,51,145,01674225,51145,0500000US51145,Powhatan,Powhatan County,06,H1,G4020,NA,40060,NA,A,673921300,5444149,37.5494041,-77.9128553,NA
2644,51,147,01492359,51147,0500000US51147,Prince Edward,Prince Edward County,06,H1,G4020,NA,NA,NA,A,906356801,10079281,37.2248813,-78.4329574,NA
3068,51,149,01480160,51149,0500000US51149,Prince George,Prince George County,06,H1,G4020,NA,40060,NA,A,687232241,42745198,37.1873255,-77.2209931,NA
1347,51,153,01480161,51153,0500000US51153,Prince William,Prince William County,06,H1,G4020,548,47900,11694,A,868307139,30896246,38.7011187,-77.4795791,2021
2095,51,155,01501465,51155,0500000US51155,Pulaski,Pulaski County,06,H1,G4020,NA,13980,NA,A,828380598,24874335,37.0633853,-80.7134439,NA
997,51,750,01498438,51750,0500000US51750,Radford,Radford city,25,C7,G4020,NA,13980,NA,F,25061729,858277,37.1201194,-80.5591473,NA
392,51,157,01673976,51157,0500000US51157,Rappahannock,Rappahannock County,06,H1,G4020,548,47900,11694,A,689900923,2142396,38.6845215,-78.1688241,NA
670,51,760,01789073,51760,0500000US51760,Richmond,Richmond city,25,C7,G4020,NA,40060,NA,F,155205068,6849165,37.531399,-77.4760085,NA
3198,51,159,01480164,51159,0500000US51159,Richmond,Richmond County,06,H1,G4020,NA,NA,NA,A,495925427,64458631,37.9428936,-76.7305609,NA
938,51,770,01498439,51770,0500000US51770,Roanoke,Roanoke city,25,C7,G4020,NA,40220,NA,F,110129888,855753,37.278458,-79.9581739,NA
1703,51,161,01480165,51161,0500000US51161,Roanoke,Roanoke County,06,H1,G4020,NA,40220,NA,A,648917442,1754482,37.330792,-80.1912371,NA
2368,51,163,01480166,51163,0500000US51163,Rockbridge,Rockbridge County,06,H1,G4020,NA,NA,NA,A,1545053251,8821787,37.8145174,-79.4477537,NA
2978,51,165,01488970,51165,0500000US51165,Rockingham,Rockingham County,06,H1,G4020,277,25500,NA,A,2200961635,10639220,38.5076118,-78.8853291,NA
232,51,167,01497573,51167,0500000US51167,Russell,Russell County,06,H1,G4020,NA,NA,NA,A,1226421372,7558481,36.9334198,-82.0959342,NA
28,51,775,01789074,51775,0500000US51775,Salem,Salem city,25,C7,G4020,NA,40220,NA,F,37597966,275156,37.2853329,-80.0552407,NA
1359,51,169,01498172,51169,0500000US51169,Scott,Scott County,06,H1,G4020,304,28700,NA,A,1387786258,8105326,36.7127756,-82.6136238,NA
1780,51,171,01673918,51171,0500000US51171,Shenandoah,Shenandoah County,06,H1,G4020,NA,NA,NA,A,1315922187,9714047,38.856204,-78.5739867,NA
1678,51,173,01500545,51173,0500000US51173,Smyth,Smyth County,06,H1,G4020,NA,NA,NA,A,1169221995,3289166,36.8423183,-81.5397861,NA
2835,51,175,01480171,51175,0500000US51175,Southampton,Southampton County,06,H1,G4020,NA,NA,NA,A,1552048348,8090235,36.7200678,-77.1038135,NA
3022,51,177,01480172,51177,0500000US51177,Spotsylvania,Spotsylvania County,06,H1,G4020,548,47900,11694,A,1041093159,32918176,38.1824314,-77.6572264,NA
50,51,179,01480173,51179,0500000US51179,Stafford,Stafford County,06,H1,G4020,548,47900,11694,A,695402835,29922348,38.4230836,-77.4580475,2023
2227,51,790,01789075,51790,0500000US51790,Staunton,Staunton city,25,C7,G4020,277,44420,NA,F,51593818,147694,38.1579778,-79.0618761,NA
2839,51,800,01498560,51800,0500000US51800,Suffolk,Suffolk city,25,C7,G4020,545,47260,NA,F,1033837944,77026744,36.6971573,-76.6347808,NA
98,51,181,01480174,51181,0500000US51181,Surry,Surry County,06,H1,G4020,545,47260,NA,A,722475751,81216905,37.1197611,-76.8801717,NA
1618,51,183,01690257,51183,0500000US51183,Sussex,Sussex County,06,H1,G4020,NA,40060,NA,A,1269725163,6739204,36.9266454,-77.2597319,NA
2950,51,185,01497748,51185,0500000US51185,Tazewell,Tazewell County,06,H1,G4020,NA,14140,NA,A,1343663016,2920222,37.1253949,-81.5629237,NA
3193,51,810,01498559,51810,0500000US51810,Virginia Beach,Virginia Beach city,25,C7,G4020,545,47260,NA,F,633821986,654694007,36.7795254,-76.0291418,NA
2989,51,187,01674058,51187,0500000US51187,Warren,Warren County,06,H1,G4020,548,47900,11694,A,555738446,8583334,38.9082214,-78.207594,NA
1681,51,191,01498359,51191,0500000US51191,Washington,Washington County,06,H1,G4020,304,28700,NA,A,1453483675,12984238,36.7478138,-81.9503218,NA
317,51,820,01498443,51820,0500000US51820,Waynesboro,Waynesboro city,25,C7,G4020,277,44420,NA,F,38771594,364644,38.0671571,-78.9014197,NA
2310,51,193,01480179,51193,0500000US51193,Westmoreland,Westmoreland County,06,H1,G4020,NA,NA,NA,A,593954116,61106474,38.109311,-76.8039326,NA
2259,51,830,01789076,51830,0500000US51830,Williamsburg,Williamsburg city,25,C7,G4020,545,47260,NA,F,23149768,416905,37.269481,-76.7081925,NA
1566,51,840,01789077,51840,0500000US51840,Winchester,Winchester city,25,C7,G4020,548,49020,NA,F,23809501,54462,39.1738688,-78.1763562,NA
2486,51,195,01496656,51195,0500000US51195,Wise,Wise County,06,H1,G4020,NA,NA,NA,A,1044913732,5238468,36.9745607,-82.6215601,NA
1300,51,197,01501379,51197,0500000US51197,Wythe,Wythe County,06,H1,G4020,NA,NA,NA,A,1196450505,7232492,36.8998679,-81.0830095,NA
2969,51,199,01480182,51199,0500000US51199,York,York County,06,H1,G4020,545,47260,NA,A,271175182,285635878,37.2209139,-76.395533,NA
1188,54,001,01696996,54001,0500000US54001,Barbour,Barbour County,06,H1,G4020,NA,NA,NA,A,883338376,4639586,39.1397248,-79.9969466,NA
2278,54,003,01550008,54003,0500000US54003,Berkeley,Berkeley County,06,H1,G4020,548,25180,NA,A,831770872,1057615,39.4479382,-78.0377535,NA
330,54,005,01550009,54005,0500000US54005,Boone,Boone County,06,H1,G4020,170,16620,NA,A,1301131776,4307457,38.0228143,-81.7135382,NA
1657,54,007,01550010,54007,0500000US54007,Braxton,Braxton County,06,H1,G4020,NA,NA,NA,A,1322796522,14344826,38.6993304,-80.7316597,NA
2806,54,009,01558262,54009,0500000US54009,Brooke,Brooke County,06,H1,G4020,430,48260,NA,A,231015797,8732461,40.2726454,-80.578691,NA
512,54,011,01550012,54011,0500000US54011,Cabell,Cabell County,06,H1,G4020,170,26580,NA,A,727849919,18110076,38.4195778,-82.2433966,NA
2807,54,013,01696945,54013,0500000US54013,Calhoun,Calhoun County,06,H1,G4020,NA,NA,NA,A,723286841,3670131,38.8441591,-81.1154775,NA
1249,54,015,01550014,54015,0500000US54015,Clay,Clay County,06,H1,G4020,170,16620,NA,A,885617417,4862288,38.4598259,-81.0818663,NA
1925,54,017,01689476,54017,0500000US54017,Doddridge,Doddridge County,06,H1,G4020,242,17220,NA,A,828078406,1950541,39.2643068,-80.7114979,NA
1292,54,019,01560095,54019,0500000US54019,Fayette,Fayette County,06,H1,G4020,NA,13220,NA,A,1714459787,17468298,38.0309659,-81.0860886,NA
2750,54,021,01689673,54021,0500000US54021,Gilmer,Gilmer County,06,H1,G4020,NA,NA,NA,A,876717620,4082112,38.9158671,-80.8494132,NA
1779,54,023,01697238,54023,0500000US54023,Grant,Grant County,06,H1,G4020,NA,NA,NA,A,1236387826,7546060,39.1059882,-79.195064,NA
2115,54,025,01557518,54025,0500000US54025,Greenbrier,Greenbrier County,06,H1,G4020,NA,NA,NA,A,2641319251,12136551,37.9244177,-80.4505897,NA
1060,54,027,01718644,54027,0500000US54027,Hampshire,Hampshire County,06,H1,G4020,548,49020,NA,A,1658634382,10902108,39.3121395,-78.6119886,NA
821,54,029,01560574,54029,0500000US54029,Hancock,Hancock County,06,H1,G4020,430,48260,NA,A,213958964,13877476,40.5169584,-80.5701643,NA
970,54,031,01718557,54031,0500000US54031,Hardy,Hardy County,06,H1,G4020,NA,NA,NA,A,1508190150,5624064,39.0113612,-78.8417292,NA
1135,54,033,01718426,54033,0500000US54033,Harrison,Harrison County,06,H1,G4020,242,17220,NA,A,1077461980,1313215,39.279182,-80.3864982,NA
653,54,035,01559963,54035,0500000US54035,Jackson,Jackson County,06,H1,G4020,NA,NA,NA,A,1202686618,18827431,38.8342339,-81.6777168,NA
1346,54,037,01550025,54037,0500000US54037,Jefferson,Jefferson County,06,H1,G4020,548,47900,11694,A,542072979,6150171,39.3073985,-77.86322,2024
3054,54,039,01550026,54039,0500000US54039,Kanawha,Kanawha County,06,H1,G4020,170,16620,NA,A,2335487423,24053745,38.3280675,-81.5235156,NA
3101,54,041,01550027,54041,0500000US54041,Lewis,Lewis County,06,H1,G4020,NA,NA,NA,A,1002144341,7035789,38.9888773,-80.4954773,NA
2810,54,043,01550028,54043,0500000US54043,Lincoln,Lincoln County,06,H1,G4020,NA,NA,NA,A,1132065762,4053564,38.1717696,-82.0776231,NA
1289,54,045,01550029,54045,0500000US54045,Logan,Logan County,06,H1,G4020,NA,NA,NA,A,1173016680,4686506,37.8305905,-81.940853,NA
2174,54,049,01718173,54049,0500000US54049,Marion,Marion County,06,H1,G4020,242,21900,NA,A,799749350,7079303,39.5058387,-80.2434018,NA
652,54,051,01717539,54051,0500000US54051,Marshall,Marshall County,06,H1,G4020,NA,48540,NA,A,791061884,17425191,39.8544259,-80.6717944,NA
2749,54,053,01560254,54053,0500000US54053,Mason,Mason County,06,H1,G4020,NA,NA,NA,A,1115683500,36124377,38.770914,-82.0290067,NA
1134,54,047,01689162,54047,0500000US54047,McDowell,McDowell County,06,H1,G4020,NA,NA,NA,A,1381648581,3731537,37.3827604,-81.658204,NA
1349,54,055,01557645,54055,0500000US54055,Mercer,Mercer County,06,H1,G4020,NA,14140,NA,A,1085106063,4442450,37.4034477,-81.106456,NA
774,54,057,01717890,54057,0500000US54057,Mineral,Mineral County,06,H1,G4020,NA,19060,NA,A,849209714,3466312,39.4047806,-78.9566899,NA
3160,54,059,01550036,54059,0500000US54059,Mingo,Mingo County,06,H1,G4020,NA,NA,NA,A,1095856538,2177833,37.7211608,-82.1589891,NA
664,54,061,01550037,54061,0500000US54061,Monongalia,Monongalia County,06,H1,G4020,NA,34060,NA,A,932637133,14987287,39.6336448,-80.0590736,NA
1870,54,063,01557702,54063,0500000US54063,Monroe,Monroe County,06,H1,G4020,NA,NA,NA,A,1224426771,2297599,37.5540622,-80.5503295,NA
2977,54,065,01557950,54065,0500000US54065,Morgan,Morgan County,06,H1,G4020,548,25180,NA,A,593295507,1401571,39.5573454,-78.2565175,NA
2730,54,067,01550040,54067,0500000US54067,Nicholas,Nicholas County,06,H1,G4020,NA,NA,NA,A,1675312255,19375252,38.2914318,-80.7975148,NA
2976,54,069,01717163,54069,0500000US54069,Ohio,Ohio County,06,H1,G4020,NA,48540,NA,A,274099990,8261185,40.100323,-80.6199004,NA
2263,54,071,01550042,54071,0500000US54071,Pendleton,Pendleton County,06,H1,G4020,NA,NA,NA,A,1802760302,5428393,38.6744501,-79.3406175,NA
1290,54,073,01678557,54073,0500000US54073,Pleasants,Pleasants County,06,H1,G4020,NA,NA,NA,A,337007571,11468023,39.3681331,-81.1611724,NA
38,54,075,01550044,54075,0500000US54075,Pocahontas,Pocahontas County,06,H1,G4020,NA,NA,NA,A,2435206744,4094092,38.332606,-80.0101207,NA
889,54,077,01558642,54077,0500000US54077,Preston,Preston County,06,H1,G4020,NA,34060,NA,A,1680420301,6668159,39.4690296,-79.6688649,NA
110,54,079,01550046,54079,0500000US54079,Putnam,Putnam County,06,H1,G4020,170,26580,NA,A,895299121,12230139,38.5105179,-81.906109,NA
2550,54,081,01550047,54081,0500000US54081,Raleigh,Raleigh County,06,H1,G4020,NA,13220,NA,A,1566859293,10394912,37.7624694,-81.2646719,NA
2173,54,083,01550048,54083,0500000US54083,Randolph,Randolph County,06,H1,G4020,NA,21180,NA,A,2692810852,667359,38.7810953,-79.8677881,NA
2129,54,085,01689049,54085,0500000US54085,Ritchie,Ritchie County,06,H1,G4020,NA,NA,NA,A,1170648850,4424612,39.1771118,-81.0663167,NA
1728,54,087,01550050,54087,0500000US54087,Roane,Roane County,06,H1,G4020,NA,NA,NA,A,1252422375,404682,38.7429497,-81.3544939,NA
2266,54,089,01557805,54089,0500000US54089,Summers,Summers County,06,H1,G4020,NA,NA,NA,A,933918959,18481563,37.6559986,-80.856325,NA
2541,54,091,01689856,54091,0500000US54091,Taylor,Taylor County,06,H1,G4020,242,17220,NA,A,447475054,7532835,39.3324778,-80.0465539,NA
1202,54,093,01689423,54093,0500000US54093,Tucker,Tucker County,06,H1,G4020,NA,NA,NA,A,1085313664,5310175,39.1111751,-79.5599678,NA
1928,54,095,01678706,54095,0500000US54095,Tyler,Tyler County,06,H1,G4020,NA,NA,NA,A,663818560,11382160,39.465634,-80.8772193,NA
2357,54,097,01696800,54097,0500000US54097,Upshur,Upshur County,06,H1,G4020,NA,NA,NA,A,918506904,302703,38.9025302,-80.2316057,NA
3235,54,099,01550056,54099,0500000US54099,Wayne,Wayne County,06,H1,G4020,170,26580,NA,A,1310547890,15816947,38.1436416,-82.4226659,NA
1026,54,101,01550057,54101,0500000US54101,Webster,Webster County,06,H1,G4020,NA,NA,NA,A,1433479488,7146543,38.483459,-80.4490515,NA
170,54,103,01717836,54103,0500000US54103,Wetzel,Wetzel County,06,H1,G4020,NA,NA,NA,A,927389119,8449879,39.59818,-80.6353994,NA
1926,54,105,01678877,54105,0500000US54105,Wirt,Wirt County,06,H1,G4020,425,37620,NA,A,602201076,5839709,39.0200337,-81.3829749,NA
1019,54,107,01560558,54107,0500000US54107,Wood,Wood County,06,H1,G4020,425,37620,NA,A,949229777,26590767,39.2116023,-81.516234,NA
1634,54,109,01550061,54109,0500000US54109,Wyoming,Wyoming County,06,H1,G4020,NA,NA,NA,A,1293620951,6083278,37.6036601,-81.5490317,NA
1393,09,110,02830244,09110,0500000US09110,Capitol,Capitol Planning Region,PL,H5,G4020,405,25540,NA,N,2660835177,48773550,41.81697,-72.5758861,2021
1394,09,120,02830245,09120,0500000US09120,Greater Bridgeport,Greater Bridgeport Planning Region,PL,H5,G4020,408,14860,NA,N,363067866,253764138,41.1845583,-73.2094009,2019
1395,09,130,02830246,09130,0500000US09130,Lower Connecticut River Valley,Lower Connecticut River Valley Planning Region,PL,H5,G4020,405,25540,NA,N,1098459139,241084217,41.4203071,-72.4935251,2020
1396,09,140,02830249,09140,0500000US09140,Naugatuck Valley,Naugatuck Valley Planning Region,PL,H5,G4020,405,47930,NA,N,1069106360,22747873,41.5189311,-73.0879059,2021
1397,09,150,02830250,09150,0500000US09150,Northeastern Connecticut,Northeastern Connecticut Planning Region,PL,H5,G4020,405,39480,NA,N,1434581261,23987846,41.8423749,-71.972655,2020
1398,09,160,02830251,09160,0500000US09160,Northwest Hills,Northwest Hills Planning Region,PL,H5,G4020,405,45860,NA,N,2037392868,55597912,41.8548092,-73.2214944,2020
1399,09,170,02830252,09170,0500000US09170,South Central Connecticut,South Central Connecticut Planning Region,PL,H5,G4020,405,35300,NA,N,951177351,653525530,41.2901671,-72.8370243,2020
1400,09,180,02830253,09180,0500000US09180,Southeastern Connecticut,Southeastern Connecticut Planning Region,PL,H5,G4020,405,35980,NA,N,1549172294,216453476,41.4847688,-72.1016655,2020
1401,09,190,02830254,09190,0500000US09190,Western Connecticut,Western Connecticut Planning Region,PL,H5,G4020,408,14860,NA,N,1378207191,300180641,41.2790553,-73.4465497,2019
