,Tree,Direction,Species,Cover.Class
1,121,N,Buckthorn,1
2,121,N,Rose,0
3,121,N,Privet,0
4,121,N,Lonicera,0
5,121,S,Buckthorn,1
6,121,S,Rose,0
7,121,S,Privet,0
8,121,S,Lonicera,0
9,124,N,Buckthorn,1
10,124,N,Rose,1
11,124,N,Privet,0
12,124,N,Lonicera,0
13,124,S,Buckthorn,1
14,124,S,Rose,2
15,124,S,Privet,1
16,124,S,Lonicera,0
17,119,N,Buckthorn,1
18,119,N,Rose,2
19,119,N,Privet,0
20,119,N,Lonicera,2
21,119,S,Buckthorn,1
22,119,S,Rose,1
23,119,S,Privet,0
24,119,S,Lonicera,0
25,115,N,Buckthorn,1
26,115,N,Rose,0
27,115,N,Privet,0
28,115,N,Lonicera,0
29,115,S,Buckthorn,1
30,115,S,Rose,0
31,115,S,Privet,0
32,115,S,Lonicera,0
33,114,N,Buckthorn,1
34,114,N,Rose,1
35,114,N,Privet,0
36,114,N,Lonicera,0
37,114,S,Buckthorn,1
38,114,S,Rose,2
39,114,S,Privet,0
40,114,S,Lonicera,1
41,104,N,Buckthorn,1
42,104,N,Rose,3
43,104,N,Privet,0
44,104,N,Lonicera,1
45,104,S,Buckthorn,1
46,104,S,Rose,3
47,104,S,Privet,1
48,104,S,Lonicera,0
49,110,N,Buckthorn,1
50,110,N,Rose,4
51,110,N,Privet,2
52,110,N,Lonicera,0
53,110,S,Buckthorn,0
54,110,S,Rose,3
55,110,S,Privet,0
56,110,S,Lonicera,0
57,96,N,Buckthorn,1
58,96,N,Rose,4
59,96,N,Privet,1
60,96,N,Lonicera,0
61,96,S,Buckthorn,1
62,96,S,Rose,4
63,96,S,Privet,0
64,96,S,Lonicera,0
65,95,N,Buckthorn,2
66,95,N,Rose,2
67,95,N,Privet,0
68,95,N,Lonicera,2
69,95,S,Buckthorn,2
70,95,S,Rose,4
71,95,S,Privet,0
72,95,S,Lonicera,0
73,94,N,Buckthorn,1
74,94,N,Rose,4
75,94,N,Privet,0
76,94,N,Lonicera,0
77,94,S,Buckthorn,1
78,94,S,Rose,4
79,94,S,Privet,0
80,94,S,Lonicera,0
81,113,N,Buckthorn,1
82,113,N,Rose,2
83,113,N,Privet,0
84,113,N,Lonicera,1
85,113,S,Buckthorn,2
86,113,S,Rose,3
87,113,S,Privet,0
88,113,S,Lonicera,0
89,116,N,Buckthorn,0
90,116,N,Rose,5
91,116,N,Privet,0
92,116,N,Lonicera,0
93,116,S,Buckthorn,1
94,116,S,Rose,2
95,116,S,Privet,0
96,116,S,Lonicera,0
97,79,N,Buckthorn,1
98,79,N,Rose,2
99,79,N,Privet,0
100,79,N,Lonicera,0
101,79,S,Buckthorn,1
102,79,S,Rose,3
103,79,S,Privet,0
104,79,S,Lonicera,0
105,76,N,Buckthorn,1
106,76,N,Rose,2
107,76,N,Privet,0
108,76,N,Lonicera,0
109,76,S,Buckthorn,1
110,76,S,Rose,3
111,76,S,Privet,0
112,76,S,Lonicera,0
113,85,N,Buckthorn,2
114,85,N,Rose,1
115,85,N,Privet,0
116,85,N,Lonicera,1
117,85,S,Buckthorn,2
118,85,S,Rose,3
119,85,S,Privet,0
120,85,S,Lonicera,0
121,84,N,Buckthorn,1
122,84,N,Rose,2
123,84,N,Privet,0
124,84,N,Lonicera,0
125,84,S,Buckthorn,2
126,84,S,Rose,0
127,84,S,Privet,0
128,84,S,Lonicera,1
129,83,N,Buckthorn,1
130,83,N,Rose,0
131,83,N,Privet,0
132,83,N,Lonicera,0
133,83,S,Buckthorn,1
134,83,S,Rose,0
135,83,S,Privet,0
136,83,S,Lonicera,0
137,82,N,Buckthorn,1
138,82,N,Rose,0
139,82,N,Privet,0
140,82,N,Lonicera,0
141,82,S,Buckthorn,1
142,82,S,Rose,0
143,82,S,Privet,0
144,82,S,Lonicera,0
145,81,N,Buckthorn,1
146,81,N,Rose,0
147,81,N,Privet,0
148,81,N,Lonicera,0
149,81,S,Buckthorn,0
150,81,S,Rose,0
151,81,S,Privet,0
152,81,S,Lonicera,0
153,86,N,Buckthorn,0
154,86,N,Rose,0
155,86,N,Privet,0
156,86,N,Lonicera,0
157,86,S,Buckthorn,1
158,86,S,Rose,0
159,86,S,Privet,0
160,86,S,Lonicera,0
161,99,N,Buckthorn,2
162,99,N,Rose,2
163,99,N,Privet,0
164,99,N,Lonicera,0
165,99,S,Buckthorn,2
166,99,S,Rose,2
167,99,S,Privet,0
168,99,S,Lonicera,0
169,97,N,Buckthorn,2
170,97,N,Rose,2
171,97,N,Privet,0
172,97,N,Lonicera,0
173,97,S,Buckthorn,2
174,97,S,Rose,2
175,97,S,Privet,0
176,97,S,Lonicera,0
177,87,N,Buckthorn,1
178,87,N,Rose,0
179,87,N,Privet,0
180,87,N,Lonicera,0
181,87,S,Buckthorn,1
182,87,S,Rose,0
183,87,S,Privet,0
184,87,S,Lonicera,0
185,93,N,Buckthorn,2
186,93,N,Rose,2
187,93,N,Privet,0
188,93,N,Lonicera,0
189,93,S,Buckthorn,2
190,93,S,Rose,3
191,93,S,Privet,0
192,93,S,Lonicera,0
193,88,N,Buckthorn,2
194,88,N,Rose,5
195,88,N,Privet,0
196,88,N,Lonicera,0
197,88,S,Buckthorn,2
198,88,S,Rose,4
199,88,S,Privet,0
200,88,S,Lonicera,0
201,91,N,Buckthorn,1
202,91,N,Rose,0
203,91,N,Privet,0
204,91,N,Lonicera,0
205,91,S,Buckthorn,1
206,91,S,Rose,1
207,91,S,Privet,0
208,91,S,Lonicera,0
209,92,N,Buckthorn,2
210,92,N,Rose,3
211,92,N,Privet,0
212,92,N,Lonicera,0
213,92,S,Buckthorn,2
214,92,S,Rose,2
215,92,S,Privet,0
216,92,S,Lonicera,0
217,135,N,Buckthorn,0
218,135,N,Rose,0
219,135,N,Privet,0
220,135,N,Lonicera,0
221,135,S,Buckthorn,1
222,135,S,Rose,0
223,135,S,Privet,0
224,135,S,Lonicera,0
225,109,N,Buckthorn,2
226,109,N,Rose,3
227,109,N,Privet,2
228,109,N,Lonicera,1
229,109,S,Buckthorn,1
230,109,S,Rose,4
231,109,S,Privet,0
232,109,S,Lonicera,1
233,117,N,Buckthorn,1
234,117,N,Rose,3
235,117,N,Privet,1
236,117,N,Lonicera,1
237,117,S,Buckthorn,1
238,117,S,Rose,2
239,117,S,Privet,1
240,117,S,Lonicera,1
241,133,N,Buckthorn,1
242,133,N,Rose,4
243,133,N,Privet,0
244,133,N,Lonicera,1
245,133,S,Buckthorn,0
246,133,S,Rose,3
247,133,S,Privet,0
248,133,S,Lonicera,1
249,105,N,Buckthorn,1
250,105,N,Rose,4
251,105,N,Privet,1
252,105,N,Lonicera,1
253,105,S,Buckthorn,1
254,105,S,Rose,5
255,105,S,Privet,0
256,105,S,Lonicera,1
257,107,N,Buckthorn,2
258,107,N,Rose,4
259,107,N,Privet,0
260,107,N,Lonicera,1
261,107,S,Buckthorn,1
262,107,S,Rose,3
263,107,S,Privet,0
264,107,S,Lonicera,1
265,106,N,Buckthorn,2
266,106,N,Rose,4
267,106,N,Privet,0
268,106,N,Lonicera,0
269,106,S,Buckthorn,2
270,106,S,Rose,5
271,106,S,Privet,0
272,106,S,Lonicera,2
273,102,N,Buckthorn,1
274,102,N,Rose,4
275,102,N,Privet,0
276,102,N,Lonicera,0
277,102,S,Buckthorn,1
278,102,S,Rose,3
279,102,S,Privet,0
280,102,S,Lonicera,2
281,143,N,Buckthorn,1
282,143,N,Rose,2
283,143,N,Privet,0
284,143,N,Lonicera,2
285,143,S,Buckthorn,1
286,143,S,Rose,3
287,143,S,Privet,0
288,143,S,Lonicera,0
289,122,N,Buckthorn,1
290,122,N,Rose,1
291,122,N,Privet,0
292,122,N,Lonicera,1
293,122,S,Buckthorn,1
294,122,S,Rose,0
295,122,S,Privet,1
296,122,S,Lonicera,0
297,165,N,Buckthorn,1
298,165,N,Rose,3
299,165,N,Privet,0
300,165,N,Lonicera,0
301,165,S,Buckthorn,1
302,165,S,Rose,4
303,165,S,Privet,1
304,165,S,Lonicera,1
305,103,N,Buckthorn,1
306,103,N,Rose,2
307,103,N,Privet,0
308,103,N,Lonicera,0
309,103,S,Buckthorn,1
310,103,S,Rose,2
311,103,S,Privet,0
312,103,S,Lonicera,0
313,112,N,Buckthorn,1
314,112,N,Rose,4
315,112,N,Privet,0
316,112,N,Lonicera,0
317,112,S,Buckthorn,1
318,112,S,Rose,3
319,112,S,Privet,0
320,112,S,Lonicera,1
321,142,N,Buckthorn,1
322,142,N,Rose,0
323,142,N,Privet,0
324,142,N,Lonicera,0
325,142,S,Buckthorn,1
326,142,S,Rose,0
327,142,S,Privet,0
328,142,S,Lonicera,0
329,125,N,Buckthorn,1
330,125,N,Rose,4
331,125,N,Privet,0
332,125,N,Lonicera,1
333,125,S,Buckthorn,1
334,125,S,Rose,2
335,125,S,Privet,0
336,125,S,Lonicera,1
337,44,N,Buckthorn,1
338,44,N,Rose,0
339,44,N,Privet,0
340,44,N,Lonicera,1
341,44,S,Buckthorn,0
342,44,S,Rose,1
343,44,S,Privet,0
344,44,S,Lonicera,0
345,54,N,Buckthorn,1
346,54,N,Rose,0
347,54,N,Privet,0
348,54,N,Lonicera,0
349,54,S,Buckthorn,0
350,54,S,Rose,1
351,54,S,Privet,0
352,54,S,Lonicera,0
353,151,N,Buckthorn,0
354,151,N,Rose,1
355,151,N,Privet,0
356,151,N,Lonicera,0
357,151,S,Buckthorn,0
358,151,S,Rose,1
359,151,S,Privet,0
360,151,S,Lonicera,0
361,40,N,Buckthorn,0
362,40,N,Rose,0
363,40,N,Privet,0
364,40,N,Lonicera,0
365,40,S,Buckthorn,1
366,40,S,Rose,1
367,40,S,Privet,0
368,40,S,Lonicera,0
369,46,N,Buckthorn,1
370,46,N,Rose,1
371,46,N,Privet,0
372,46,N,Lonicera,0
373,46,S,Buckthorn,2
374,46,S,Rose,0
375,46,S,Privet,0
376,46,S,Lonicera,0
377,53,N,Buckthorn,1
378,53,N,Rose,3
379,53,N,Privet,0
380,53,N,Lonicera,0
381,53,S,Buckthorn,1
382,53,S,Rose,3
383,53,S,Privet,0
384,53,S,Lonicera,0
385,52,N,Buckthorn,1
386,52,N,Rose,1
387,52,N,Privet,0
388,52,N,Lonicera,0
389,52,S,Buckthorn,1
390,52,S,Rose,3
391,52,S,Privet,0
392,52,S,Lonicera,0
393,149,N,Buckthorn,1
394,149,N,Rose,4
395,149,N,Privet,0
396,149,N,Lonicera,1
397,149,S,Buckthorn,1
398,149,S,Rose,4
399,149,S,Privet,0
400,149,S,Lonicera,0
401,930,N,Buckthorn,0
402,930,N,Rose,2
403,930,N,Privet,0
404,930,N,Lonicera,1
405,930,S,Buckthorn,1
406,930,S,Rose,2
407,930,S,Privet,0
408,930,S,Lonicera,1
409,63,N,Buckthorn,2
410,63,N,Rose,1
411,63,N,Privet,0
412,63,N,Lonicera,1
413,63,S,Buckthorn,2
414,63,S,Rose,1
415,63,S,Privet,0
416,63,S,Lonicera,0
417,64,N,Buckthorn,2
418,64,N,Rose,1
419,64,N,Privet,0
420,64,N,Lonicera,0
421,64,S,Buckthorn,1
422,64,S,Rose,1
423,64,S,Privet,0
424,64,S,Lonicera,0
425,74,N,Buckthorn,-
426,74,N,Rose,-
427,74,N,Privet,-
428,74,N,Lonicera,-
429,74,S,Buckthorn,-
430,74,S,Rose,-
431,74,S,Privet,-
432,74,S,Lonicera,-
433,70,N,Buckthorn,2
434,70,N,Rose,2
435,70,N,Privet,0
436,70,N,Lonicera,0
437,70,S,Buckthorn,2
438,70,S,Rose,1
439,70,S,Privet,0
440,70,S,Lonicera,0
441,146,N,Buckthorn,2
442,146,N,Rose,3
443,146,N,Privet,0
444,146,N,Lonicera,2
445,146,S,Buckthorn,1
446,146,S,Rose,4
447,146,S,Privet,0
448,146,S,Lonicera,2
449,152,N,Buckthorn,2
450,152,N,Rose,1
451,152,N,Privet,1
452,152,N,Lonicera,0
453,152,S,Buckthorn,1
454,152,S,Rose,1
455,152,S,Privet,0
456,152,S,Lonicera,0
457,69,N,Buckthorn,2
458,69,N,Rose,1
459,69,N,Privet,0
460,69,N,Lonicera,0
461,69,S,Buckthorn,1
462,69,S,Rose,1
463,69,S,Privet,0
464,69,S,Lonicera,0
465,59,N,Buckthorn,2
466,59,N,Rose,1
467,59,N,Privet,0
468,59,N,Lonicera,0
469,59,S,Buckthorn,2
470,59,S,Rose,0
471,59,S,Privet,0
472,59,S,Lonicera,1
473,57,N,Buckthorn,2
474,57,N,Rose,1
475,57,N,Privet,0
476,57,N,Lonicera,1
477,57,S,Buckthorn,1
478,57,S,Rose,3
479,57,S,Privet,0
480,57,S,Lonicera,1
481,62,N,Buckthorn,2
482,62,N,Rose,1
483,62,N,Privet,0
484,62,N,Lonicera,0
485,62,S,Buckthorn,1
486,62,S,Rose,3
487,62,S,Privet,0
488,62,S,Lonicera,0
489,43,N,Buckthorn,0
490,43,N,Rose,0
491,43,N,Privet,2
492,43,N,Lonicera,1
493,43,S,Buckthorn,0
494,43,S,Rose,0
495,43,S,Privet,0
496,43,S,Lonicera,0
497,37,N,Buckthorn,0
498,37,N,Rose,0
499,37,N,Privet,1
500,37,N,Lonicera,0
501,37,S,Buckthorn,1
502,37,S,Rose,0
503,37,S,Privet,0
504,37,S,Lonicera,2
505,36,N,Buckthorn,1
506,36,N,Rose,0
507,36,N,Privet,0
508,36,N,Lonicera,0
509,36,S,Buckthorn,1
510,36,S,Rose,1
511,36,S,Privet,0
512,36,S,Lonicera,0
513,38,N,Buckthorn,1
514,38,N,Rose,0
515,38,N,Privet,0
516,38,N,Lonicera,0
517,38,S,Buckthorn,0
518,38,S,Rose,1
519,38,S,Privet,0
520,38,S,Lonicera,0
521,39,N,Buckthorn,1
522,39,N,Rose,2
523,39,N,Privet,0
524,39,N,Lonicera,0
525,39,S,Buckthorn,0
526,39,S,Rose,1
527,39,S,Privet,0
528,39,S,Lonicera,0
529,58,N,Buckthorn,2
530,58,N,Rose,2
531,58,N,Privet,0
532,58,N,Lonicera,0
533,58,S,Buckthorn,3
534,58,S,Rose,1
535,58,S,Privet,1
536,58,S,Lonicera,0
537,60,N,Buckthorn,1
538,60,N,Rose,1
539,60,N,Privet,0
540,60,N,Lonicera,1
541,60,S,Buckthorn,2
542,60,S,Rose,1
543,60,S,Privet,0
544,60,S,Lonicera,1
545,65,N,Buckthorn,2
546,65,N,Rose,1
547,65,N,Privet,0
548,65,N,Lonicera,0
549,65,S,Buckthorn,2
550,65,S,Rose,0
551,65,S,Privet,0
552,65,S,Lonicera,0
553,61,N,Buckthorn,2
554,61,N,Rose,1
555,61,N,Privet,1
556,61,N,Lonicera,0
557,61,S,Buckthorn,2
558,61,S,Rose,3
559,61,S,Privet,0
560,61,S,Lonicera,0
561,67,N,Buckthorn,1
562,67,N,Rose,2
563,67,N,Privet,0
564,67,N,Lonicera,0
565,67,S,Buckthorn,1
566,67,S,Rose,3
567,67,S,Privet,0
568,67,S,Lonicera,0
569,66,N,Buckthorn,2
570,66,N,Rose,2
571,66,N,Privet,0
572,66,N,Lonicera,0
573,66,S,Buckthorn,2
574,66,S,Rose,1
575,66,S,Privet,0
576,66,S,Lonicera,1
577,68,N,Buckthorn,1
578,68,N,Rose,1
579,68,N,Privet,0
580,68,N,Lonicera,0
581,68,S,Buckthorn,1
582,68,S,Rose,0
583,68,S,Privet,0
584,68,S,Lonicera,0
585,77,N,Buckthorn,0
586,77,N,Rose,1
587,77,N,Privet,0
588,77,N,Lonicera,0
589,77,S,Buckthorn,1
590,77,S,Rose,1
591,77,S,Privet,0
592,77,S,Lonicera,0
593,72,N,Buckthorn,1
594,72,N,Rose,1
595,72,N,Privet,0
596,72,N,Lonicera,1
597,72,S,Buckthorn,1
598,72,S,Rose,1
599,72,S,Privet,0
600,72,S,Lonicera,1
601,75,N,Buckthorn,1
602,75,N,Rose,2
603,75,N,Privet,0
604,75,N,Lonicera,1
605,75,S,Buckthorn,1
606,75,S,Rose,2
607,75,S,Privet,0
608,75,S,Lonicera,1
609,22,N,Buckthorn,1
610,22,N,Rose,2
611,22,N,Privet,0
612,22,N,Lonicera,1
613,22,S,Buckthorn,1
614,22,S,Rose,2
615,22,S,Privet,0
616,22,S,Lonicera,0
617,26,N,Buckthorn,1
618,26,N,Rose,1
619,26,N,Privet,0
620,26,N,Lonicera,1
621,26,S,Buckthorn,1
622,26,S,Rose,1
623,26,S,Privet,0
624,26,S,Lonicera,0
625,31,N,Buckthorn,1
626,31,N,Rose,2
627,31,N,Privet,0
628,31,N,Lonicera,0
629,31,S,Buckthorn,1
630,31,S,Rose,2
631,31,S,Privet,0
632,31,S,Lonicera,0
633,24,N,Buckthorn,0
634,24,N,Rose,1
635,24,N,Privet,1
636,24,N,Lonicera,0
637,24,S,Buckthorn,0
638,24,S,Rose,1
639,24,S,Privet,0
640,24,S,Lonicera,0
641,49,N,Buckthorn,0
642,49,N,Rose,0
643,49,N,Privet,0
644,49,N,Lonicera,0
645,49,S,Buckthorn,0
646,49,S,Rose,1
647,49,S,Privet,0
648,49,S,Lonicera,0
649,48,N,Buckthorn,0
650,48,N,Rose,1
651,48,N,Privet,0
652,48,N,Lonicera,0
653,48,S,Buckthorn,1
654,48,S,Rose,1
655,48,S,Privet,0
656,48,S,Lonicera,0
657,47,N,Buckthorn,1
658,47,N,Rose,2
659,47,N,Privet,0
660,47,N,Lonicera,0
661,47,S,Buckthorn,1
662,47,S,Rose,2
663,47,S,Privet,0
664,47,S,Lonicera,0
665,28,N,Buckthorn,1
666,28,N,Rose,1
667,28,N,Privet,0
668,28,N,Lonicera,0
669,28,S,Buckthorn,1
670,28,S,Rose,1
671,28,S,Privet,0
672,28,S,Lonicera,0
673,51,N,Buckthorn,1
674,51,N,Rose,1
675,51,N,Privet,0
676,51,N,Lonicera,0
677,51,S,Buckthorn,1
678,51,S,Rose,1
679,51,S,Privet,0
680,51,S,Lonicera,1
681,34,N,Buckthorn,0
682,34,N,Rose,1
683,34,N,Privet,1
684,34,N,Lonicera,1
685,34,S,Buckthorn,1
686,34,S,Rose,2
687,34,S,Privet,0
688,34,S,Lonicera,0
689,45,N,Buckthorn,1
690,45,N,Rose,2
691,45,N,Privet,0
692,45,N,Lonicera,0
693,45,S,Buckthorn,1
694,45,S,Rose,2
695,45,S,Privet,0
696,45,S,Lonicera,0
697,42,N,Buckthorn,0
698,42,N,Rose,2
699,42,N,Privet,0
700,42,N,Lonicera,0
701,42,S,Buckthorn,1
702,42,S,Rose,2
703,42,S,Privet,0
704,42,S,Lonicera,0
705,41,N,Buckthorn,1
706,41,N,Rose,2
707,41,N,Privet,0
708,41,N,Lonicera,1
709,41,S,Buckthorn,1
710,41,S,Rose,2
711,41,S,Privet,0
712,41,S,Lonicera,1
713,32,N,Buckthorn,1
714,32,N,Rose,1
715,32,N,Privet,0
716,32,N,Lonicera,0
717,32,S,Buckthorn,2
718,32,S,Rose,1
719,32,S,Privet,0
720,32,S,Lonicera,0
721,29,N,Buckthorn,1
722,29,N,Rose,1
723,29,N,Privet,0
724,29,N,Lonicera,1
725,29,S,Buckthorn,1
726,29,S,Rose,2
727,29,S,Privet,0
728,29,S,Lonicera,0
729,33,N,Buckthorn,0
730,33,N,Rose,2
731,33,N,Privet,0
732,33,N,Lonicera,0
733,33,S,Buckthorn,0
734,33,S,Rose,1
735,33,S,Privet,0
736,33,S,Lonicera,0
737,30,N,Buckthorn,1
738,30,N,Rose,1
739,30,N,Privet,1
740,30,N,Lonicera,0
741,30,S,Buckthorn,0
742,30,S,Rose,2
743,30,S,Privet,0
744,30,S,Lonicera,0
745,1,N,Buckthorn,0
746,1,N,Rose,0
747,1,N,Privet,1
748,1,N,Lonicera,0
749,1,S,Buckthorn,1
750,1,S,Rose,1
751,1,S,Privet,0
752,1,S,Lonicera,0
753,23,N,Buckthorn,3
754,23,N,Rose,2
755,23,N,Privet,0
756,23,N,Lonicera,0
757,23,S,Buckthorn,2
758,23,S,Rose,3
759,23,S,Privet,0
760,23,S,Lonicera,0
761,166,N,Buckthorn,1
762,166,N,Rose,1
763,166,N,Privet,0
764,166,N,Lonicera,0
765,166,S,Buckthorn,1
766,166,S,Rose,5
767,166,S,Privet,0
768,166,S,Lonicera,0
769,11,N,Buckthorn,1
770,11,N,Rose,0
771,11,N,Privet,0
772,11,N,Lonicera,0
773,11,S,Buckthorn,1
774,11,S,Rose,0
775,11,S,Privet,0
776,11,S,Lonicera,0
777,2,N,Buckthorn,1
778,2,N,Rose,2
779,2,N,Privet,0
780,2,N,Lonicera,0
781,2,S,Buckthorn,1
782,2,S,Rose,1
783,2,S,Privet,0
784,2,S,Lonicera,0
785,17,N,Buckthorn,2
786,17,N,Rose,4
787,17,N,Privet,0
788,17,N,Lonicera,0
789,17,S,Buckthorn,1
790,17,S,Rose,3
791,17,S,Privet,0
792,17,S,Lonicera,0
793,12,N,Buckthorn,1
794,12,N,Rose,2
795,12,N,Privet,0
796,12,N,Lonicera,1
797,12,S,Buckthorn,1
798,12,S,Rose,1
799,12,S,Privet,1
800,12,S,Lonicera,0
801,3,N,Buckthorn,1
802,3,N,Rose,0
803,3,N,Privet,0
804,3,N,Lonicera,0
805,3,S,Buckthorn,1
806,3,S,Rose,1
807,3,S,Privet,0
808,3,S,Lonicera,0
809,21,N,Buckthorn,1
810,21,N,Rose,0
811,21,N,Privet,0
812,21,N,Lonicera,0
813,21,S,Buckthorn,1
814,21,S,Rose,1
815,21,S,Privet,0
816,21,S,Lonicera,0
817,16,N,Buckthorn,1
818,16,N,Rose,0
819,16,N,Privet,0
820,16,N,Lonicera,0
821,16,S,Buckthorn,1
822,16,S,Rose,0
823,16,S,Privet,0
824,16,S,Lonicera,0
825,167,N,Buckthorn,1
826,167,N,Rose,0
827,167,N,Privet,0
828,167,N,Lonicera,0
829,167,S,Buckthorn,0
830,167,S,Rose,0
831,167,S,Privet,0
832,167,S,Lonicera,0
833,10,N,Buckthorn,1
834,10,N,Rose,1
835,10,N,Privet,0
836,10,N,Lonicera,0
837,10,S,Buckthorn,1
838,10,S,Rose,0
839,10,S,Privet,0
840,10,S,Lonicera,0
841,6,N,Buckthorn,1
842,6,N,Rose,0
843,6,N,Privet,0
844,6,N,Lonicera,0
845,6,S,Buckthorn,1
846,6,S,Rose,1
847,6,S,Privet,0
848,6,S,Lonicera,0
849,20,N,Buckthorn,0
850,20,N,Rose,0
851,20,N,Privet,0
852,20,N,Lonicera,0
853,20,S,Buckthorn,1
854,20,S,Rose,0
855,20,S,Privet,0
856,20,S,Lonicera,0
857,18,N,Buckthorn,1
858,18,N,Rose,0
859,18,N,Privet,1
860,18,N,Lonicera,0
861,18,S,Buckthorn,0
862,18,S,Rose,0
863,18,S,Privet,1
864,18,S,Lonicera,1
865,268,N,Buckthorn,0
866,268,N,Rose,0
867,268,N,Privet,0
868,268,N,Lonicera,0
869,268,S,Buckthorn,0
870,268,S,Rose,0
871,268,S,Privet,0
872,268,S,Lonicera,0
873,262,N,Buckthorn,0
874,262,N,Rose,0
875,262,N,Privet,0
876,262,N,Lonicera,0
877,262,S,Buckthorn,0
878,262,S,Rose,0
879,262,S,Privet,0
880,262,S,Lonicera,0
881,344,N,Buckthorn,1
882,344,N,Rose,0
883,344,N,Privet,0
884,344,N,Lonicera,0
885,344,S,Buckthorn,1
886,344,S,Rose,0
887,344,S,Privet,0
888,344,S,Lonicera,0
889,181,N,Buckthorn,2
890,181,N,Rose,1
891,181,N,Privet,0
892,181,N,Lonicera,0
893,181,S,Buckthorn,2
894,181,S,Rose,2
895,181,S,Privet,0
896,181,S,Lonicera,0
897,182,N,Buckthorn,2
898,182,N,Rose,2
899,182,N,Privet,0
900,182,N,Lonicera,0
901,182,S,Buckthorn,2
902,182,S,Rose,1
903,182,S,Privet,0
904,182,S,Lonicera,1
905,377,N,Buckthorn,1
906,377,N,Rose,2
907,377,N,Privet,0
908,377,N,Lonicera,1
909,377,S,Buckthorn,1
910,377,S,Rose,3
911,377,S,Privet,1
912,377,S,Lonicera,0
913,302,N,Buckthorn,4
914,302,N,Rose,3
915,302,N,Privet,0
916,302,N,Lonicera,1
917,302,S,Buckthorn,3
918,302,S,Rose,3
919,302,S,Privet,0
920,302,S,Lonicera,2
921,301,N,Buckthorn,2
922,301,N,Rose,2
923,301,N,Privet,0
924,301,N,Lonicera,1
925,301,S,Buckthorn,3
926,301,S,Rose,2
927,301,S,Privet,0
928,301,S,Lonicera,0
929,303,N,Buckthorn,1
930,303,N,Rose,4
931,303,N,Privet,0
932,303,N,Lonicera,1
933,303,S,Buckthorn,1
934,303,S,Rose,5
935,303,S,Privet,0
936,303,S,Lonicera,1
937,127,N,Buckthorn,1
938,127,N,Rose,2
939,127,N,Privet,0
940,127,N,Lonicera,0
941,127,S,Buckthorn,1
942,127,S,Rose,2
943,127,S,Privet,0
944,127,S,Lonicera,0
945,130,N,Buckthorn,1
946,130,N,Rose,2
947,130,N,Privet,0
948,130,N,Lonicera,0
949,130,S,Buckthorn,1
950,130,S,Rose,2
951,130,S,Privet,0
952,130,S,Lonicera,0
953,129,N,Buckthorn,1
954,129,N,Rose,1
955,129,N,Privet,0
956,129,N,Lonicera,0
957,129,S,Buckthorn,0
958,129,S,Rose,3
959,129,S,Privet,2
960,129,S,Lonicera,0
961,138,N,Buckthorn,1
962,138,N,Rose,0
963,138,N,Privet,0
964,138,N,Lonicera,0
965,138,S,Buckthorn,1
966,138,S,Rose,0
967,138,S,Privet,0
968,138,S,Lonicera,1
969,132,N,Buckthorn,0
970,132,N,Rose,0
971,132,N,Privet,0
972,132,N,Lonicera,0
973,132,S,Buckthorn,1
974,132,S,Rose,0
975,132,S,Privet,0
976,132,S,Lonicera,0
977,386,N,Buckthorn,1
978,386,N,Rose,0
979,386,N,Privet,0
980,386,N,Lonicera,0
981,386,S,Buckthorn,1
982,386,S,Rose,0
983,386,S,Privet,0
984,386,S,Lonicera,0
985,263,N,Buckthorn,0
986,263,N,Rose,0
987,263,N,Privet,0
988,263,N,Lonicera,0
989,263,S,Buckthorn,0
990,263,S,Rose,0
991,263,S,Privet,0
992,263,S,Lonicera,0
993,397,N,Buckthorn,0
994,397,N,Rose,0
995,397,N,Privet,0
996,397,N,Lonicera,0
997,397,S,Buckthorn,0
998,397,S,Rose,0
999,397,S,Privet,0
1000,397,S,Lonicera,0
1001,388,N,Buckthorn,2
1002,388,N,Rose,1
1003,388,N,Privet,0
1004,388,N,Lonicera,0
1005,388,S,Buckthorn,1
1006,388,S,Rose,1
1007,388,S,Privet,1
1008,388,S,Lonicera,0
1009,194,N,Buckthorn,1
1010,194,N,Rose,0
1011,194,N,Privet,1
1012,194,N,Lonicera,0
1013,194,S,Buckthorn,1
1014,194,S,Rose,1
1015,194,S,Privet,1
1016,194,S,Lonicera,0
1017,193,N,Buckthorn,2
1018,193,N,Rose,0
1019,193,N,Privet,0
1020,193,N,Lonicera,0
1021,193,S,Buckthorn,1
1022,193,S,Rose,1
1023,193,S,Privet,0
1024,193,S,Lonicera,1
1025,172,N,Buckthorn,2
1026,172,N,Rose,0
1027,172,N,Privet,0
1028,172,N,Lonicera,0
1029,172,S,Buckthorn,2
1030,172,S,Rose,0
1031,172,S,Privet,0
1032,172,S,Lonicera,0
1033,178,N,Buckthorn,1
1034,178,N,Rose,3
1035,178,N,Privet,1
1036,178,N,Lonicera,2
1037,178,S,Buckthorn,1
1038,178,S,Rose,2
1039,178,S,Privet,1
1040,178,S,Lonicera,3
1041,929,N,Buckthorn,0
1042,929,N,Rose,0
1043,929,N,Privet,0
1044,929,N,Lonicera,0
1045,929,S,Buckthorn,0
1046,929,S,Rose,0
1047,929,S,Privet,0
1048,929,S,Lonicera,0
1049,8,N,Buckthorn,1
1050,8,N,Rose,0
1051,8,N,Privet,0
1052,8,N,Lonicera,0
1053,8,S,Buckthorn,1
1054,8,S,Rose,0
1055,8,S,Privet,0
1056,8,S,Lonicera,0
1057,9,N,Buckthorn,1
1058,9,N,Rose,0
1059,9,N,Privet,0
1060,9,N,Lonicera,0
1061,9,S,Buckthorn,1
1062,9,S,Rose,0
1063,9,S,Privet,0
1064,9,S,Lonicera,0
1065,176,N,Buckthorn,1
1066,176,N,Rose,0
1067,176,N,Privet,0
1068,176,N,Lonicera,0
1069,176,S,Buckthorn,1
1070,176,S,Rose,0
1071,176,S,Privet,0
1072,176,S,Lonicera,0
1073,174,N,Buckthorn,0
1074,174,N,Rose,0
1075,174,N,Privet,0
1076,174,N,Lonicera,0
1077,174,S,Buckthorn,0
1078,174,S,Rose,0
1079,174,S,Privet,0
1080,174,S,Lonicera,0
1081,173,N,Buckthorn,0
1082,173,N,Rose,0
1083,173,N,Privet,0
1084,173,N,Lonicera,1
1085,173,S,Buckthorn,0
1086,173,S,Rose,0
1087,173,S,Privet,1
1088,173,S,Lonicera,0
1089,15,N,Buckthorn,1
1090,15,N,Rose,0
1091,15,N,Privet,1
1092,15,N,Lonicera,0
1093,15,S,Buckthorn,1
1094,15,S,Rose,0
1095,15,S,Privet,0
1096,15,S,Lonicera,0
1097,969,N,Buckthorn,1
1098,969,N,Rose,0
1099,969,N,Privet,0
1100,969,N,Lonicera,0
1101,969,S,Buckthorn,0
1102,969,S,Rose,0
1103,969,S,Privet,0
1104,969,S,Lonicera,0
1105,378,N,Buckthorn,1
1106,378,N,Rose,5
1107,378,N,Privet,0
1108,378,N,Lonicera,1
1109,378,S,Buckthorn,1
1110,378,S,Rose,5
1111,378,S,Privet,0
1112,378,S,Lonicera,0
1113,981,N,Buckthorn,1
1114,981,N,Rose,0
1115,981,N,Privet,0
1116,981,N,Lonicera,0
1117,981,S,Buckthorn,1
1118,981,S,Rose,1
1119,981,S,Privet,0
1120,981,S,Lonicera,1
1121,137,N,Buckthorn,1
1122,137,N,Rose,1
1123,137,N,Privet,0
1124,137,N,Lonicera,0
1125,137,S,Buckthorn,0
1126,137,S,Rose,1
1127,137,S,Privet,0
1128,137,S,Lonicera,0
1129,134,N,Buckthorn,0
1130,134,N,Rose,0
1131,134,N,Privet,0
1132,134,N,Lonicera,0
1133,134,S,Buckthorn,0
1134,134,S,Rose,0
1135,134,S,Privet,0
1136,134,S,Lonicera,0
1137,136,N,Buckthorn,1
1138,136,N,Rose,0
1139,136,N,Privet,0
1140,136,N,Lonicera,0
1141,136,S,Buckthorn,0
1142,136,S,Rose,0
1143,136,S,Privet,0
1144,136,S,Lonicera,0
1145,140,N,Buckthorn,0
1146,140,N,Rose,1
1147,140,N,Privet,0
1148,140,N,Lonicera,0
1149,140,S,Buckthorn,0
1150,140,S,Rose,0
1151,140,S,Privet,0
1152,140,S,Lonicera,0
1153,202,N,Buckthorn,1
1154,202,N,Rose,0
1155,202,N,Privet,0
1156,202,N,Lonicera,0
1157,202,S,Buckthorn,0
1158,202,S,Rose,0
1159,202,S,Privet,0
1160,202,S,Lonicera,0
1161,201,N,Buckthorn,0
1162,201,N,Rose,0
1163,201,N,Privet,0
1164,201,N,Lonicera,0
1165,201,S,Buckthorn,0
1166,201,S,Rose,0
1167,201,S,Privet,0
1168,201,S,Lonicera,0
1169,128,N,Buckthorn,0
1170,128,N,Rose,0
1171,128,N,Privet,0
1172,128,N,Lonicera,0
1173,128,S,Buckthorn,1
1174,128,S,Rose,1
1175,128,S,Privet,0
1176,128,S,Lonicera,0
1177,207,N,Buckthorn,0
1178,207,N,Rose,4
1179,207,N,Privet,0
1180,207,N,Lonicera,0
1181,207,S,Buckthorn,1
1182,207,S,Rose,3
1183,207,S,Privet,0
1184,207,S,Lonicera,0
1185,911,N,Buckthorn,1
1186,911,N,Rose,2
1187,911,N,Privet,0
1188,911,N,Lonicera,0
1189,911,S,Buckthorn,1
1190,911,S,Rose,4
1191,911,S,Privet,0
1192,911,S,Lonicera,0
1193,205,N,Buckthorn,1
1194,205,N,Rose,3
1195,205,N,Privet,0
1196,205,N,Lonicera,0
1197,205,S,Buckthorn,0
1198,205,S,Rose,2
1199,205,S,Privet,0
1200,205,S,Lonicera,0
1201,913,N,Buckthorn,1
1202,913,N,Rose,2
1203,913,N,Privet,0
1204,913,N,Lonicera,1
1205,913,S,Buckthorn,1
1206,913,S,Rose,1
1207,913,S,Privet,0
1208,913,S,Lonicera,0
1209,912,N,Buckthorn,0
1210,912,N,Rose,1
1211,912,N,Privet,0
1212,912,N,Lonicera,0
1213,912,S,Buckthorn,1
1214,912,S,Rose,1
1215,912,S,Privet,0
1216,912,S,Lonicera,0
1217,927,N,Buckthorn,1
1218,927,N,Rose,0
1219,927,N,Privet,1
1220,927,N,Lonicera,0
1221,927,S,Buckthorn,0
1222,927,S,Rose,0
1223,927,S,Privet,0
1224,927,S,Lonicera,0
1225,926,N,Buckthorn,1
1226,926,N,Rose,4
1227,926,N,Privet,0
1228,926,N,Lonicera,1
1229,926,S,Buckthorn,1
1230,926,S,Rose,3
1231,926,S,Privet,0
1232,926,S,Lonicera,0
1233,925,N,Buckthorn,0
1234,925,N,Rose,4
1235,925,N,Privet,0
1236,925,N,Lonicera,0
1237,925,S,Buckthorn,1
1238,925,S,Rose,1
1239,925,S,Privet,0
1240,925,S,Lonicera,0
1241,914,N,Buckthorn,1
1242,914,N,Rose,0
1243,914,N,Privet,0
1244,914,N,Lonicera,0
1245,914,S,Buckthorn,1
1246,914,S,Rose,0
1247,914,S,Privet,0
1248,914,S,Lonicera,0
1249,210,N,Buckthorn,1
1250,210,N,Rose,1
1251,210,N,Privet,0
1252,210,N,Lonicera,0
1253,210,S,Buckthorn,0
1254,210,S,Rose,1
1255,210,S,Privet,0
1256,210,S,Lonicera,1
1257,915,N,Buckthorn,1
1258,915,N,Rose,1
1259,915,N,Privet,0
1260,915,N,Lonicera,1
1261,915,S,Buckthorn,1
1262,915,S,Rose,1
1263,915,S,Privet,0
1264,915,S,Lonicera,0
1265,211,N,Buckthorn,1
1266,211,N,Rose,1
1267,211,N,Privet,0
1268,211,N,Lonicera,0
1269,211,S,Buckthorn,1
1270,211,S,Rose,1
1271,211,S,Privet,0
1272,211,S,Lonicera,0
1273,903,N,Buckthorn,1
1274,903,N,Rose,0
1275,903,N,Privet,0
1276,903,N,Lonicera,0
1277,903,S,Buckthorn,2
1278,903,S,Rose,1
1279,903,S,Privet,0
1280,903,S,Lonicera,0
1281,904,N,Buckthorn,1
1282,904,N,Rose,2
1283,904,N,Privet,0
1284,904,N,Lonicera,0
1285,904,S,Buckthorn,1
1286,904,S,Rose,2
1287,904,S,Privet,0
1288,904,S,Lonicera,0
1289,905,N,Buckthorn,1
1290,905,N,Rose,1
1291,905,N,Privet,0
1292,905,N,Lonicera,0
1293,905,S,Buckthorn,2
1294,905,S,Rose,1
1295,905,S,Privet,0
1296,905,S,Lonicera,0
1297,907,N,Buckthorn,3
1298,907,N,Rose,1
1299,907,N,Privet,0
1300,907,N,Lonicera,0
1301,907,S,Buckthorn,3
1302,907,S,Rose,1
1303,907,S,Privet,0
1304,907,S,Lonicera,0
1305,908,N,Buckthorn,2
1306,908,N,Rose,2
1307,908,N,Privet,1
1308,908,N,Lonicera,0
1309,908,S,Buckthorn,3
1310,908,S,Rose,0
1311,908,S,Privet,1
1312,908,S,Lonicera,0
1313,225,N,Buckthorn,1
1314,225,N,Rose,1
1315,225,N,Privet,0
1316,225,N,Lonicera,1
1317,225,S,Buckthorn,1
1318,225,S,Rose,3
1319,225,S,Privet,0
1320,225,S,Lonicera,0
1321,224,N,Buckthorn,1
1322,224,N,Rose,1
1323,224,N,Privet,0
1324,224,N,Lonicera,0
1325,224,S,Buckthorn,0
1326,224,S,Rose,0
1327,224,S,Privet,0
1328,224,S,Lonicera,0
1329,154,N,Buckthorn,2
1330,154,N,Rose,2
1331,154,N,Privet,0
1332,154,N,Lonicera,0
1333,154,S,Buckthorn,3
1334,154,S,Rose,1
1335,154,S,Privet,0
1336,154,S,Lonicera,1
1337,157,N,Buckthorn,1
1338,157,N,Rose,0
1339,157,N,Privet,0
1340,157,N,Lonicera,0
1341,157,S,Buckthorn,1
1342,157,S,Rose,0
1343,157,S,Privet,0
1344,157,S,Lonicera,0
1345,156,N,Buckthorn,1
1346,156,N,Rose,2
1347,156,N,Privet,1
1348,156,N,Lonicera,0
1349,156,S,Buckthorn,2
1350,156,S,Rose,1
1351,156,S,Privet,1
1352,156,S,Lonicera,0
1353,155,N,Buckthorn,1
1354,155,N,Rose,0
1355,155,N,Privet,0
1356,155,N,Lonicera,0
1357,155,S,Buckthorn,1
1358,155,S,Rose,0
1359,155,S,Privet,0
1360,155,S,Lonicera,0
1361,158,N,Buckthorn,1
1362,158,N,Rose,1
1363,158,N,Privet,0
1364,158,N,Lonicera,0
1365,158,S,Buckthorn,1
1366,158,S,Rose,1
1367,158,S,Privet,0
1368,158,S,Lonicera,0
1369,160,N,Buckthorn,1
1370,160,N,Rose,1
1371,160,N,Privet,0
1372,160,N,Lonicera,0
1373,160,S,Buckthorn,1
1374,160,S,Rose,0
1375,160,S,Privet,0
1376,160,S,Lonicera,0
1377,161,N,Buckthorn,1
1378,161,N,Rose,0
1379,161,N,Privet,0
1380,161,N,Lonicera,0
1381,161,S,Buckthorn,1
1382,161,S,Rose,1
1383,161,S,Privet,0
1384,161,S,Lonicera,0
1385,162,N,Buckthorn,1
1386,162,N,Rose,0
1387,162,N,Privet,0
1388,162,N,Lonicera,0
1389,162,S,Buckthorn,0
1390,162,S,Rose,0
1391,162,S,Privet,0
1392,162,S,Lonicera,0
1393,213,N,Buckthorn,0
1394,213,N,Rose,3
1395,213,N,Privet,1
1396,213,N,Lonicera,0
1397,213,S,Buckthorn,0
1398,213,S,Rose,2
1399,213,S,Privet,0
1400,213,S,Lonicera,0
1401,164,N,Buckthorn,0
1402,164,N,Rose,2
1403,164,N,Privet,0
1404,164,N,Lonicera,0
1405,164,S,Buckthorn,0
1406,164,S,Rose,1
1407,164,S,Privet,1
1408,164,S,Lonicera,0
1409,209,N,Buckthorn,1
1410,209,N,Rose,1
1411,209,N,Privet,0
1412,209,N,Lonicera,0
1413,209,S,Buckthorn,0
1414,209,S,Rose,0
1415,209,S,Privet,0
1416,209,S,Lonicera,0
1417,212,N,Buckthorn,1
1418,212,N,Rose,1
1419,212,N,Privet,0
1420,212,N,Lonicera,0
1421,212,S,Buckthorn,1
1422,212,S,Rose,1
1423,212,S,Privet,0
1424,212,S,Lonicera,0
1425,216,N,Buckthorn,0
1426,216,N,Rose,1
1427,216,N,Privet,0
1428,216,N,Lonicera,0
1429,216,S,Buckthorn,1
1430,216,S,Rose,1
1431,216,S,Privet,0
1432,216,S,Lonicera,0
1433,215,N,Buckthorn,0
1434,215,N,Rose,2
1435,215,N,Privet,0
1436,215,N,Lonicera,0
1437,215,S,Buckthorn,0
1438,215,S,Rose,1
1439,215,S,Privet,0
1440,215,S,Lonicera,0
1441,217,N,Buckthorn,1
1442,217,N,Rose,0
1443,217,N,Privet,0
1444,217,N,Lonicera,0
1445,217,S,Buckthorn,1
1446,217,S,Rose,0
1447,217,S,Privet,0
1448,217,S,Lonicera,0
1449,218,N,Buckthorn,0
1450,218,N,Rose,0
1451,218,N,Privet,0
1452,218,N,Lonicera,0
1453,218,S,Buckthorn,0
1454,218,S,Rose,1
1455,218,S,Privet,0
1456,218,S,Lonicera,0
1457,222,N,Buckthorn,0
1458,222,N,Rose,0
1459,222,N,Privet,0
1460,222,N,Lonicera,0
1461,222,S,Buckthorn,0
1462,222,S,Rose,0
1463,222,S,Privet,0
1464,222,S,Lonicera,0
1473,221,N,Buckthorn,0
1474,221,N,Rose,0
1475,221,N,Privet,0
1476,221,N,Lonicera,0
1477,221,S,Buckthorn,1
1478,221,S,Rose,1
1479,221,S,Privet,0
1480,221,S,Lonicera,0
1481,219,N,Buckthorn,1
1482,219,N,Rose,1
1483,219,N,Privet,1
1484,219,N,Lonicera,0
1485,219,S,Buckthorn,1
1486,219,S,Rose,0
1487,219,S,Privet,0
1488,219,S,Lonicera,0
1489,220,N,Buckthorn,0
1490,220,N,Rose,0
1491,220,N,Privet,1
1492,220,N,Lonicera,0
1493,220,S,Buckthorn,1
1494,220,S,Rose,0
1495,220,S,Privet,0
1496,220,S,Lonicera,0
1497,233,N,Buckthorn,0
1498,233,N,Rose,1
1499,233,N,Privet,0
1500,233,N,Lonicera,1
1501,233,S,Buckthorn,1
1502,233,S,Rose,1
1503,233,S,Privet,0
1504,233,S,Lonicera,0
1505,229,N,Buckthorn,1
1506,229,N,Rose,1
1507,229,N,Privet,0
1508,229,N,Lonicera,0
1509,229,S,Buckthorn,1
1510,229,S,Rose,2
1511,229,S,Privet,0
1512,229,S,Lonicera,0
1513,231,N,Buckthorn,1
1514,231,N,Rose,3
1515,231,N,Privet,0
1516,231,N,Lonicera,2
1517,231,S,Buckthorn,1
1518,231,S,Rose,3
1519,231,S,Privet,0
1520,231,S,Lonicera,2
1521,249,N,Buckthorn,1
1522,249,N,Rose,3
1523,249,N,Privet,0
1524,249,N,Lonicera,1
1525,249,S,Buckthorn,1
1526,249,S,Rose,3
1527,249,S,Privet,0
1528,249,S,Lonicera,2
1529,246,N,Buckthorn,0
1530,246,N,Rose,3
1531,246,N,Privet,0
1532,246,N,Lonicera,0
1533,246,S,Buckthorn,0
1534,246,S,Rose,3
1535,246,S,Privet,0
1536,246,S,Lonicera,0
1537,232,N,Buckthorn,1
1538,232,N,Rose,1
1539,232,N,Privet,0
1540,232,N,Lonicera,0
1541,232,S,Buckthorn,0
1542,232,S,Rose,0
1543,232,S,Privet,1
1544,232,S,Lonicera,0
1545,230,N,Buckthorn,0
1546,230,N,Rose,3
1547,230,N,Privet,0
1548,230,N,Lonicera,0
1549,230,S,Buckthorn,0
1550,230,S,Rose,2
1551,230,S,Privet,0
1552,230,S,Lonicera,0
1553,228,N,Buckthorn,1
1554,228,N,Rose,2
1555,228,N,Privet,0
1556,228,N,Lonicera,0
1557,228,S,Buckthorn,1
1558,228,S,Rose,0
1559,228,S,Privet,0
1560,228,S,Lonicera,0
1561,241,N,Buckthorn,1
1562,241,N,Rose,1
1563,241,N,Privet,0
1564,241,N,Lonicera,0
1565,241,S,Buckthorn,1
1566,241,S,Rose,0
1567,241,S,Privet,0
1568,241,S,Lonicera,0
1569,243,N,Buckthorn,2
1570,243,N,Rose,3
1571,243,N,Privet,0
1572,243,N,Lonicera,0
1573,243,S,Buckthorn,2
1574,243,S,Rose,1
1575,243,S,Privet,0
1576,243,S,Lonicera,0
1577,240,N,Buckthorn,1
1578,240,N,Rose,3
1579,240,N,Privet,0
1580,240,N,Lonicera,0
1581,240,S,Buckthorn,1
1582,240,S,Rose,2
1583,240,S,Privet,0
1584,240,S,Lonicera,0
1585,235,N,Buckthorn,1
1586,235,N,Rose,2
1587,235,N,Privet,0
1588,235,N,Lonicera,0
1589,235,S,Buckthorn,1
1590,235,S,Rose,3
1591,235,S,Privet,0
1592,235,S,Lonicera,0
1593,234,N,Buckthorn,1
1594,234,N,Rose,3
1595,234,N,Privet,0
1596,234,N,Lonicera,0
1597,234,S,Buckthorn,1
1598,234,S,Rose,1
1599,234,S,Privet,0
1600,234,S,Lonicera,0
1601,247,N,Buckthorn,1
1602,247,N,Rose,3
1603,247,N,Privet,0
1604,247,N,Lonicera,0
1605,247,S,Buckthorn,1
1606,247,S,Rose,3
1607,247,S,Privet,0
1608,247,S,Lonicera,0
1609,238,N,Buckthorn,1
1610,238,N,Rose,3
1611,238,N,Privet,0
1612,238,N,Lonicera,0
1613,238,S,Buckthorn,1
1614,238,S,Rose,2
1615,238,S,Privet,1
1616,238,S,Lonicera,0
1617,242,N,Buckthorn,1
1618,242,N,Rose,2
1619,242,N,Privet,0
1620,242,N,Lonicera,0
1621,242,S,Buckthorn,1
1622,242,S,Rose,3
1623,242,S,Privet,0
1624,242,S,Lonicera,0
1625,237,N,Buckthorn,1
1626,237,N,Rose,2
1627,237,N,Privet,0
1628,237,N,Lonicera,0
1629,237,S,Buckthorn,0
1630,237,S,Rose,3
1631,237,S,Privet,0
1632,237,S,Lonicera,1
1633,239,N,Buckthorn,0
1634,239,N,Rose,4
1635,239,N,Privet,0
1636,239,N,Lonicera,0
1637,239,S,Buckthorn,1
1638,239,S,Rose,2
1639,239,S,Privet,0
1640,239,S,Lonicera,0
1641,227,N,Buckthorn,0
1642,227,N,Rose,1
1643,227,N,Privet,0
1644,227,N,Lonicera,0
1645,227,S,Buckthorn,1
1646,227,S,Rose,0
1647,227,S,Privet,1
1648,227,S,Lonicera,0
1649,331,N,Buckthorn,1
1650,331,N,Rose,2
1651,331,N,Privet,0
1652,331,N,Lonicera,0
1653,331,S,Buckthorn,2
1654,331,S,Rose,1
1655,331,S,Privet,0
1656,331,S,Lonicera,0
1657,338,N,Buckthorn,1
1658,338,N,Rose,1
1659,338,N,Privet,0
1660,338,N,Lonicera,0
1661,338,S,Buckthorn,2
1662,338,S,Rose,1
1663,338,S,Privet,0
1664,338,S,Lonicera,0
1665,326,N,Buckthorn,1
1666,326,N,Rose,2
1667,326,N,Privet,0
1668,326,N,Lonicera,0
1669,326,S,Buckthorn,1
1670,326,S,Rose,0
1671,326,S,Privet,0
1672,326,S,Lonicera,0
1673,330,N,Buckthorn,1
1674,330,N,Rose,0
1675,330,N,Privet,0
1676,330,N,Lonicera,0
1677,330,S,Buckthorn,1
1678,330,S,Rose,1
1679,330,S,Privet,0
1680,330,S,Lonicera,0
1681,336,N,Buckthorn,2
1682,336,N,Rose,1
1683,336,N,Privet,0
1684,336,N,Lonicera,1
1685,336,S,Buckthorn,1
1686,336,S,Rose,1
1687,336,S,Privet,0
1688,336,S,Lonicera,0
1689,318,N,Buckthorn,1
1690,318,N,Rose,0
1691,318,N,Privet,0
1692,318,N,Lonicera,1
1693,318,S,Buckthorn,1
1694,318,S,Rose,1
1695,318,S,Privet,0
1696,318,S,Lonicera,0
1697,278,N,Buckthorn,1
1698,278,N,Rose,0
1699,278,N,Privet,1
1700,278,N,Lonicera,0
1701,278,S,Buckthorn,2
1702,278,S,Rose,0
1703,278,S,Privet,0
1704,278,S,Lonicera,0
1705,342,N,Buckthorn,2
1706,342,N,Rose,1
1707,342,N,Privet,0
1708,342,N,Lonicera,0
1709,342,S,Buckthorn,2
1710,342,S,Rose,1
1711,342,S,Privet,0
1712,342,S,Lonicera,2
1713,341,N,Buckthorn,1
1714,341,N,Rose,1
1715,341,N,Privet,0
1716,341,N,Lonicera,0
1717,341,S,Buckthorn,1
1718,341,S,Rose,1
1719,341,S,Privet,0
1720,341,S,Lonicera,3
1721,339,N,Buckthorn,1
1722,339,N,Rose,2
1723,339,N,Privet,1
1724,339,N,Lonicera,0
1725,339,S,Buckthorn,2
1726,339,S,Rose,3
1727,339,S,Privet,0
1728,339,S,Lonicera,2
1729,325,N,Buckthorn,1
1730,325,N,Rose,2
1731,325,N,Privet,0
1732,325,N,Lonicera,2
1733,325,S,Buckthorn,1
1734,325,S,Rose,2
1735,325,S,Privet,1
1736,325,S,Lonicera,1
1737,335,N,Buckthorn,0
1738,335,N,Rose,2
1739,335,N,Privet,1
1740,335,N,Lonicera,1
1741,335,S,Buckthorn,1
1742,335,S,Rose,2
1743,335,S,Privet,0
1744,335,S,Lonicera,0
1745,337,N,Buckthorn,1
1746,337,N,Rose,2
1747,337,N,Privet,0
1748,337,N,Lonicera,1
1749,337,S,Buckthorn,0
1750,337,S,Rose,2
1751,337,S,Privet,0
1752,337,S,Lonicera,1
1753,324,N,Buckthorn,1
1754,324,N,Rose,0
1755,324,N,Privet,0
1756,324,N,Lonicera,0
1757,324,S,Buckthorn,1
1758,324,S,Rose,0
1759,324,S,Privet,0
1760,324,S,Lonicera,0
1761,321,N,Buckthorn,1
1762,321,N,Rose,0
1763,321,N,Privet,0
1764,321,N,Lonicera,1
1765,321,S,Buckthorn,1
1766,321,S,Rose,0
1767,321,S,Privet,0
1768,321,S,Lonicera,0
1769,322,N,Buckthorn,1
1770,322,N,Rose,0
1771,322,N,Privet,0
1772,322,N,Lonicera,0
1773,322,S,Buckthorn,1
1774,322,S,Rose,0
1775,322,S,Privet,1
1776,322,S,Lonicera,0
1777,311,N,Buckthorn,0
1778,311,N,Rose,1
1779,311,N,Privet,0
1780,311,N,Lonicera,0
1781,311,S,Buckthorn,0
1782,311,S,Rose,1
1783,311,S,Privet,0
1784,311,S,Lonicera,1
1785,317,N,Buckthorn,1
1786,317,N,Rose,2
1787,317,N,Privet,0
1788,317,N,Lonicera,0
1789,317,S,Buckthorn,0
1790,317,S,Rose,2
1791,317,S,Privet,0
1792,317,S,Lonicera,0
1793,320,N,Buckthorn,1
1794,320,N,Rose,0
1795,320,N,Privet,0
1796,320,N,Lonicera,1
1797,320,S,Buckthorn,3
1798,320,S,Rose,0
1799,320,S,Privet,1
1800,320,S,Lonicera,0
1801,316,N,Buckthorn,1
1802,316,N,Rose,0
1803,316,N,Privet,0
1804,316,N,Lonicera,0
1805,316,S,Buckthorn,1
1806,316,S,Rose,1
1807,316,S,Privet,0
1808,316,S,Lonicera,0
1809,319,N,Buckthorn,1
1810,319,N,Rose,1
1811,319,N,Privet,0
1812,319,N,Lonicera,1
1813,319,S,Buckthorn,1
1814,319,S,Rose,1
1815,319,S,Privet,1
1816,319,S,Lonicera,0
1817,315,N,Buckthorn,1
1818,315,N,Rose,0
1819,315,N,Privet,0
1820,315,N,Lonicera,0
1821,315,S,Buckthorn,1
1822,315,S,Rose,0
1823,315,S,Privet,0
1824,315,S,Lonicera,0
1825,328,N,Buckthorn,2
1826,328,N,Rose,1
1827,328,N,Privet,1
1828,328,N,Lonicera,0
1829,328,S,Buckthorn,1
1830,328,S,Rose,1
1831,328,S,Privet,0
1832,328,S,Lonicera,0
1833,312,N,Buckthorn,1
1834,312,N,Rose,1
1835,312,N,Privet,0
1836,312,N,Lonicera,1
1837,312,S,Buckthorn,1
1838,312,S,Rose,1
1839,312,S,Privet,0
1840,312,S,Lonicera,0
1841,327,N,Buckthorn,1
1842,327,N,Rose,0
1843,327,N,Privet,0
1844,327,N,Lonicera,0
1845,327,S,Buckthorn,1
1846,327,S,Rose,0
1847,327,S,Privet,0
1848,327,S,Lonicera,1
1849,280,N,Buckthorn,1
1850,280,N,Rose,4
1851,280,N,Privet,0
1852,280,N,Lonicera,1
1853,280,S,Buckthorn,1
1854,280,S,Rose,3
1855,280,S,Privet,0
1856,280,S,Lonicera,0
1857,273,N,Buckthorn,1
1858,273,N,Rose,2
1859,273,N,Privet,0
1860,273,N,Lonicera,0
1861,273,S,Buckthorn,1
1862,273,S,Rose,1
1863,273,S,Privet,1
1864,273,S,Lonicera,0
1865,287,N,Buckthorn,0
1866,287,N,Rose,0
1867,287,N,Privet,0
1868,287,N,Lonicera,0
1869,287,S,Buckthorn,1
1870,287,S,Rose,1
1871,287,S,Privet,0
1872,287,S,Lonicera,0
1873,274,N,Buckthorn,1
1874,274,N,Rose,1
1875,274,N,Privet,0
1876,274,N,Lonicera,0
1877,274,S,Buckthorn,1
1878,274,S,Rose,1
1879,274,S,Privet,0
1880,274,S,Lonicera,0
1881,286,N,Buckthorn,1
1882,286,N,Rose,1
1883,286,N,Privet,0
1884,286,N,Lonicera,0
1885,286,S,Buckthorn,1
1886,286,S,Rose,2
1887,286,S,Privet,0
1888,286,S,Lonicera,0
1889,276,N,Buckthorn,1
1890,276,N,Rose,4
1891,276,N,Privet,0
1892,276,N,Lonicera,0
1893,276,S,Buckthorn,1
1894,276,S,Rose,1
1895,276,S,Privet,1
1896,276,S,Lonicera,0
1897,285,N,Buckthorn,1
1898,285,N,Rose,1
1899,285,N,Privet,1
1900,285,N,Lonicera,0
1901,285,S,Buckthorn,1
1902,285,S,Rose,1
1903,285,S,Privet,1
1904,285,S,Lonicera,0
1905,281,N,Buckthorn,1
1906,281,N,Rose,0
1907,281,N,Privet,1
1908,281,N,Lonicera,1
1909,281,S,Buckthorn,1
1910,281,S,Rose,1
1911,281,S,Privet,0
1912,281,S,Lonicera,1
1913,282,N,Buckthorn,0
1914,282,N,Rose,0
1915,282,N,Privet,0
1916,282,N,Lonicera,0
1917,282,S,Buckthorn,0
1918,282,S,Rose,0
1919,282,S,Privet,0
1920,282,S,Lonicera,0
1921,283,N,Buckthorn,1
1922,283,N,Rose,0
1923,283,N,Privet,0
1924,283,N,Lonicera,0
1925,283,S,Buckthorn,1
1926,283,S,Rose,0
1927,283,S,Privet,0
1928,283,S,Lonicera,0
1929,351,N,Buckthorn,2
1930,351,N,Rose,0
1931,351,N,Privet,0
1932,351,N,Lonicera,0
1933,351,S,Buckthorn,2
1934,351,S,Rose,0
1935,351,S,Privet,0
1936,351,S,Lonicera,1
1937,361,N,Buckthorn,2
1938,361,N,Rose,2
1939,361,N,Privet,0
1940,361,N,Lonicera,0
1941,361,S,Buckthorn,1
1942,361,S,Rose,3
1943,361,S,Privet,0
1944,361,S,Lonicera,0
1945,353,N,Buckthorn,1
1946,353,N,Rose,0
1947,353,N,Privet,0
1948,353,N,Lonicera,0
1949,353,S,Buckthorn,1
1950,353,S,Rose,0
1951,353,S,Privet,0
1952,353,S,Lonicera,0
1953,350,N,Buckthorn,1
1954,350,N,Rose,0
1955,350,N,Privet,1
1956,350,N,Lonicera,0
1957,350,S,Buckthorn,1
1958,350,S,Rose,1
1959,350,S,Privet,0
1960,350,S,Lonicera,1
1961,354,N,Buckthorn,1
1962,354,N,Rose,1
1963,354,N,Privet,1
1964,354,N,Lonicera,0
1965,354,S,Buckthorn,1
1966,354,S,Rose,2
1967,354,S,Privet,1
1968,354,S,Lonicera,1
1969,358,N,Buckthorn,1
1970,358,N,Rose,1
1971,358,N,Privet,0
1972,358,N,Lonicera,1
1973,358,S,Buckthorn,1
1974,358,S,Rose,2
1975,358,S,Privet,1
1976,358,S,Lonicera,1
1977,364,N,Buckthorn,1
1978,364,N,Rose,0
1979,364,N,Privet,1
1980,364,N,Lonicera,0
1981,364,S,Buckthorn,1
1982,364,S,Rose,0
1983,364,S,Privet,0
1984,364,S,Lonicera,0
1985,349,N,Buckthorn,2
1986,349,N,Rose,1
1987,349,N,Privet,0
1988,349,N,Lonicera,0
1989,349,S,Buckthorn,2
1990,349,S,Rose,1
1991,349,S,Privet,0
1992,349,S,Lonicera,0
1993,352,N,Buckthorn,1
1994,352,N,Rose,1
1995,352,N,Privet,0
1996,352,N,Lonicera,0
1997,352,S,Buckthorn,2
1998,352,S,Rose,1
1999,352,S,Privet,0
2000,352,S,Lonicera,0
2001,359,N,Buckthorn,2
2002,359,N,Rose,0
2003,359,N,Privet,0
2004,359,N,Lonicera,0
2005,359,S,Buckthorn,2
2006,359,S,Rose,1
2007,359,S,Privet,0
2008,359,S,Lonicera,0
2009,363,N,Buckthorn,1
2010,363,N,Rose,0
2011,363,N,Privet,0
2012,363,N,Lonicera,0
2013,363,S,Buckthorn,1
2014,363,S,Rose,0
2015,363,S,Privet,0
2016,363,S,Lonicera,0
2017,357,N,Buckthorn,0
2018,357,N,Rose,1
2019,357,N,Privet,0
2020,357,N,Lonicera,0
2021,357,S,Buckthorn,0
2022,357,S,Rose,1
2023,357,S,Privet,0
2024,357,S,Lonicera,0
2025,366,N,Buckthorn,1
2026,366,N,Rose,0
2027,366,N,Privet,0
2028,366,N,Lonicera,0
2029,366,S,Buckthorn,0
2030,366,S,Rose,0
2031,366,S,Privet,0
2032,366,S,Lonicera,0
2033,367,N,Buckthorn,0
2034,367,N,Rose,0
2035,367,N,Privet,0
2036,367,N,Lonicera,0
2037,367,S,Buckthorn,0
2038,367,S,Rose,0
2039,367,S,Privet,0
2040,367,S,Lonicera,0
2041,369,N,Buckthorn,0
2042,369,N,Rose,0
2043,369,N,Privet,0
2044,369,N,Lonicera,0
2045,369,S,Buckthorn,0
2046,369,S,Rose,0
2047,369,S,Privet,0
2048,369,S,Lonicera,0
