Tree,Direction,Species,Cover Class,Date
121,N,Buckthorn,1,14-Aug-18
121,N,Rose,0,14-Aug-18
121,N,Privet,0,14-Aug-18
121,N,Honey,0,14-Aug-18
121,S,Buckthorn,1,14-Aug-18
121,S,Rose,0,14-Aug-18
121,S,Privet,0,14-Aug-18
121,S,Honey,0,14-Aug-18
124,N,Buckthorn,1,14-Aug-18
124,N,Rose,1,14-Aug-18
124,N,Privet,0,14-Aug-18
124,N,Honey,0,14-Aug-18
124,S,Buckthorn,1,14-Aug-18
124,S,Rose,2,14-Aug-18
124,S,Privet,1,14-Aug-18
124,S,Honey,0,14-Aug-18
119,N,Buckthorn,1,14-Aug-18
119,N,Rose,2,14-Aug-18
119,N,Privet,0,14-Aug-18
119,N,Honey,2,14-Aug-18
119,S,Buckthorn,1,14-Aug-18
119,S,Rose,1,14-Aug-18
119,S,Privet,0,14-Aug-18
119,S,Honey,0,14-Aug-18
115,N,Buckthorn,1,14-Aug-18
115,N,Rose,0,14-Aug-18
115,N,Privet,0,14-Aug-18
115,N,Honey,0,14-Aug-18
115,S,Buckthorn,1,14-Aug-18
115,S,Rose,0,14-Aug-18
115,S,Privet,0,14-Aug-18
115,S,Honey,0,14-Aug-18
114,N,Buckthorn,1,14-Aug-18
114,N,Rose,1,14-Aug-18
114,N,Privet,0,14-Aug-18
114,N,Honey,0,14-Aug-18
114,S,Buckthorn,1,14-Aug-18
114,S,Rose,2,14-Aug-18
114,S,Privet,0,14-Aug-18
114,S,Honey,1,14-Aug-18
104,N,Buckthorn,1,14-Aug-18
104,N,Rose,3,14-Aug-18
104,N,Privet,0,14-Aug-18
104,N,Honey,1,14-Aug-18
104,S,Buckthorn,1,14-Aug-18
104,S,Rose,3,14-Aug-18
104,S,Privet,1,14-Aug-18
104,S,Honey,0,14-Aug-18
110,N,Buckthorn,1,14-Aug-18
110,N,Rose,4,14-Aug-18
110,N,Privet,2,14-Aug-18
110,N,Honey,0,14-Aug-18
110,S,Buckthorn,0,14-Aug-18
110,S,Rose,3,14-Aug-18
110,S,Privet,0,14-Aug-18
110,S,Honey,0,14-Aug-18
96,N,Buckthorn,1,14-Aug-18
96,N,Rose,4,14-Aug-18
96,N,Privet,1,14-Aug-18
96,N,Honey,0,14-Aug-18
96,S,Buckthorn,1,14-Aug-18
96,S,Rose,4,14-Aug-18
96,S,Privet,0,14-Aug-18
96,S,Honey,0,14-Aug-18
95,N,Buckthorn,2,14-Aug-18
95,N,Rose,2,14-Aug-18
95,N,Privet,0,14-Aug-18
95,N,Honey,2,14-Aug-18
95,S,Buckthorn,2,14-Aug-18
95,S,Rose,4,14-Aug-18
95,S,Privet,0,14-Aug-18
95,S,Honey,0,14-Aug-18
94,N,Buckthorn,1,14-Aug-18
94,N,Rose,4,14-Aug-18
94,N,Privet,0,14-Aug-18
94,N,Honey,0,14-Aug-18
94,S,Buckthorn,1,14-Aug-18
94,S,Rose,4,14-Aug-18
94,S,Privet,0,14-Aug-18
94,S,Honey,0,14-Aug-18
113,N,Buckthorn,1,14-Aug-18
113,N,Rose,2,14-Aug-18
113,N,Privet,0,14-Aug-18
113,N,Honey,1,14-Aug-18
113,S,Buckthorn,2,14-Aug-18
113,S,Rose,3,14-Aug-18
113,S,Privet,0,14-Aug-18
113,S,Honey,0,14-Aug-18
116,N,Buckthorn,0,14-Aug-18
116,N,Rose,5,14-Aug-18
116,N,Privet,0,14-Aug-18
116,N,Honey,0,14-Aug-18
116,S,Buckthorn,1,14-Aug-18
116,S,Rose,2,14-Aug-18
116,S,Privet,0,14-Aug-18
116,S,Honey,0,14-Aug-18
79,N,Buckthorn,1,14-Aug-18
79,N,Rose,2,14-Aug-18
79,N,Privet,0,14-Aug-18
79,N,Honey,0,14-Aug-18
79,S,Buckthorn,1,14-Aug-18
79,S,Rose,3,14-Aug-18
79,S,Privet,0,14-Aug-18
79,S,Honey,0,14-Aug-18
76,N,Buckthorn,1,14-Aug-18
76,N,Rose,2,14-Aug-18
76,N,Privet,0,14-Aug-18
76,N,Honey,0,14-Aug-18
76,S,Buckthorn,1,14-Aug-18
76,S,Rose,3,14-Aug-18
76,S,Privet,0,14-Aug-18
76,S,Honey,0,14-Aug-18
85,N,Buckthorn,2,14-Aug-18
85,N,Rose,1,14-Aug-18
85,N,Privet,0,14-Aug-18
85,N,Honey,1,14-Aug-18
85,S,Buckthorn,2,14-Aug-18
85,S,Rose,3,14-Aug-18
85,S,Privet,0,14-Aug-18
85,S,Honey,0,14-Aug-18
84,N,Buckthorn,1,14-Aug-18
84,N,Rose,2,14-Aug-18
84,N,Privet,0,14-Aug-18
84,N,Honey,0,14-Aug-18
84,S,Buckthorn,2,14-Aug-18
84,S,Rose,0,14-Aug-18
84,S,Privet,0,14-Aug-18
84,S,Honey,1,14-Aug-18
83,N,Buckthorn,1,14-Aug-18
83,N,Rose,0,14-Aug-18
83,N,Privet,0,14-Aug-18
83,N,Honey,0,14-Aug-18
83,S,Buckthorn,1,14-Aug-18
83,S,Rose,0,14-Aug-18
83,S,Privet,0,14-Aug-18
83,S,Honey,0,14-Aug-18
82,N,Buckthorn,1,14-Aug-18
82,N,Rose,0,14-Aug-18
82,N,Privet,0,14-Aug-18
82,N,Honey,0,14-Aug-18
82,S,Buckthorn,1,14-Aug-18
82,S,Rose,0,14-Aug-18
82,S,Privet,0,14-Aug-18
82,S,Honey,0,14-Aug-18
81,N,Buckthorn,1,14-Aug-18
81,N,Rose,0,14-Aug-18
81,N,Privet,0,14-Aug-18
81,N,Honey,0,14-Aug-18
81,S,Buckthorn,0,14-Aug-18
81,S,Rose,0,14-Aug-18
81,S,Privet,0,14-Aug-18
81,S,Honey,0,14-Aug-18
86,N,Buckthorn,0,14-Aug-18
86,N,Rose,0,14-Aug-18
86,N,Privet,0,14-Aug-18
86,N,Honey,0,14-Aug-18
86,S,Buckthorn,1,14-Aug-18
86,S,Rose,0,14-Aug-18
86,S,Privet,0,14-Aug-18
86,S,Honey,0,14-Aug-18
99,N,Buckthorn,2,14-Aug-18
99,N,Rose,2,14-Aug-18
99,N,Privet,0,14-Aug-18
99,N,Honey,0,14-Aug-18
99,S,Buckthorn,2,14-Aug-18
99,S,Rose,2,14-Aug-18
99,S,Privet,0,14-Aug-18
99,S,Honey,0,14-Aug-18
97,N,Buckthorn,2,14-Aug-18
97,N,Rose,2,14-Aug-18
97,N,Privet,0,14-Aug-18
97,N,Honey,0,14-Aug-18
97,S,Buckthorn,2,14-Aug-18
97,S,Rose,2,14-Aug-18
97,S,Privet,0,14-Aug-18
97,S,Honey,0,14-Aug-18
87,N,Buckthorn,1,14-Aug-18
87,N,Rose,0,14-Aug-18
87,N,Privet,0,14-Aug-18
87,N,Honey,0,14-Aug-18
87,S,Buckthorn,1,14-Aug-18
87,S,Rose,0,14-Aug-18
87,S,Privet,0,14-Aug-18
87,S,Honey,0,14-Aug-18
93,N,Buckthorn,2,14-Aug-18
93,N,Rose,2,14-Aug-18
93,N,Privet,0,14-Aug-18
93,N,Honey,0,14-Aug-18
93,S,Buckthorn,2,14-Aug-18
93,S,Rose,3,14-Aug-18
93,S,Privet,0,14-Aug-18
93,S,Honey,0,14-Aug-18
88,N,Buckthorn,2,14-Aug-18
88,N,Rose,5,14-Aug-18
88,N,Privet,0,14-Aug-18
88,N,Honey,0,14-Aug-18
88,S,Buckthorn,2,14-Aug-18
88,S,Rose,4,14-Aug-18
88,S,Privet,0,14-Aug-18
88,S,Honey,0,14-Aug-18
91,N,Buckthorn,1,14-Aug-18
91,N,Rose,0,14-Aug-18
91,N,Privet,0,14-Aug-18
91,N,Honey,0,14-Aug-18
91,S,Buckthorn,1,14-Aug-18
91,S,Rose,1,14-Aug-18
91,S,Privet,0,14-Aug-18
91,S,Honey,0,14-Aug-18
92,N,Buckthorn,2,14-Aug-18
92,N,Rose,3,14-Aug-18
92,N,Privet,0,14-Aug-18
92,N,Honey,0,14-Aug-18
92,S,Buckthorn,2,14-Aug-18
92,S,Rose,2,14-Aug-18
92,S,Privet,0,14-Aug-18
92,S,Honey,0,14-Aug-18
135,N,Buckthorn,0,14-Aug-18
135,N,Rose,0,14-Aug-18
135,N,Privet,0,14-Aug-18
135,N,Honey,0,14-Aug-18
135,S,Buckthorn,1,14-Aug-18
135,S,Rose,0,14-Aug-18
135,S,Privet,0,14-Aug-18
135,S,Honey,0,14-Aug-18
109,N,Buckthorn,2,14-Aug-18
109,N,Rose,3,14-Aug-18
109,N,Privet,2,14-Aug-18
109,N,Honey,1,14-Aug-18
109,S,Buckthorn,1,14-Aug-18
109,S,Rose,4,14-Aug-18
109,S,Privet,0,14-Aug-18
109,S,Honey,1,14-Aug-18
117,N,Buckthorn,1,14-Aug-18
117,N,Rose,3,14-Aug-18
117,N,Privet,1,14-Aug-18
117,N,Honey,1,14-Aug-18
117,S,Buckthorn,1,14-Aug-18
117,S,Rose,2,14-Aug-18
117,S,Privet,1,14-Aug-18
117,S,Honey,1,14-Aug-18
133,N,Buckthorn,1,14-Aug-18
133,N,Rose,4,14-Aug-18
133,N,Privet,0,14-Aug-18
133,N,Honey,1,14-Aug-18
133,S,Buckthorn,0,14-Aug-18
133,S,Rose,3,14-Aug-18
133,S,Privet,0,14-Aug-18
133,S,Honey,1,14-Aug-18
105,N,Buckthorn,1,14-Aug-18
105,N,Rose,4,14-Aug-18
105,N,Privet,1,14-Aug-18
105,N,Honey,1,14-Aug-18
105,S,Buckthorn,1,14-Aug-18
105,S,Rose,5,14-Aug-18
105,S,Privet,0,14-Aug-18
105,S,Honey,1,14-Aug-18
107,N,Buckthorn,2,14-Aug-18
107,N,Rose,4,14-Aug-18
107,N,Privet,0,14-Aug-18
107,N,Honey,1,14-Aug-18
107,S,Buckthorn,1,14-Aug-18
107,S,Rose,3,14-Aug-18
107,S,Privet,0,14-Aug-18
107,S,Honey,1,14-Aug-18
106,N,Buckthorn,2,14-Aug-18
106,N,Rose,4,14-Aug-18
106,N,Privet,0,14-Aug-18
106,N,Honey,0,14-Aug-18
106,S,Buckthorn,2,14-Aug-18
106,S,Rose,5,14-Aug-18
106,S,Privet,0,14-Aug-18
106,S,Honey,2,14-Aug-18
102,N,Buckthorn,1,14-Aug-18
102,N,Rose,4,14-Aug-18
102,N,Privet,0,14-Aug-18
102,N,Honey,0,14-Aug-18
102,S,Buckthorn,1,14-Aug-18
102,S,Rose,3,14-Aug-18
102,S,Privet,0,14-Aug-18
102,S,Honey,2,14-Aug-18
143,N,Buckthorn,1,14-Aug-18
143,N,Rose,2,14-Aug-18
143,N,Privet,0,14-Aug-18
143,N,Honey,2,14-Aug-18
143,S,Buckthorn,1,14-Aug-18
143,S,Rose,3,14-Aug-18
143,S,Privet,0,14-Aug-18
143,S,Honey,0,14-Aug-18
122,N,Buckthorn,1,14-Aug-18
122,N,Rose,1,14-Aug-18
122,N,Privet,0,14-Aug-18
122,N,Honey,1,14-Aug-18
122,S,Buckthorn,1,14-Aug-18
122,S,Rose,0,14-Aug-18
122,S,Privet,1,14-Aug-18
122,S,Honey,0,14-Aug-18
165,N,Buckthorn,1,14-Aug-18
165,N,Rose,3,14-Aug-18
165,N,Privet,0,14-Aug-18
165,N,Honey,0,14-Aug-18
165,S,Buckthorn,1,14-Aug-18
165,S,Rose,4,14-Aug-18
165,S,Privet,1,14-Aug-18
165,S,Honey,1,14-Aug-18
103,N,Buckthorn,1,15-Aug-18
103,N,Rose,2,15-Aug-18
103,N,Privet,0,15-Aug-18
103,N,Honey,0,15-Aug-18
103,S,Buckthorn,1,15-Aug-18
103,S,Rose,2,15-Aug-18
103,S,Privet,0,15-Aug-18
103,S,Honey,0,15-Aug-18
112,N,Buckthorn,1,15-Aug-18
112,N,Rose,4,15-Aug-18
112,N,Privet,0,15-Aug-18
112,N,Honey,0,15-Aug-18
112,S,Buckthorn,1,15-Aug-18
112,S,Rose,3,15-Aug-18
112,S,Privet,0,15-Aug-18
112,S,Honey,1,15-Aug-18
142,N,Buckthorn,1,15-Aug-18
142,N,Rose,0,15-Aug-18
142,N,Privet,0,15-Aug-18
142,N,Honey,0,15-Aug-18
142,S,Buckthorn,1,15-Aug-18
142,S,Rose,0,15-Aug-18
142,S,Privet,0,15-Aug-18
142,S,Honey,0,15-Aug-18
125,N,Buckthorn,1,15-Aug-18
125,N,Rose,4,15-Aug-18
125,N,Privet,0,15-Aug-18
125,N,Honey,1,15-Aug-18
125,S,Buckthorn,1,15-Aug-18
125,S,Rose,2,15-Aug-18
125,S,Privet,0,15-Aug-18
125,S,Honey,1,15-Aug-18
44,N,Buckthorn,1,15-Aug-18
44,N,Rose,0,15-Aug-18
44,N,Privet,0,15-Aug-18
44,N,Honey,1,15-Aug-18
44,S,Buckthorn,0,15-Aug-18
44,S,Rose,1,15-Aug-18
44,S,Privet,0,15-Aug-18
44,S,Honey,0,15-Aug-18
54,N,Buckthorn,1,15-Aug-18
54,N,Rose,0,15-Aug-18
54,N,Privet,0,15-Aug-18
54,N,Honey,0,15-Aug-18
54,S,Buckthorn,0,15-Aug-18
54,S,Rose,1,15-Aug-18
54,S,Privet,0,15-Aug-18
54,S,Honey,0,15-Aug-18
151,N,Buckthorn,0,15-Aug-18
151,N,Rose,1,15-Aug-18
151,N,Privet,0,15-Aug-18
151,N,Honey,0,15-Aug-18
151,S,Buckthorn,0,15-Aug-18
151,S,Rose,1,15-Aug-18
151,S,Privet,0,15-Aug-18
151,S,Honey,0,15-Aug-18
40,N,Buckthorn,0,15-Aug-18
40,N,Rose,0,15-Aug-18
40,N,Privet,0,15-Aug-18
40,N,Honey,0,15-Aug-18
40,S,Buckthorn,1,15-Aug-18
40,S,Rose,1,15-Aug-18
40,S,Privet,0,15-Aug-18
40,S,Honey,0,15-Aug-18
46,N,Buckthorn,1,15-Aug-18
46,N,Rose,1,15-Aug-18
46,N,Privet,0,15-Aug-18
46,N,Honey,0,15-Aug-18
46,S,Buckthorn,2,15-Aug-18
46,S,Rose,0,15-Aug-18
46,S,Privet,0,15-Aug-18
46,S,Honey,0,15-Aug-18
53,N,Buckthorn,1,15-Aug-18
53,N,Rose,3,15-Aug-18
53,N,Privet,0,15-Aug-18
53,N,Honey,0,15-Aug-18
53,S,Buckthorn,1,15-Aug-18
53,S,Rose,3,15-Aug-18
53,S,Privet,0,15-Aug-18
53,S,Honey,0,15-Aug-18
52,N,Buckthorn,1,15-Aug-18
52,N,Rose,1,15-Aug-18
52,N,Privet,0,15-Aug-18
52,N,Honey,0,15-Aug-18
52,S,Buckthorn,1,15-Aug-18
52,S,Rose,3,15-Aug-18
52,S,Privet,0,15-Aug-18
52,S,Honey,0,15-Aug-18
149,N,Buckthorn,1,15-Aug-18
149,N,Rose,4,15-Aug-18
149,N,Privet,0,15-Aug-18
149,N,Honey,1,15-Aug-18
149,S,Buckthorn,1,15-Aug-18
149,S,Rose,4,15-Aug-18
149,S,Privet,0,15-Aug-18
149,S,Honey,0,15-Aug-18
930,N,Buckthorn,0,15-Aug-18
930,N,Rose,2,15-Aug-18
930,N,Privet,0,15-Aug-18
930,N,Honey,1,15-Aug-18
930,S,Buckthorn,1,15-Aug-18
930,S,Rose,2,15-Aug-18
930,S,Privet,0,15-Aug-18
930,S,Honey,1,15-Aug-18
63,N,Buckthorn,2,15-Aug-18
63,N,Rose,1,15-Aug-18
63,N,Privet,0,15-Aug-18
63,N,Honey,1,15-Aug-18
63,S,Buckthorn,2,15-Aug-18
63,S,Rose,1,15-Aug-18
63,S,Privet,0,15-Aug-18
63,S,Honey,0,15-Aug-18
64,N,Buckthorn,2,15-Aug-18
64,N,Rose,1,15-Aug-18
64,N,Privet,0,15-Aug-18
64,N,Honey,0,15-Aug-18
64,S,Buckthorn,1,15-Aug-18
64,S,Rose,1,15-Aug-18
64,S,Privet,0,15-Aug-18
64,S,Honey,0,15-Aug-18
70,N,Buckthorn,2,15-Aug-18
70,N,Rose,2,15-Aug-18
70,N,Privet,0,15-Aug-18
70,N,Honey,0,15-Aug-18
70,S,Buckthorn,2,15-Aug-18
70,S,Rose,1,15-Aug-18
70,S,Privet,0,15-Aug-18
70,S,Honey,0,15-Aug-18
146,N,Buckthorn,2,15-Aug-18
146,N,Rose,3,15-Aug-18
146,N,Privet,0,15-Aug-18
146,N,Honey,2,15-Aug-18
146,S,Buckthorn,1,15-Aug-18
146,S,Rose,4,15-Aug-18
146,S,Privet,0,15-Aug-18
146,S,Honey,2,15-Aug-18
152,N,Buckthorn,2,15-Aug-18
152,N,Rose,1,15-Aug-18
152,N,Privet,1,15-Aug-18
152,N,Honey,0,15-Aug-18
152,S,Buckthorn,1,15-Aug-18
152,S,Rose,1,15-Aug-18
152,S,Privet,0,15-Aug-18
152,S,Honey,0,15-Aug-18
69,N,Buckthorn,2,15-Aug-18
69,N,Rose,1,15-Aug-18
69,N,Privet,0,15-Aug-18
69,N,Honey,0,15-Aug-18
69,S,Buckthorn,1,15-Aug-18
69,S,Rose,1,15-Aug-18
69,S,Privet,0,15-Aug-18
69,S,Honey,0,15-Aug-18
59,N,Buckthorn,2,15-Aug-18
59,N,Rose,1,15-Aug-18
59,N,Privet,0,15-Aug-18
59,N,Honey,0,15-Aug-18
59,S,Buckthorn,2,15-Aug-18
59,S,Rose,0,15-Aug-18
59,S,Privet,0,15-Aug-18
59,S,Honey,1,15-Aug-18
57,N,Buckthorn,2,15-Aug-18
57,N,Rose,1,15-Aug-18
57,N,Privet,0,15-Aug-18
57,N,Honey,1,15-Aug-18
57,S,Buckthorn,1,15-Aug-18
57,S,Rose,3,15-Aug-18
57,S,Privet,0,15-Aug-18
57,S,Honey,1,15-Aug-18
62,N,Buckthorn,2,15-Aug-18
62,N,Rose,1,15-Aug-18
62,N,Privet,0,15-Aug-18
62,N,Honey,0,15-Aug-18
62,S,Buckthorn,1,15-Aug-18
62,S,Rose,3,15-Aug-18
62,S,Privet,0,15-Aug-18
62,S,Honey,0,15-Aug-18
43,N,Buckthorn,0,15-Aug-18
43,N,Rose,0,15-Aug-18
43,N,Privet,2,15-Aug-18
43,N,Honey,1,15-Aug-18
43,S,Buckthorn,0,15-Aug-18
43,S,Rose,0,15-Aug-18
43,S,Privet,0,15-Aug-18
43,S,Honey,0,15-Aug-18
37,N,Buckthorn,0,15-Aug-18
37,N,Rose,0,15-Aug-18
37,N,Privet,1,15-Aug-18
37,N,Honey,0,15-Aug-18
37,S,Buckthorn,1,15-Aug-18
37,S,Rose,0,15-Aug-18
37,S,Privet,0,15-Aug-18
37,S,Honey,2,15-Aug-18
36,N,Buckthorn,1,15-Aug-18
36,N,Rose,0,15-Aug-18
36,N,Privet,0,15-Aug-18
36,N,Honey,0,15-Aug-18
36,S,Buckthorn,1,15-Aug-18
36,S,Rose,1,15-Aug-18
36,S,Privet,0,15-Aug-18
36,S,Honey,0,15-Aug-18
38,N,Buckthorn,1,15-Aug-18
38,N,Rose,0,15-Aug-18
38,N,Privet,0,15-Aug-18
38,N,Honey,0,15-Aug-18
38,S,Buckthorn,0,15-Aug-18
38,S,Rose,1,15-Aug-18
38,S,Privet,0,15-Aug-18
38,S,Honey,0,15-Aug-18
39,N,Buckthorn,1,15-Aug-18
39,N,Rose,2,15-Aug-18
39,N,Privet,0,15-Aug-18
39,N,Honey,0,15-Aug-18
39,S,Buckthorn,0,15-Aug-18
39,S,Rose,1,15-Aug-18
39,S,Privet,0,15-Aug-18
39,S,Honey,0,15-Aug-18
58,N,Buckthorn,2,15-Aug-18
58,N,Rose,2,15-Aug-18
58,N,Privet,0,15-Aug-18
58,N,Honey,0,15-Aug-18
58,S,Buckthorn,3,15-Aug-18
58,S,Rose,1,15-Aug-18
58,S,Privet,1,15-Aug-18
58,S,Honey,0,15-Aug-18
60,N,Buckthorn,1,15-Aug-18
60,N,Rose,1,15-Aug-18
60,N,Privet,0,15-Aug-18
60,N,Honey,1,15-Aug-18
60,S,Buckthorn,2,15-Aug-18
60,S,Rose,1,15-Aug-18
60,S,Privet,0,15-Aug-18
60,S,Honey,1,15-Aug-18
65,N,Buckthorn,2,15-Aug-18
65,N,Rose,1,15-Aug-18
65,N,Privet,0,15-Aug-18
65,N,Honey,0,15-Aug-18
65,S,Buckthorn,2,15-Aug-18
65,S,Rose,0,15-Aug-18
65,S,Privet,0,15-Aug-18
65,S,Honey,0,15-Aug-18
61,N,Buckthorn,2,15-Aug-18
61,N,Rose,1,15-Aug-18
61,N,Privet,1,15-Aug-18
61,N,Honey,0,15-Aug-18
61,S,Buckthorn,2,15-Aug-18
61,S,Rose,3,15-Aug-18
61,S,Privet,0,15-Aug-18
61,S,Honey,0,15-Aug-18
67,N,Buckthorn,1,15-Aug-18
67,N,Rose,2,15-Aug-18
67,N,Privet,0,15-Aug-18
67,N,Honey,0,15-Aug-18
67,S,Buckthorn,1,15-Aug-18
67,S,Rose,3,15-Aug-18
67,S,Privet,0,15-Aug-18
67,S,Honey,0,15-Aug-18
66,N,Buckthorn,2,15-Aug-18
66,N,Rose,2,15-Aug-18
66,N,Privet,0,15-Aug-18
66,N,Honey,0,15-Aug-18
66,S,Buckthorn,2,15-Aug-18
66,S,Rose,1,15-Aug-18
66,S,Privet,0,15-Aug-18
66,S,Honey,1,15-Aug-18
68,N,Buckthorn,1,15-Aug-18
68,N,Rose,1,15-Aug-18
68,N,Privet,0,15-Aug-18
68,N,Honey,0,15-Aug-18
68,S,Buckthorn,1,15-Aug-18
68,S,Rose,0,15-Aug-18
68,S,Privet,0,15-Aug-18
68,S,Honey,0,15-Aug-18
77,N,Buckthorn,0,15-Aug-18
77,N,Rose,1,15-Aug-18
77,N,Privet,0,15-Aug-18
77,N,Honey,0,15-Aug-18
77,S,Buckthorn,1,15-Aug-18
77,S,Rose,1,15-Aug-18
77,S,Privet,0,15-Aug-18
77,S,Honey,0,15-Aug-18
72,N,Buckthorn,1,15-Aug-18
72,N,Rose,1,15-Aug-18
72,N,Privet,0,15-Aug-18
72,N,Honey,1,15-Aug-18
72,S,Buckthorn,1,15-Aug-18
72,S,Rose,1,15-Aug-18
72,S,Privet,0,15-Aug-18
72,S,Honey,1,15-Aug-18
75,N,Buckthorn,1,15-Aug-18
75,N,Rose,2,15-Aug-18
75,N,Privet,0,15-Aug-18
75,N,Honey,1,15-Aug-18
75,S,Buckthorn,1,15-Aug-18
75,S,Rose,2,15-Aug-18
75,S,Privet,0,15-Aug-18
75,S,Honey,1,15-Aug-18
22,N,Buckthorn,1,15-Aug-18
22,N,Rose,2,15-Aug-18
22,N,Privet,0,15-Aug-18
22,N,Honey,1,15-Aug-18
22,S,Buckthorn,1,15-Aug-18
22,S,Rose,2,15-Aug-18
22,S,Privet,0,15-Aug-18
22,S,Honey,0,15-Aug-18
26,N,Buckthorn,1,15-Aug-18
26,N,Rose,1,15-Aug-18
26,N,Privet,0,15-Aug-18
26,N,Honey,1,15-Aug-18
26,S,Buckthorn,1,15-Aug-18
26,S,Rose,1,15-Aug-18
26,S,Privet,0,15-Aug-18
26,S,Honey,0,15-Aug-18
31,N,Buckthorn,1,15-Aug-18
31,N,Rose,2,15-Aug-18
31,N,Privet,0,15-Aug-18
31,N,Honey,0,15-Aug-18
31,S,Buckthorn,1,15-Aug-18
31,S,Rose,2,15-Aug-18
31,S,Privet,0,15-Aug-18
31,S,Honey,0,15-Aug-18
24,N,Buckthorn,0,15-Aug-18
24,N,Rose,1,15-Aug-18
24,N,Privet,1,15-Aug-18
24,N,Honey,0,15-Aug-18
24,S,Buckthorn,0,15-Aug-18
24,S,Rose,1,15-Aug-18
24,S,Privet,0,15-Aug-18
24,S,Honey,0,15-Aug-18
49,N,Buckthorn,0,15-Aug-18
49,N,Rose,0,15-Aug-18
49,N,Privet,0,15-Aug-18
49,N,Honey,0,15-Aug-18
49,S,Buckthorn,0,15-Aug-18
49,S,Rose,1,15-Aug-18
49,S,Privet,0,15-Aug-18
49,S,Honey,0,15-Aug-18
48,N,Buckthorn,0,15-Aug-18
48,N,Rose,1,15-Aug-18
48,N,Privet,0,15-Aug-18
48,N,Honey,0,15-Aug-18
48,S,Buckthorn,1,15-Aug-18
48,S,Rose,1,15-Aug-18
48,S,Privet,0,15-Aug-18
48,S,Honey,0,15-Aug-18
47,N,Buckthorn,1,15-Aug-18
47,N,Rose,2,15-Aug-18
47,N,Privet,0,15-Aug-18
47,N,Honey,0,15-Aug-18
47,S,Buckthorn,1,15-Aug-18
47,S,Rose,2,15-Aug-18
47,S,Privet,0,15-Aug-18
47,S,Honey,0,15-Aug-18
28,N,Buckthorn,1,15-Aug-18
28,N,Rose,1,15-Aug-18
28,N,Privet,0,15-Aug-18
28,N,Honey,0,15-Aug-18
28,S,Buckthorn,1,15-Aug-18
28,S,Rose,1,15-Aug-18
28,S,Privet,0,15-Aug-18
28,S,Honey,0,15-Aug-18
51,N,Buckthorn,1,16-Aug-18
51,N,Rose,1,16-Aug-18
51,N,Privet,0,16-Aug-18
51,N,Honey,0,16-Aug-18
51,S,Buckthorn,1,16-Aug-18
51,S,Rose,1,16-Aug-18
51,S,Privet,0,16-Aug-18
51,S,Honey,1,16-Aug-18
34,N,Buckthorn,0,16-Aug-18
34,N,Rose,1,16-Aug-18
34,N,Privet,1,16-Aug-18
34,N,Honey,1,16-Aug-18
34,S,Buckthorn,1,16-Aug-18
34,S,Rose,2,16-Aug-18
34,S,Privet,0,16-Aug-18
34,S,Honey,0,16-Aug-18
45,N,Buckthorn,1,16-Aug-18
45,N,Rose,2,16-Aug-18
45,N,Privet,0,16-Aug-18
45,N,Honey,0,16-Aug-18
45,S,Buckthorn,1,16-Aug-18
45,S,Rose,2,16-Aug-18
45,S,Privet,0,16-Aug-18
45,S,Honey,0,16-Aug-18
42,N,Buckthorn,0,16-Aug-18
42,N,Rose,2,16-Aug-18
42,N,Privet,0,16-Aug-18
42,N,Honey,0,16-Aug-18
42,S,Buckthorn,1,16-Aug-18
42,S,Rose,2,16-Aug-18
42,S,Privet,0,16-Aug-18
42,S,Honey,0,16-Aug-18
41,N,Buckthorn,1,16-Aug-18
41,N,Rose,2,16-Aug-18
41,N,Privet,0,16-Aug-18
41,N,Honey,1,16-Aug-18
41,S,Buckthorn,1,16-Aug-18
41,S,Rose,2,16-Aug-18
41,S,Privet,0,16-Aug-18
41,S,Honey,1,16-Aug-18
32,N,Buckthorn,1,16-Aug-18
32,N,Rose,1,16-Aug-18
32,N,Privet,0,16-Aug-18
32,N,Honey,0,16-Aug-18
32,S,Buckthorn,2,16-Aug-18
32,S,Rose,1,16-Aug-18
32,S,Privet,0,16-Aug-18
32,S,Honey,0,16-Aug-18
29,N,Buckthorn,1,17-Aug-18
29,N,Rose,1,17-Aug-18
29,N,Privet,0,17-Aug-18
29,N,Honey,1,17-Aug-18
29,S,Buckthorn,1,17-Aug-18
29,S,Rose,2,17-Aug-18
29,S,Privet,0,17-Aug-18
29,S,Honey,0,17-Aug-18
33,N,Buckthorn,0,17-Aug-18
33,N,Rose,2,17-Aug-18
33,N,Privet,0,17-Aug-18
33,N,Honey,0,17-Aug-18
33,S,Buckthorn,0,17-Aug-18
33,S,Rose,1,17-Aug-18
33,S,Privet,0,17-Aug-18
33,S,Honey,0,17-Aug-18
30,N,Buckthorn,1,17-Aug-18
30,N,Rose,1,17-Aug-18
30,N,Privet,1,17-Aug-18
30,N,Honey,0,17-Aug-18
30,S,Buckthorn,0,17-Aug-18
30,S,Rose,2,17-Aug-18
30,S,Privet,0,17-Aug-18
30,S,Honey,0,17-Aug-18
1,N,Buckthorn,0,17-Aug-18
1,N,Rose,0,17-Aug-18
1,N,Privet,1,17-Aug-18
1,N,Honey,0,17-Aug-18
1,S,Buckthorn,1,17-Aug-18
1,S,Rose,1,17-Aug-18
1,S,Privet,0,17-Aug-18
1,S,Honey,0,17-Aug-18
23,N,Buckthorn,3,17-Aug-18
23,N,Rose,2,17-Aug-18
23,N,Privet,0,17-Aug-18
23,N,Honey,0,17-Aug-18
23,S,Buckthorn,2,17-Aug-18
23,S,Rose,3,17-Aug-18
23,S,Privet,0,17-Aug-18
23,S,Honey,0,17-Aug-18
166,N,Buckthorn,1,17-Aug-18
166,N,Rose,1,17-Aug-18
166,N,Privet,0,17-Aug-18
166,N,Honey,0,17-Aug-18
166,S,Buckthorn,1,17-Aug-18
166,S,Rose,5,17-Aug-18
166,S,Privet,0,17-Aug-18
166,S,Honey,0,17-Aug-18
11,N,Buckthorn,1,17-Aug-18
11,N,Rose,0,17-Aug-18
11,N,Privet,0,17-Aug-18
11,N,Honey,0,17-Aug-18
11,S,Buckthorn,1,17-Aug-18
11,S,Rose,0,17-Aug-18
11,S,Privet,0,17-Aug-18
11,S,Honey,0,17-Aug-18
2,N,Buckthorn,1,17-Aug-18
2,N,Rose,2,17-Aug-18
2,N,Privet,0,17-Aug-18
2,N,Honey,0,17-Aug-18
2,S,Buckthorn,1,17-Aug-18
2,S,Rose,1,17-Aug-18
2,S,Privet,0,17-Aug-18
2,S,Honey,0,17-Aug-18
17,N,Buckthorn,2,17-Aug-18
17,N,Rose,4,17-Aug-18
17,N,Privet,0,17-Aug-18
17,N,Honey,0,17-Aug-18
17,S,Buckthorn,1,17-Aug-18
17,S,Rose,3,17-Aug-18
17,S,Privet,0,17-Aug-18
17,S,Honey,0,17-Aug-18
12,N,Buckthorn,1,17-Aug-18
12,N,Rose,2,17-Aug-18
12,N,Privet,0,17-Aug-18
12,N,Honey,1,17-Aug-18
12,S,Buckthorn,1,17-Aug-18
12,S,Rose,1,17-Aug-18
12,S,Privet,1,17-Aug-18
12,S,Honey,0,17-Aug-18
3,N,Buckthorn,1,17-Aug-18
3,N,Rose,0,17-Aug-18
3,N,Privet,0,17-Aug-18
3,N,Honey,0,17-Aug-18
3,S,Buckthorn,1,17-Aug-18
3,S,Rose,1,17-Aug-18
3,S,Privet,0,17-Aug-18
3,S,Honey,0,17-Aug-18
21,N,Buckthorn,1,17-Aug-18
21,N,Rose,0,17-Aug-18
21,N,Privet,0,17-Aug-18
21,N,Honey,0,17-Aug-18
21,S,Buckthorn,1,17-Aug-18
21,S,Rose,1,17-Aug-18
21,S,Privet,0,17-Aug-18
21,S,Honey,0,17-Aug-18
16,N,Buckthorn,1,17-Aug-18
16,N,Rose,0,17-Aug-18
16,N,Privet,0,17-Aug-18
16,N,Honey,0,17-Aug-18
16,S,Buckthorn,1,17-Aug-18
16,S,Rose,0,17-Aug-18
16,S,Privet,0,17-Aug-18
16,S,Honey,0,17-Aug-18
167,N,Buckthorn,1,17-Aug-18
167,N,Rose,0,17-Aug-18
167,N,Privet,0,17-Aug-18
167,N,Honey,0,17-Aug-18
167,S,Buckthorn,0,17-Aug-18
167,S,Rose,0,17-Aug-18
167,S,Privet,0,17-Aug-18
167,S,Honey,0,17-Aug-18
10,N,Buckthorn,1,17-Aug-18
10,N,Rose,1,17-Aug-18
10,N,Privet,0,17-Aug-18
10,N,Honey,0,17-Aug-18
10,S,Buckthorn,1,17-Aug-18
10,S,Rose,0,17-Aug-18
10,S,Privet,0,17-Aug-18
10,S,Honey,0,17-Aug-18
6,N,Buckthorn,1,17-Aug-18
6,N,Rose,0,17-Aug-18
6,N,Privet,0,17-Aug-18
6,N,Honey,0,17-Aug-18
6,S,Buckthorn,1,17-Aug-18
6,S,Rose,1,17-Aug-18
6,S,Privet,0,17-Aug-18
6,S,Honey,0,17-Aug-18
20,N,Buckthorn,0,17-Aug-18
20,N,Rose,0,17-Aug-18
20,N,Privet,0,17-Aug-18
20,N,Honey,0,17-Aug-18
20,S,Buckthorn,1,17-Aug-18
20,S,Rose,0,17-Aug-18
20,S,Privet,0,17-Aug-18
20,S,Honey,0,17-Aug-18
18,N,Buckthorn,1,17-Aug-18
18,N,Rose,0,17-Aug-18
18,N,Privet,1,17-Aug-18
18,N,Honey,0,17-Aug-18
18,S,Buckthorn,0,17-Aug-18
18,S,Rose,0,17-Aug-18
18,S,Privet,1,17-Aug-18
18,S,Honey,1,17-Aug-18
268,N,Buckthorn,0,17-Aug-18
268,N,Rose,0,17-Aug-18
268,N,Privet,0,17-Aug-18
268,N,Honey,0,17-Aug-18
268,S,Buckthorn,0,17-Aug-18
268,S,Rose,0,17-Aug-18
268,S,Privet,0,17-Aug-18
268,S,Honey,0,17-Aug-18
262,N,Buckthorn,0,17-Aug-18
262,N,Rose,0,17-Aug-18
262,N,Privet,0,17-Aug-18
262,N,Honey,0,17-Aug-18
262,S,Buckthorn,0,17-Aug-18
262,S,Rose,0,17-Aug-18
262,S,Privet,0,17-Aug-18
262,S,Honey,0,17-Aug-18
344,N,Buckthorn,1,17-Aug-18
344,N,Rose,0,17-Aug-18
344,N,Privet,0,17-Aug-18
344,N,Honey,0,17-Aug-18
344,S,Buckthorn,1,17-Aug-18
344,S,Rose,0,17-Aug-18
344,S,Privet,0,17-Aug-18
344,S,Honey,0,17-Aug-18
181,N,Buckthorn,2,17-Aug-18
181,N,Rose,1,17-Aug-18
181,N,Privet,0,17-Aug-18
181,N,Honey,0,17-Aug-18
181,S,Buckthorn,2,17-Aug-18
181,S,Rose,2,17-Aug-18
181,S,Privet,0,17-Aug-18
181,S,Honey,0,17-Aug-18
182,N,Buckthorn,2,17-Aug-18
182,N,Rose,2,17-Aug-18
182,N,Privet,0,17-Aug-18
182,N,Honey,0,17-Aug-18
182,S,Buckthorn,2,17-Aug-18
182,S,Rose,1,17-Aug-18
182,S,Privet,0,17-Aug-18
182,S,Honey,1,17-Aug-18
377,N,Buckthorn,1,17-Aug-18
377,N,Rose,2,17-Aug-18
377,N,Privet,0,17-Aug-18
377,N,Honey,1,17-Aug-18
377,S,Buckthorn,1,17-Aug-18
377,S,Rose,3,17-Aug-18
377,S,Privet,1,17-Aug-18
377,S,Honey,0,17-Aug-18
302,N,Buckthorn,4,17-Aug-18
302,N,Rose,3,17-Aug-18
302,N,Privet,0,17-Aug-18
302,N,Honey,1,17-Aug-18
302,S,Buckthorn,3,17-Aug-18
302,S,Rose,3,17-Aug-18
302,S,Privet,0,17-Aug-18
302,S,Honey,2,17-Aug-18
301,N,Buckthorn,2,17-Aug-18
301,N,Rose,2,17-Aug-18
301,N,Privet,0,17-Aug-18
301,N,Honey,1,17-Aug-18
301,S,Buckthorn,3,17-Aug-18
301,S,Rose,2,17-Aug-18
301,S,Privet,0,17-Aug-18
301,S,Honey,0,17-Aug-18
303,N,Buckthorn,1,17-Aug-18
303,N,Rose,4,17-Aug-18
303,N,Privet,0,17-Aug-18
303,N,Honey,1,17-Aug-18
303,S,Buckthorn,1,17-Aug-18
303,S,Rose,5,17-Aug-18
303,S,Privet,0,17-Aug-18
303,S,Honey,1,17-Aug-18
127,N,Buckthorn,1,17-Aug-18
127,N,Rose,2,17-Aug-18
127,N,Privet,0,17-Aug-18
127,N,Honey,0,17-Aug-18
127,S,Buckthorn,1,17-Aug-18
127,S,Rose,2,17-Aug-18
127,S,Privet,0,17-Aug-18
127,S,Honey,0,17-Aug-18
130,N,Buckthorn,1,17-Aug-18
130,N,Rose,2,17-Aug-18
130,N,Privet,0,17-Aug-18
130,N,Honey,0,17-Aug-18
130,S,Buckthorn,1,17-Aug-18
130,S,Rose,2,17-Aug-18
130,S,Privet,0,17-Aug-18
130,S,Honey,0,17-Aug-18
129,N,Buckthorn,1,17-Aug-18
129,N,Rose,1,17-Aug-18
129,N,Privet,0,17-Aug-18
129,N,Honey,0,17-Aug-18
129,S,Buckthorn,0,17-Aug-18
129,S,Rose,3,17-Aug-18
129,S,Privet,2,17-Aug-18
129,S,Honey,0,17-Aug-18
138,N,Buckthorn,1,17-Aug-18
138,N,Rose,0,17-Aug-18
138,N,Privet,0,17-Aug-18
138,N,Honey,0,17-Aug-18
138,S,Buckthorn,1,17-Aug-18
138,S,Rose,0,17-Aug-18
138,S,Privet,0,17-Aug-18
138,S,Honey,1,17-Aug-18
132,N,Buckthorn,0,17-Aug-18
132,N,Rose,0,17-Aug-18
132,N,Privet,0,17-Aug-18
132,N,Honey,0,17-Aug-18
132,S,Buckthorn,1,17-Aug-18
132,S,Rose,0,17-Aug-18
132,S,Privet,0,17-Aug-18
132,S,Honey,0,17-Aug-18
386,N,Buckthorn,1,17-Aug-18
386,N,Rose,0,17-Aug-18
386,N,Privet,0,17-Aug-18
386,N,Honey,0,17-Aug-18
386,S,Buckthorn,1,17-Aug-18
386,S,Rose,0,17-Aug-18
386,S,Privet,0,17-Aug-18
386,S,Honey,0,17-Aug-18
263,N,Buckthorn,0,17-Aug-18
263,N,Rose,0,17-Aug-18
263,N,Privet,0,17-Aug-18
263,N,Honey,0,17-Aug-18
263,S,Buckthorn,0,17-Aug-18
263,S,Rose,0,17-Aug-18
263,S,Privet,0,17-Aug-18
263,S,Honey,0,17-Aug-18
397,N,Buckthorn,0,17-Aug-18
397,N,Rose,0,17-Aug-18
397,N,Privet,0,17-Aug-18
397,N,Honey,0,17-Aug-18
397,S,Buckthorn,0,17-Aug-18
397,S,Rose,0,17-Aug-18
397,S,Privet,0,17-Aug-18
397,S,Honey,0,17-Aug-18
388,N,Buckthorn,2,17-Aug-18
388,N,Rose,1,17-Aug-18
388,N,Privet,0,17-Aug-18
388,N,Honey,0,17-Aug-18
388,S,Buckthorn,1,17-Aug-18
388,S,Rose,1,17-Aug-18
388,S,Privet,1,17-Aug-18
388,S,Honey,0,17-Aug-18
194,N,Buckthorn,1,17-Aug-18
194,N,Rose,0,17-Aug-18
194,N,Privet,1,17-Aug-18
194,N,Honey,0,17-Aug-18
194,S,Buckthorn,1,17-Aug-18
194,S,Rose,1,17-Aug-18
194,S,Privet,1,17-Aug-18
194,S,Honey,0,17-Aug-18
193,N,Buckthorn,2,17-Aug-18
193,N,Rose,0,17-Aug-18
193,N,Privet,0,17-Aug-18
193,N,Honey,0,17-Aug-18
193,S,Buckthorn,1,17-Aug-18
193,S,Rose,1,17-Aug-18
193,S,Privet,0,17-Aug-18
193,S,Honey,1,17-Aug-18
172,N,Buckthorn,2,17-Aug-18
172,N,Rose,0,17-Aug-18
172,N,Privet,0,17-Aug-18
172,N,Honey,0,17-Aug-18
172,S,Buckthorn,2,17-Aug-18
172,S,Rose,0,17-Aug-18
172,S,Privet,0,17-Aug-18
172,S,Honey,0,17-Aug-18
178,N,Buckthorn,1,17-Aug-18
178,N,Rose,3,17-Aug-18
178,N,Privet,1,17-Aug-18
178,N,Honey,2,17-Aug-18
178,S,Buckthorn,1,17-Aug-18
178,S,Rose,2,17-Aug-18
178,S,Privet,1,17-Aug-18
178,S,Honey,3,17-Aug-18
929,N,Buckthorn,0,17-Aug-18
929,N,Rose,0,17-Aug-18
929,N,Privet,0,17-Aug-18
929,N,Honey,0,17-Aug-18
929,S,Buckthorn,0,17-Aug-18
929,S,Rose,0,17-Aug-18
929,S,Privet,0,17-Aug-18
929,S,Honey,0,17-Aug-18
8,N,Buckthorn,1,17-Aug-18
8,N,Rose,0,17-Aug-18
8,N,Privet,0,17-Aug-18
8,N,Honey,0,17-Aug-18
8,S,Buckthorn,1,17-Aug-18
8,S,Rose,0,17-Aug-18
8,S,Privet,0,17-Aug-18
8,S,Honey,0,17-Aug-18
9,N,Buckthorn,1,17-Aug-18
9,N,Rose,0,17-Aug-18
9,N,Privet,0,17-Aug-18
9,N,Honey,0,17-Aug-18
9,S,Buckthorn,1,17-Aug-18
9,S,Rose,0,17-Aug-18
9,S,Privet,0,17-Aug-18
9,S,Honey,0,17-Aug-18
176,N,Buckthorn,1,17-Aug-18
176,N,Rose,0,17-Aug-18
176,N,Privet,0,17-Aug-18
176,N,Honey,0,17-Aug-18
176,S,Buckthorn,1,17-Aug-18
176,S,Rose,0,17-Aug-18
176,S,Privet,0,17-Aug-18
176,S,Honey,0,17-Aug-18
174,N,Buckthorn,0,17-Aug-18
174,N,Rose,0,17-Aug-18
174,N,Privet,0,17-Aug-18
174,N,Honey,0,17-Aug-18
174,S,Buckthorn,0,17-Aug-18
174,S,Rose,0,17-Aug-18
174,S,Privet,0,17-Aug-18
174,S,Honey,0,17-Aug-18
173,N,Buckthorn,0,17-Aug-18
173,N,Rose,0,17-Aug-18
173,N,Privet,0,17-Aug-18
173,N,Honey,1,17-Aug-18
173,S,Buckthorn,0,17-Aug-18
173,S,Rose,0,17-Aug-18
173,S,Privet,1,17-Aug-18
173,S,Honey,0,17-Aug-18
15,N,Buckthorn,1,17-Aug-18
15,N,Rose,0,17-Aug-18
15,N,Privet,1,17-Aug-18
15,N,Honey,0,17-Aug-18
15,S,Buckthorn,1,17-Aug-18
15,S,Rose,0,17-Aug-18
15,S,Privet,0,17-Aug-18
15,S,Honey,0,17-Aug-18
969,N,Buckthorn,1,17-Aug-18
969,N,Rose,0,17-Aug-18
969,N,Privet,0,17-Aug-18
969,N,Honey,0,17-Aug-18
969,S,Buckthorn,0,17-Aug-18
969,S,Rose,0,17-Aug-18
969,S,Privet,0,17-Aug-18
969,S,Honey,0,17-Aug-18
378,N,Buckthorn,1,17-Aug-18
378,N,Rose,5,17-Aug-18
378,N,Privet,0,17-Aug-18
378,N,Honey,1,17-Aug-18
378,S,Buckthorn,1,17-Aug-18
378,S,Rose,5,17-Aug-18
378,S,Privet,0,17-Aug-18
378,S,Honey,0,17-Aug-18
981,N,Buckthorn,1,17-Aug-18
981,N,Rose,0,17-Aug-18
981,N,Privet,0,17-Aug-18
981,N,Honey,0,17-Aug-18
981,S,Buckthorn,1,17-Aug-18
981,S,Rose,1,17-Aug-18
981,S,Privet,0,17-Aug-18
981,S,Honey,1,17-Aug-18
137,N,Buckthorn,1,17-Aug-18
137,N,Rose,1,17-Aug-18
137,N,Privet,0,17-Aug-18
137,N,Honey,0,17-Aug-18
137,S,Buckthorn,0,17-Aug-18
137,S,Rose,1,17-Aug-18
137,S,Privet,0,17-Aug-18
137,S,Honey,0,17-Aug-18
134,N,Buckthorn,0,17-Aug-18
134,N,Rose,0,17-Aug-18
134,N,Privet,0,17-Aug-18
134,N,Honey,0,17-Aug-18
134,S,Buckthorn,0,17-Aug-18
134,S,Rose,0,17-Aug-18
134,S,Privet,0,17-Aug-18
134,S,Honey,0,17-Aug-18
136,N,Buckthorn,1,17-Aug-18
136,N,Rose,0,17-Aug-18
136,N,Privet,0,17-Aug-18
136,N,Honey,0,17-Aug-18
136,S,Buckthorn,0,17-Aug-18
136,S,Rose,0,17-Aug-18
136,S,Privet,0,17-Aug-18
136,S,Honey,0,17-Aug-18
140,N,Buckthorn,0,17-Aug-18
140,N,Rose,1,17-Aug-18
140,N,Privet,0,17-Aug-18
140,N,Honey,0,17-Aug-18
140,S,Buckthorn,0,17-Aug-18
140,S,Rose,0,17-Aug-18
140,S,Privet,0,17-Aug-18
140,S,Honey,0,17-Aug-18
202,N,Buckthorn,1,17-Aug-18
202,N,Rose,0,17-Aug-18
202,N,Privet,0,17-Aug-18
202,N,Honey,0,17-Aug-18
202,S,Buckthorn,0,17-Aug-18
202,S,Rose,0,17-Aug-18
202,S,Privet,0,17-Aug-18
202,S,Honey,0,17-Aug-18
201,N,Buckthorn,0,17-Aug-18
201,N,Rose,0,17-Aug-18
201,N,Privet,0,17-Aug-18
201,N,Honey,0,17-Aug-18
201,S,Buckthorn,0,17-Aug-18
201,S,Rose,0,17-Aug-18
201,S,Privet,0,17-Aug-18
201,S,Honey,0,17-Aug-18
128,N,Buckthorn,0,17-Aug-18
128,N,Rose,0,17-Aug-18
128,N,Privet,0,17-Aug-18
128,N,Honey,0,17-Aug-18
128,S,Buckthorn,1,17-Aug-18
128,S,Rose,1,17-Aug-18
128,S,Privet,0,17-Aug-18
128,S,Honey,0,17-Aug-18
